username,email,firstname,lastname,password
pblaschek0,pblaschek0@goo.gl,Portia,Blaschek,mzxsba93
ecarrel1,ecarrel1@engadget.com,Elsie,Carrel,zfpnre67
dduckers2,dduckers2@acquirethisname.com,Demetra,Duckers,jctvqq20
vcatterall3,vcatterall3@symantec.com,Vevay,Catterall,rfelhz48
lhullin4,lhullin4@toplist.cz,Lanette,Hullin,zjrehw03
hprestland5,hprestland5@stumbleupon.com,Hewe,Prestland,nbfgoy39
hmacveigh6,hmacveigh6@myspace.com,Homerus,Macveigh,cbcppi68
mlonglands7,mlonglands7@icio.us,Misti,Longlands,exnaca02
eivachyov8,eivachyov8@google.com.hk,Emory,Ivachyov,syoqqx62
badamik9,badamik9@yellowbook.com,Bord,Adamik,tidnsi85
vmusickaa,vmusickaa@php.net,Viv,Musicka,zzqayc32
owadelinb,owadelinb@earthlink.net,Obed,Wadelin,vwnlfr93
jrosensteinc,jrosensteinc@archive.org,Jerrome,Rosenstein,zliopk32
vcheaterd,vcheaterd@bbb.org,Vite,Cheater,knrjpb60
aizhakove,aizhakove@blogger.com,Angy,Izhakov,koylcs38
ucatonnetf,ucatonnetf@bluehost.com,Ursulina,Catonnet,akvojh25
bmccroftg,bmccroftg@comcast.net,Berkie,McCroft,dojicg25
jwhissellh,jwhissellh@house.gov,Jordan,Whissell,zlaglx39
cplacidei,cplacidei@hp.com,Charmian,Placide,yanvks23
mmoodiej,mmoodiej@privacy.gov.au,Muriel,Moodie,urnbsu72
wbolleyk,wbolleyk@indiatimes.com,Wilow,Bolley,kgyudn61
dteesl,dteesl@weibo.com,Dennis,Tees,ulmhqm53
vslaym,vslaym@alibaba.com,Valma,Slay,yrqwsd41
tternen,tternen@blog.com,Terra,Terne,tmahpy54
imouatto,imouatto@samsung.com,Inessa,Mouatt,lynmwc95
amilap,amilap@tinypic.com,Annadiane,Mila,upziar84
eklaesq,eklaesq@4shared.com,Ephrayim,Klaes,zeymbi84
adainer,adainer@etsy.com,Adrianna,Daine,snxadd21
mstanyons,mstanyons@1688.com,Myca,Stanyon,mnujia35
wmillent,wmillent@people.com.cn,Winifield,Millen,klqlpk32
dwaterfieldu,dwaterfieldu@exblog.jp,Danella,Waterfield,mwuivk19
tlabrov,tlabrov@imgur.com,Trent,Labro,oyplbc09
cpyattw,cpyattw@webs.com,Conrado,Pyatt,omkdfc75
abraggerx,abraggerx@1und1.de,Annetta,Bragger,iosagx58
wklimkey,wklimkey@soup.io,Willard,Klimke,aznmcq87
tbucklandz,tbucklandz@hubpages.com,Tabor,Buckland,xwkisx98
gstansell10,gstansell10@liveinternet.ru,Giralda,Stansell,kmoufi83
skeasley11,skeasley11@google.co.uk,Sissy,Keasley,shhtxn01
tdomenget12,tdomenget12@independent.co.uk,Tye,Domenget,tuvzxs85
mroscamps13,mroscamps13@whitehouse.gov,Marcellina,Roscamps,jqmbzd71
dyellowley14,dyellowley14@alibaba.com,Danyelle,Yellowley,wreqjg05
lmorphey15,lmorphey15@youku.com,Lou,Morphey,spopuh87
akearn16,akearn16@unblog.fr,Arielle,Kearn,qeicye70
ginchan17,ginchan17@smugmug.com,Giana,Inchan,pkotbu18
bbente18,bbente18@weebly.com,Barret,Bente,uehdnn64
ldeglanville19,ldeglanville19@mysql.com,Lizette,de Glanville,rcgelr77
mdayborne1a,mdayborne1a@unc.edu,Maurita,Dayborne,yzbjmh98
lsoldi1b,lsoldi1b@linkedin.com,Loretta,Soldi,dgdndv79
vdy1c,vdy1c@ihg.com,Von,Dy,nabdph94
ogoldstraw1d,ogoldstraw1d@baidu.com,Ogden,Goldstraw,gewzar68
arau1e,arau1e@apache.org,Alys,Rau,vvcnbo65
mleasor1f,mleasor1f@wix.com,Marcos,Leasor,bujkuf14
smcclory1g,smcclory1g@hud.gov,Skipton,McClory,qumkua37
ktrenam1h,ktrenam1h@imdb.com,Kippar,Trenam,cjcfvu00
azanuciolii1i,azanuciolii1i@sina.com.cn,Alikee,Zanuciolii,rmirgg46
tmeiklejohn1j,tmeiklejohn1j@mapquest.com,Tessi,Meiklejohn,topept08
dcastellaccio1k,dcastellaccio1k@indiegogo.com,Dagny,Castellaccio,iiowsj99
pdalliwater1l,pdalliwater1l@icio.us,Patti,Dalliwater,knuvph21
cbrazear1m,cbrazear1m@wordpress.org,Carolyne,Brazear,mzzoda97
bleversuch1n,bleversuch1n@craigslist.org,Bert,Leversuch,hmrckr15
mrichardon1o,mrichardon1o@census.gov,Marnia,Richardon,zakmtm06
ddignan1p,ddignan1p@furl.net,Dugald,Dignan,cnghqk85
scheney1q,scheney1q@hubpages.com,Sherlock,Cheney,dmwdyh23
thoutby1r,thoutby1r@washington.edu,Tanya,Houtby,nqsswc35
rwreight1s,rwreight1s@businessinsider.com,Rayna,Wreight,efhxjn58
cshoobridge1t,cshoobridge1t@sohu.com,Clementia,Shoobridge,fccifn66
ptibbetts1u,ptibbetts1u@cmu.edu,Paddie,Tibbetts,ljchxs48
speter1v,speter1v@hao123.com,Skippy,Peter,argbwy65
sdutnall1w,sdutnall1w@wisc.edu,Shepherd,Dutnall,gtityk69
rcorlett1x,rcorlett1x@mashable.com,Ragnar,Corlett,hhccjy34
tgolborn1y,tgolborn1y@ezinearticles.com,Tiebout,Golborn,mfypwx59
eaggott1z,eaggott1z@usatoday.com,Emmye,Aggott,hlhejz06
bphilbrook20,bphilbrook20@china.com.cn,Beck,Philbrook,oqlahn48
aleas21,aleas21@hao123.com,Agace,Leas,ddntgy15
rmackin22,rmackin22@blog.com,Roland,Mackin,vsdjcw41
mmccudden23,mmccudden23@house.gov,Maxie,McCudden,ccbcbt10
ewintringham24,ewintringham24@noaa.gov,Elvina,Wintringham,oxbcwc71
qdjurkovic25,qdjurkovic25@weebly.com,Quintilla,Djurkovic,wpcoxt34
bhadye26,bhadye26@desdev.cn,Beatriz,Hadye,whkvzr18
mswindle27,mswindle27@devhub.com,Malena,Swindle,miqiqy06
cetchell28,cetchell28@amazon.co.uk,Conroy,Etchell,epflxg40
lbalwin29,lbalwin29@tamu.edu,Latrena,Balwin,fwffac78
owaymont2a,owaymont2a@live.com,Oralee,Waymont,bouslx84
mpioch2b,mpioch2b@e-recht24.de,Murdock,Pioch,fmuicj36
mpolino2c,mpolino2c@cdbaby.com,Maura,Polino,xusfkp84
istubbe2d,istubbe2d@purevolume.com,Ivor,Stubbe,jjyuvs34
iabbotson2e,iabbotson2e@dyndns.org,Illa,Abbotson,aardsx81
lgiannoni2f,lgiannoni2f@prlog.org,Laraine,Giannoni,usfvxx00
pdubbin2g,pdubbin2g@answers.com,Prue,Dubbin,cdpzet85
fpurle2h,fpurle2h@github.com,Frederique,Purle,qzvqiy78
mmyring2i,mmyring2i@mayoclinic.com,Marla,Myring,gszqje77
egray2j,egray2j@umich.edu,Ellsworth,Gray,qlrmig78
pwhitcombe2k,pwhitcombe2k@wordpress.com,Paddy,Whitcombe,kiyjax41
ycromly2l,ycromly2l@ca.gov,Yance,Cromly,afcrpi45
amerrydew2m,amerrydew2m@chronoengine.com,Allegra,Merrydew,kbepzc99
keric2n,keric2n@nyu.edu,Karalee,Eric,skzrbl80
etalton2o,etalton2o@diigo.com,Ezechiel,Talton,btbdul75
mdrewclifton2p,mdrewclifton2p@qq.com,Merilee,Drew-Clifton,fxsfty59
hcustance2q,hcustance2q@pbs.org,Hestia,Custance,jaxrvd77
tocallaghan2r,tocallaghan2r@cbslocal.com,Tawnya,O'Callaghan,wrmjzy05
kstanyland2s,kstanyland2s@slideshare.net,Kory,Stanyland,nolsah74
caspinal2t,caspinal2t@discovery.com,Christiano,Aspinal,liwczr59
ascholler2u,ascholler2u@booking.com,Ardeen,Scholler,ueykxs23
bthorburn2v,bthorburn2v@mozilla.org,Bevon,Thorburn,idmmdw29
shought2w,shought2w@msu.edu,Sibelle,Hought,rnjpdx13
nwatsonbrown2x,nwatsonbrown2x@hatena.ne.jp,Nola,Watson-Brown,nacqrq63
dgilfoy2y,dgilfoy2y@hatena.ne.jp,Desmund,Gilfoy,vjrzph41
gbuddington2z,gbuddington2z@com.com,Gradeigh,Buddington,pzvzqz30
efaulder30,efaulder30@1688.com,Erie,Faulder,qwdpbn33
mripon31,mripon31@google.ca,Millisent,Ripon,qglina41
ycomar32,ycomar32@pinterest.com,Yale,Comar,xfbotn62
lmaypole33,lmaypole33@noaa.gov,Linda,Maypole,unnhcj18
eletherbury34,eletherbury34@harvard.edu,Elena,Letherbury,uhbibg12
rmaccolgan35,rmaccolgan35@harvard.edu,Rafe,MacColgan,mwcwgb71
fcreser36,fcreser36@engadget.com,Frants,Creser,rgqdkd76
mkornilov37,mkornilov37@ft.com,Mel,Kornilov,hrficx55
kpicheford38,kpicheford38@globo.com,Kellen,Picheford,zlhcys72
lgabbitas39,lgabbitas39@twitter.com,Leonelle,Gabbitas,unyqib54
doliphant3a,doliphant3a@buzzfeed.com,Dita,Oliphant,kktbig63
jplacstone3b,jplacstone3b@google.pl,Jocko,Placstone,vayysz92
lswetman3c,lswetman3c@livejournal.com,Libbi,Swetman,ocofma69
bzanneli3d,bzanneli3d@indiegogo.com,Bernelle,Zanneli,ykdkcg65
pbosher3e,pbosher3e@wired.com,Pammi,Bosher,elaaue36
abachs3f,abachs3f@mozilla.org,Alexandro,Bachs,rvroqh23
klottrington3g,klottrington3g@csmonitor.com,Katya,Lottrington,bkjems78
ghearnshaw3h,ghearnshaw3h@arizona.edu,Gideon,Hearnshaw,mfxfze75
saimer3i,saimer3i@canalblog.com,Sylvan,Aimer,dmihdk77
amcskin3j,amcskin3j@dailymail.co.uk,Aggy,McSkin,lqbxlt54
cpietron3k,cpietron3k@ovh.net,Christine,Pietron,thjkws33
fbandey3l,fbandey3l@oakley.com,Fidela,Bandey,ebxpst56
cpietz3m,cpietz3m@redcross.org,Curt,Pietz,bvzdqn24
gmoreing3n,gmoreing3n@ustream.tv,Garek,Moreing,ourxiv33
ecapon3o,ecapon3o@furl.net,Estell,Capon,zevbex45
dlyffe3p,dlyffe3p@google.nl,Darrin,Lyffe,ejyqhb73
gferroli3q,gferroli3q@alibaba.com,Gunther,Ferroli,crmcax85
dlawrinson3r,dlawrinson3r@hexun.com,Dur,Lawrinson,waphky25
pclarricoates3s,pclarricoates3s@bing.com,Paige,Clarricoates,tcticm03
lpowelee3t,lpowelee3t@google.es,Lyman,Powelee,xmkxlj42
ncostock3u,ncostock3u@sphinn.com,Newton,Costock,yausea53
aheinsh3v,aheinsh3v@geocities.jp,Adolph,Heinsh,gpoomn73
noates3w,noates3w@mit.edu,Nathalia,Oates,jooydf20
dcowmeadow3x,dcowmeadow3x@cocolog-nifty.com,Daven,Cowmeadow,kqoxtv45
shaime3y,shaime3y@stumbleupon.com,Sean,Haime,rxyswq35
kcapron3z,kcapron3z@mapy.cz,Kamilah,Capron,ehuxau42
cwhymark40,cwhymark40@cpanel.net,Cary,Whymark,hmgkht90
llydall41,llydall41@redcross.org,Leontyne,Lydall,sqpvmt56
dginnane42,dginnane42@soundcloud.com,Dudley,Ginnane,trnksj75
pstanhope43,pstanhope43@hugedomains.com,Pammie,Stanhope,nsnovu20
cwootton44,cwootton44@edublogs.org,Cleopatra,Wootton,wesuar09
pstockman45,pstockman45@deliciousdays.com,Pru,Stockman,yrkzpd28
mchampkins46,mchampkins46@jigsy.com,Megen,Champkins,ondydk58
fbarrick47,fbarrick47@sohu.com,Frieda,Barrick,pknskr30
abartolic48,abartolic48@uol.com.br,Aluino,Bartolic,rzpghx19
opresser49,opresser49@wordpress.org,Otis,Presser,pypqno00
hhabin4a,hhabin4a@bizjournals.com,Haily,Habin,uynshs40
reve4b,reve4b@jalbum.net,Russell,Eve,mvppiy69
kwerrett4c,kwerrett4c@barnesandnoble.com,Katrina,Werrett,mewccz38
rcopcutt4d,rcopcutt4d@furl.net,Roberto,Copcutt,kwhvfu46
gbarwis4e,gbarwis4e@reddit.com,Guillema,Barwis,onuduz32
wwilman4f,wwilman4f@economist.com,Worthy,Wilman,gvmhht03
mbehninck4g,mbehninck4g@cloudflare.com,Madeleine,Behninck,xdputs59
jradbourn4h,jradbourn4h@nsw.gov.au,Jarad,Radbourn,jchnfp82
arouch4i,arouch4i@nyu.edu,Alla,Rouch,jfeuvc62
ebatram4j,ebatram4j@storify.com,Edeline,Batram,sxjfuv81
cbasillon4k,cbasillon4k@hao123.com,Claus,Basillon,ifpouo27
skeer4l,skeer4l@mlb.com,Saunder,Keer,ecifxf94
cvittet4m,cvittet4m@cbslocal.com,Caprice,Vittet,zqfzvj76
strevaskus4n,strevaskus4n@salon.com,Stella,Trevaskus,mozqtp44
mmowson4o,mmowson4o@blogs.com,Margaret,Mowson,ojoezw42
jgoggin4p,jgoggin4p@unesco.org,Jere,Goggin,pzekfr93
avazquez4q,avazquez4q@cdc.gov,Arney,Vazquez,mklcab70
thrynczyk4r,thrynczyk4r@about.me,Torrence,Hrynczyk,krgjen66
gpietzker4s,gpietzker4s@storify.com,Gaspard,Pietzker,kdrttw57
ktrowsdall4t,ktrowsdall4t@youtube.com,Konstantin,Trowsdall,csgmax55
rabrahams4u,rabrahams4u@usa.gov,Rani,Abrahams,xatlba13
hhabden4v,hhabden4v@myspace.com,Harbert,Habden,sidbvb64
cjobbins4w,cjobbins4w@domainmarket.com,Cherish,Jobbins,nwpvsf49
msanbrook4x,msanbrook4x@tripod.com,Magdalene,Sanbrook,lbvpbw49
gdigance4y,gdigance4y@a8.net,Giusto,Digance,vtnjto24
lcosbey4z,lcosbey4z@webmd.com,Lyn,Cosbey,cbeiic56
lbruntje50,lbruntje50@desdev.cn,Lucas,Bruntje,tkherb66
cshorey51,cshorey51@telegraph.co.uk,Cullan,Shorey,fipfec73
jvinck52,jvinck52@sakura.ne.jp,John,Vinck,tehjzt28
jboxill53,jboxill53@jugem.jp,Jack,Boxill,ucrztc58
nkevane54,nkevane54@webs.com,Nahum,Kevane,ydhddz60
bluxen55,bluxen55@goo.gl,Bess,Luxen,chnjtm84
mmcgrady56,mmcgrady56@vk.com,Mayor,McGrady,ldddxi98
gtinson57,gtinson57@china.com.cn,Garv,Tinson,pcrzcg52
dlascelles58,dlascelles58@squarespace.com,Dannie,Lascelles,cwsipw13
cinsull59,cinsull59@networksolutions.com,Cordie,Insull,xkqbsq30
echrystie5a,echrystie5a@chronoengine.com,Eugen,Chrystie,wfzzcn33
jduiguid5b,jduiguid5b@cdc.gov,Jacki,Duiguid,jvflgb04
fbellew5c,fbellew5c@sitemeter.com,Fara,Bellew,vuxxzl14
hprandoni5d,hprandoni5d@xinhuanet.com,Heddi,Prandoni,aywifl87
btourot5e,btourot5e@google.co.jp,Brenna,Tourot,cvdwwp72
fgillani5f,fgillani5f@ibm.com,Frederick,Gillani,yqkemq56
rmiddlemist5g,rmiddlemist5g@pen.io,Ronald,Middlemist,hoeoeo08
mduro5h,mduro5h@java.com,Myca,Duro,zvnfmb84
mfernyhough5i,mfernyhough5i@abc.net.au,Mignonne,Fernyhough,pytayo99
rmarie5j,rmarie5j@flickr.com,Rafael,Marie,djanss94
aniece5k,aniece5k@mozilla.org,Andriana,Niece,dpitxv52
hbennetts5l,hbennetts5l@csmonitor.com,Henderson,Bennetts,shtmtj17
jdemkowicz5m,jdemkowicz5m@51.la,Jacintha,Demkowicz,cvpnjj71
semlyn5n,semlyn5n@cnet.com,Sallyanne,Emlyn,ynngob13
agreenrde5o,agreenrde5o@1688.com,Alanson,Greenrde,rolqel79
nlippitt5p,nlippitt5p@aol.com,Noelyn,Lippitt,ymznnk37
eyeardsley5q,eyeardsley5q@jimdo.com,Ely,Yeardsley,jcdozp46
tcotillard5r,tcotillard5r@cam.ac.uk,Torrie,Cotillard,jjwwiv23
eadshede5s,eadshede5s@ca.gov,Emiline,Adshede,jxodnv27
jchallice5t,jchallice5t@mozilla.org,Jelene,Challice,tdwqdx44
nstroton5u,nstroton5u@oaic.gov.au,Noelyn,Stroton,evvtxr12
mhardage5v,mhardage5v@independent.co.uk,Marten,Hardage,cmvgzr75
fdumbleton5w,fdumbleton5w@nba.com,Freemon,Dumbleton,dnimaf89
dreven5x,dreven5x@sogou.com,Derrik,Reven,jwbfue74
tgermain5y,tgermain5y@hostgator.com,Tiffie,Germain,znmkrk57
flightfoot5z,flightfoot5z@blogger.com,Fernando,Lightfoot,zixfuw33
dgowling60,dgowling60@bizjournals.com,Danie,Gowling,nfiyjk75
ebolino61,ebolino61@hc360.com,Elly,Bolino,lldiox32
hlittlecote62,hlittlecote62@disqus.com,Hermine,Littlecote,gllxap46
brobben63,brobben63@answers.com,Berte,Robben,jvtzws79
dsuero64,dsuero64@mtv.com,Drew,Suero,iffhet84
kmcgrotty65,kmcgrotty65@usda.gov,Keslie,McGrotty,ommxio89
raleso66,raleso66@gravatar.com,Rolfe,Aleso,hyifgk56
aphilipps67,aphilipps67@edublogs.org,Alvira,Philipps,hwuthn86
rbozworth68,rbozworth68@de.vu,Reggie,Bozworth,tyktze22
dcabrera69,dcabrera69@engadget.com,Darrin,Cabrera,mignxq27
edrinnan6a,edrinnan6a@drupal.org,Elsie,Drinnan,ltzvor29
bjanovsky6b,bjanovsky6b@icq.com,Bebe,Janovsky,ufvjsy94
kbernetti6c,kbernetti6c@qq.com,Kelsey,Bernetti,jomjus17
ispurgin6d,ispurgin6d@cdbaby.com,Ingra,Spurgin,xgmquo06
alindemann6e,alindemann6e@census.gov,Amye,Lindemann,yzdvkv33
gwoolacott6f,gwoolacott6f@java.com,Gaspar,Woolacott,thyonk84
nkilalea6g,nkilalea6g@purevolume.com,Nola,Kilalea,rtjkez74
ljasiak6h,ljasiak6h@mit.edu,Leonore,Jasiak,cnibtz87
bperks6i,bperks6i@omniture.com,Ban,Perks,xnbnxu83
lbethune6j,lbethune6j@mashable.com,Lay,Bethune,mjbeoy05
jbukac6k,jbukac6k@intel.com,Jere,Bukac,rvfoxm48
wkitchingman6l,wkitchingman6l@4shared.com,Wainwright,Kitchingman,fjejom89
igoucher6m,igoucher6m@abc.net.au,Isiahi,Goucher,qroeuq97
gsail6n,gsail6n@arizona.edu,Gianni,Sail,nwyquj17
efinnes6o,efinnes6o@reference.com,Ester,Finnes,poywjm36
cpeplow6p,cpeplow6p@123-reg.co.uk,Chandler,Peplow,yeqzgn40
ganeley6q,ganeley6q@bloglovin.com,Gregor,Aneley,wcidob82
emcguff6r,emcguff6r@clickbank.net,Elly,McGuff,nnjpau46
naddinall6s,naddinall6s@fc2.com,Nataniel,Addinall,kcnuqk72
blambird6t,blambird6t@rediff.com,Brinna,Lambird,xejrqm32
equilty6u,equilty6u@tiny.cc,Elana,Quilty,ebvuqb34
cbussens6v,cbussens6v@exblog.jp,Chas,Bussens,febaut15
fdandison6w,fdandison6w@bigcartel.com,Fredrika,Dandison,mhetnh12
agenever6x,agenever6x@imdb.com,Atlanta,Genever,ajvbru37
dculleton6y,dculleton6y@godaddy.com,Drona,Culleton,hxjrrw33
ahughill6z,ahughill6z@rediff.com,Asa,Hughill,gcfzyt05
esutch70,esutch70@moonfruit.com,Emmy,Sutch,nlewjm63
vkuhle71,vkuhle71@sciencedaily.com,Valeria,Kuhle,akwmhq25
gbromell72,gbromell72@qq.com,Godard,Bromell,jwcqam38
ataw73,ataw73@cam.ac.uk,Archibold,Taw,nonlra70
jhayworth74,jhayworth74@wisc.edu,Joseito,Hayworth,zipcme48
mglendining75,mglendining75@gov.uk,Morgen,Glendining,liuouv85
gkuhn76,gkuhn76@behance.net,Guenevere,Kuhn,ugsbyo36
mliles77,mliles77@chronoengine.com,Mathilde,Liles,tpwmbh97
lewence78,lewence78@guardian.co.uk,Laird,Ewence,toirav11
lconor79,lconor79@unicef.org,Leroy,Conor,aayhza86
jpeasegod7a,jpeasegod7a@skype.com,Jodi,Peasegod,wkzgsv64
mkarpf7b,mkarpf7b@mac.com,Mame,Karpf,honzqq27
hrablin7c,hrablin7c@ucoz.ru,Hilliard,Rablin,kdvwce01
jhorbath7d,jhorbath7d@discovery.com,Jeanna,Horbath,tjodhy79
jfontanet7e,jfontanet7e@sina.com.cn,Jamey,Fontanet,zgfkcm03
hstrangman7f,hstrangman7f@weibo.com,Hatty,Strangman,uhaxus16
nrivalland7g,nrivalland7g@miitbeian.gov.cn,Noreen,Rivalland,kdhpvs28
ketherton7h,ketherton7h@sun.com,Kala,Etherton,gifugf51
sgoodson7i,sgoodson7i@4shared.com,Stella,Goodson,wjcvya51
apolo7j,apolo7j@house.gov,Amery,Polo,zmjivf13
eladbrooke7k,eladbrooke7k@mozilla.com,Elmore,Ladbrooke,cschil86
padamec7l,padamec7l@craigslist.org,Pierre,Adamec,nohyjm60
cgallamore7m,cgallamore7m@posterous.com,Cos,Gallamore,yifxtp94
hseton7n,hseton7n@oracle.com,Hugo,Seton,zdkcgx88
lmallion7o,lmallion7o@usa.gov,Lelah,Mallion,jiqiql19
rscuffham7p,rscuffham7p@twitter.com,Reagan,Scuffham,vpqcrh61
jcremin7q,jcremin7q@elpais.com,Jacinta,Cremin,mivmbq55
mrickerd7r,mrickerd7r@facebook.com,Marion,Rickerd,sylqpd29
dsutworth7s,dsutworth7s@auda.org.au,Donelle,Sutworth,anenhu98
rbrickstock7t,rbrickstock7t@delicious.com,Robyn,Brickstock,vbzyfa22
ybamlett7u,ybamlett7u@tinypic.com,Yolanthe,Bamlett,dbpdse46
mcharley7v,mcharley7v@tinyurl.com,Man,Charley,eyjbao61
fpettwood7w,fpettwood7w@wikia.com,Frazer,Pettwood,ywxpta59
narnull7x,narnull7x@ucoz.com,Nadiya,Arnull,vkmcci70
eclementson7y,eclementson7y@about.com,Edvard,Clementson,heqgdd32
jrorke7z,jrorke7z@t.co,Jesse,Rorke,bskhoo96
marmatys80,marmatys80@cafepress.com,Micheal,Armatys,ueofut48
iathowe81,iathowe81@zdnet.com,Isa,Athowe,oxajfz73
masbury82,masbury82@wikia.com,Matty,Asbury,vnbkji77
ssturr83,ssturr83@boston.com,Sascha,Sturr,bqdcvc30
acastiblanco84,acastiblanco84@businessweek.com,Angelina,Castiblanco,sxnxsg71
ksvanetti85,ksvanetti85@businessweek.com,Kaleb,Svanetti,qxliwy47
mfealy86,mfealy86@sfgate.com,Maritsa,Fealy,wswcje48
khealey87,khealey87@cafepress.com,Karney,Healey,bpxvbv21
ailyinski88,ailyinski88@vk.com,Allix,Ilyinski,omvsyq91
dathey89,dathey89@1und1.de,Delinda,Athey,eeobeq09
barchibold8a,barchibold8a@un.org,Bryant,Archibold,wugqyj44
hscathard8b,hscathard8b@prweb.com,Hugibert,Scathard,cupfnn21
mdinneges8c,mdinneges8c@squidoo.com,Mabelle,Dinneges,iqllaz49
gratnege8d,gratnege8d@jugem.jp,Georgetta,Ratnege,shxegy89
nalpes8e,nalpes8e@washington.edu,Nelia,Alpes,cghtuh78
mkienl8f,mkienl8f@miitbeian.gov.cn,Margaret,Kienl,bpyxhg43
dkennaway8g,dkennaway8g@shareasale.com,Darell,Kennaway,czacmg63
mfrigot8h,mfrigot8h@amazon.co.jp,Marielle,Frigot,ajkdon41
ajossel8i,ajossel8i@rediff.com,Andros,Jossel,oytgoq52
ipetrasso8j,ipetrasso8j@google.ca,Irvine,Petrasso,zjjpbk82
hgouldeby8k,hgouldeby8k@blogtalkradio.com,Homere,Gouldeby,yamzfy94
aghirardi8l,aghirardi8l@sohu.com,Adria,Ghirardi,kjhvah63
tcarr8m,tcarr8m@comsenz.com,Thomasina,Carr,tlmead42
mlightning8n,mlightning8n@dmoz.org,Mohammed,Lightning,pumnbw65
fmacfarland8o,fmacfarland8o@uol.com.br,Flemming,MacFarland,uidekk34
beidelman8p,beidelman8p@earthlink.net,Brenda,Eidelman,scauui24
abovaird8q,abovaird8q@gnu.org,Adair,Bovaird,zetzky41
anicholls8r,anicholls8r@alibaba.com,Arden,Nicholls,gywzjf63
iwolfit8s,iwolfit8s@plala.or.jp,Iona,Wolfit,znpfme47
mevered8t,mevered8t@ycombinator.com,Minni,Evered,hsggyq64
mtorfin8u,mtorfin8u@storify.com,Milicent,Torfin,zlkuwx82
dcasel8v,dcasel8v@telegraph.co.uk,Darcy,Casel,ugsues26
bbaser8w,bbaser8w@mapy.cz,Beatriz,Baser,hetigt17
rbenardeau8x,rbenardeau8x@fastcompany.com,Raynell,Benardeau,cruqkt97
kcreek8y,kcreek8y@e-recht24.de,Korey,Creek,fmqzwg33
tlengthorn8z,tlengthorn8z@paypal.com,Thaddeus,Lengthorn,qpbtrt93
dhopfer90,dhopfer90@fema.gov,Danell,Hopfer,izakkr77
hdonald91,hdonald91@topsy.com,Humfrid,Donald,qrshdi10
jcorballis92,jcorballis92@biglobe.ne.jp,Jedidiah,Corballis,hypuwp75
otout93,otout93@baidu.com,Orbadiah,Tout,smigrw43
dponsford94,dponsford94@java.com,Daron,Ponsford,cravfw18
rcusack95,rcusack95@uiuc.edu,Reuven,Cusack,idhjnc77
ctackett96,ctackett96@sbwire.com,Carley,Tackett,ouazag16
jsantos97,jsantos97@bravesites.com,Joshua,Santos,xpcetf69
bvanderweedenburg98,bvanderweedenburg98@opera.com,Buiron,Van Der Weedenburg,rcarhd16
gcholerton99,gcholerton99@deviantart.com,Giorgio,Cholerton,xqjfyj28
ojackson9a,ojackson9a@bigcartel.com,Orville,Jackson,rmfnsz26
sbushel9b,sbushel9b@list-manage.com,Sophey,Bushel,fhbdyo10
pdooly9c,pdooly9c@blinklist.com,Prissie,Dooly,glfaji66
kandresen9d,kandresen9d@google.it,Kincaid,Andresen,qyhxzo52
kwordsley9e,kwordsley9e@shop-pro.jp,Karil,Wordsley,hwrmeo21
cmaclaverty9f,cmaclaverty9f@google.com,Christalle,MacLaverty,hgdwps11
aduchart9g,aduchart9g@soundcloud.com,Angelika,Duchart,jacrjd90
rharbottle9h,rharbottle9h@jugem.jp,Robert,Harbottle,vtqhzj02
gmccaster9i,gmccaster9i@fc2.com,Gerick,McCaster,uarwky80
jpanyer9j,jpanyer9j@ocn.ne.jp,Janot,Panyer,uqktev75
abenninck9k,abenninck9k@samsung.com,Anjanette,Benninck,pxwcdd41
hfolks9l,hfolks9l@reverbnation.com,Hakim,Folks,fkvcuy11
gdeverson9m,gdeverson9m@umich.edu,Giorgio,Deverson,yrmxeh84
krosenwald9n,krosenwald9n@engadget.com,Kaye,Rosenwald,euloqo83
amollon9o,amollon9o@chronoengine.com,Ancell,Mollon,yxntbu58
aetches9p,aetches9p@printfriendly.com,Alethea,Etches,whbtbz68
adaglish9q,adaglish9q@un.org,Ann-marie,Daglish,jgheia73
spracy9r,spracy9r@infoseek.co.jp,Sandra,Pracy,epcswn29
pkleynen9s,pkleynen9s@123-reg.co.uk,Packston,Kleynen,vybnlj09
wadamik9t,wadamik9t@hc360.com,Waldo,Adamik,zrvhqt42
jjackalin9u,jjackalin9u@nydailynews.com,Joycelin,Jackalin,ikegjz17
smeekin9v,smeekin9v@shutterfly.com,Sunshine,Meekin,hhzxob99
asnoddy9w,asnoddy9w@jigsy.com,Alis,Snoddy,xmljco87
dalchin9x,dalchin9x@etsy.com,Danny,Alchin,zonnwb62
tkinnear9y,tkinnear9y@squarespace.com,Tabbatha,Kinnear,yfhuxl34
ckiely9z,ckiely9z@cdc.gov,Cynthea,Kiely,dyorey50
maulda0,maulda0@usnews.com,Martin,Auld,fjuoxl55
ekirkwooda1,ekirkwooda1@deviantart.com,Eddi,Kirkwood,bihgos63
rmckuea2,rmckuea2@statcounter.com,Rosamond,McKue,woawdh32
fveazeya3,fveazeya3@tuttocitta.it,Faber,Veazey,kcqctc36
estammirsa4,estammirsa4@i2i.jp,Evelin,Stammirs,vhuaxp43
theckneya5,theckneya5@mail.ru,Theodoric,Heckney,pgtmup32
kcorama6,kcorama6@ow.ly,Kipp,Coram,emloem44
cearlesa7,cearlesa7@hud.gov,Carlye,Earles,cpguuq25
agawkrogea8,agawkrogea8@elpais.com,Aylmer,Gawkroge,srsgyf02
lkerfoota9,lkerfoota9@dagondesign.com,Lammond,Kerfoot,ukrnpl89
gpizzeyaa,gpizzeyaa@live.com,Goober,Pizzey,nmehto88
adionisoab,adionisoab@acquirethisname.com,Alta,Dioniso,omdvdr33
wavrahmac,wavrahmac@guardian.co.uk,Wald,Avrahm,jmhotp42
dbarmbyad,dbarmbyad@barnesandnoble.com,Demetre,Barmby,jmpunt77
ftoppasae,ftoppasae@meetup.com,Frederic,Toppas,zktabb47
poatsaf,poatsaf@intel.com,Padraic,Oats,mmuqip62
abristowag,abristowag@dedecms.com,Annis,Bristow,tumkcq55
sdowryah,sdowryah@trellian.com,Sim,Dowry,hxuwgg22
tmapisai,tmapisai@altervista.org,Tricia,Mapis,vlzckw34
mgeertjeaj,mgeertjeaj@people.com.cn,Morganne,Geertje,rulcfk75
flevingtonak,flevingtonak@latimes.com,Fulvia,Levington,sxagih58
tleacockal,tleacockal@scientificamerican.com,Tristam,Leacock,ezbqhg18
rlangloisam,rlangloisam@hibu.com,Ruby,L' Anglois,fjhnbw81
larnullan,larnullan@sourceforge.net,Leland,Arnull,wveuhf83
jbroderickao,jbroderickao@shop-pro.jp,Jennine,Broderick,qozwnb10
ebetkeap,ebetkeap@squidoo.com,Elianora,Betke,hdmivh29
tpridhamaq,tpridhamaq@ucla.edu,Torrence,Pridham,wcbsor59
rstuckfordar,rstuckfordar@sohu.com,Reinhold,Stuckford,juibvw69
dhoundsomas,dhoundsomas@economist.com,Delainey,Houndsom,nkzhor54
vmiddlemissat,vmiddlemissat@merriam-webster.com,Viviana,Middlemiss,sbeoeb81
fbifieldau,fbifieldau@webnode.com,Fabiano,Bifield,avtqls98
shallenav,shallenav@indiegogo.com,Shirl,Hallen,akqkkm47
gcreavinaw,gcreavinaw@baidu.com,Gibby,Creavin,wecnjj65
pattackax,pattackax@shop-pro.jp,Pennie,Attack,ztwfjt48
ceubankay,ceubankay@artisteer.com,Chandra,Eubank,wcdyym32
ctilfordaz,ctilfordaz@dot.gov,Camella,Tilford,jursgt69
rpaineb0,rpaineb0@vk.com,Rudiger,Paine,akaeva46
botteyb1,botteyb1@tmall.com,Barbey,Ottey,nsrcgg40
dcornerb2,dcornerb2@nymag.com,Devland,Corner,zxvsfm47
eibbittb3,eibbittb3@state.gov,Eachelle,Ibbitt,jixmfe32
mmeachanb4,mmeachanb4@cbslocal.com,Marja,Meachan,feirbd12
dlamasb5,dlamasb5@slate.com,Daisie,Lamas,wifvhz99
bpizeyb6,bpizeyb6@pen.io,Bryan,Pizey,erzpkj54
srobroseb7,srobroseb7@disqus.com,Selie,Robrose,zhylrg98
rrannaldb8,rrannaldb8@mashable.com,Ree,Rannald,xujnzd26
skneeb9,skneeb9@tumblr.com,Shantee,Knee,sbplzh34
lhawkswellba,lhawkswellba@4shared.com,Lorianne,Hawkswell,djvsuy81
glindebergbb,glindebergbb@multiply.com,Graehme,Lindeberg,deqqdy80
aaskewbc,aaskewbc@google.de,Artemus,Askew,izsyxf75
lcumobd,lcumobd@ustream.tv,Lyndsey,Cumo,bhjpnt48
jmortonbe,jmortonbe@rakuten.co.jp,Jonathan,Morton,zegjzp86
dbreachebf,dbreachebf@howstuffworks.com,Domeniga,Breache,imnpke37
dcuffbg,dcuffbg@ning.com,Devondra,Cuff,qysxjk23
jbergbh,jbergbh@biblegateway.com,Jacky,Berg,faqngk43
abanfillbi,abanfillbi@economist.com,Angie,Banfill,ejvhzb46
dkingscotebj,dkingscotebj@vinaora.com,Dorey,Kingscote,zexhlb76
ivassiebk,ivassiebk@sciencedirect.com,Ingrid,Vassie,okrqlp77
ehankinsbl,ehankinsbl@accuweather.com,Emalia,Hankins,giozgg40
gpropperbm,gpropperbm@disqus.com,Guglielmo,Propper,lylpbe99
ddollingbn,ddollingbn@lulu.com,Delcine,Dolling,fosglq58
ncottabo,ncottabo@go.com,Ned,Cotta,irefss64
vcharettebp,vcharettebp@opensource.org,Valery,Charette,buejvl73
mairthbq,mairthbq@ezinearticles.com,Minnie,Airth,aaqvec12
mstandrinbr,mstandrinbr@youku.com,Montague,Standrin,unbbsv08
eextallbs,eextallbs@elegantthemes.com,Eloisa,Extall,smsiwn43
rloxleybt,rloxleybt@webmd.com,Rakel,Loxley,zxrucb38
bschwaigerbu,bschwaigerbu@auda.org.au,Barron,Schwaiger,ucccxs93
jlooneybv,jlooneybv@digg.com,Janie,Looney,ufiypq30
bciccobw,bciccobw@soundcloud.com,Bartholomeo,Cicco,blmqfs14
jradleighbx,jradleighbx@t.co,Joshua,Radleigh,qbftcy01
vandragby,vandragby@nps.gov,Valaree,Andrag,bsepad23
gclausnerbz,gclausnerbz@geocities.com,Gerhardine,Clausner,oytloc77
adrinkalec0,adrinkalec0@bbc.co.uk,Alfie,Drinkale,hdohzl13
cwroughtc1,cwroughtc1@weibo.com,Carly,Wrought,ivwajo19
atesimonc2,atesimonc2@arstechnica.com,Amil,Tesimon,jffpcx77
vlindbergc3,vlindbergc3@imgur.com,Veradis,Lindberg,oscjxz05
lbehneckec4,lbehneckec4@apple.com,Lance,Behnecke,nvfflb07
emorrisc5,emorrisc5@dot.gov,Elnar,Morris,jzsylr99
mfritschelc6,mfritschelc6@ovh.net,Madelle,Fritschel,bxkqdm58
skilshallc7,skilshallc7@simplemachines.org,Sheri,Kilshall,kjmvqs60
mriordanc8,mriordanc8@cargocollective.com,Marisa,Riordan,sxlryy93
lbreckenridgec9,lbreckenridgec9@google.com.au,Lilas,Breckenridge,bscxtv31
gjekelca,gjekelca@pbs.org,Guglielmo,Jekel,vmptth03
wgepheartcb,wgepheartcb@tinypic.com,Willabella,Gepheart,picdbe85
alapleycc,alapleycc@kickstarter.com,Arte,Lapley,kifgxg12
iphillpottscd,iphillpottscd@springer.com,Ignace,Phillpotts,bevsqw66
iogeaneyce,iogeaneyce@archive.org,Idalina,O'Geaney,iwmxss46
keshcf,keshcf@ca.gov,Krystle,Esh,dqpbbu83
djefferscg,djefferscg@shop-pro.jp,Dido,Jeffers,lrgney49
splevinch,splevinch@blog.com,Sigismond,Plevin,xmmbzk21
pnelmci,pnelmci@sogou.com,Pavia,Nelm,swvlwg35
bdevincj,bdevincj@weather.com,Benton,Devin,hyuxkp38
jborneck,jborneck@narod.ru,Jaimie,Borne,mhscah48
srizzellicl,srizzellicl@elpais.com,Svend,Rizzelli,ijcaqh57
amatticcicm,amatticcicm@naver.com,Arly,MattiCCI,mrlqcm90
lvasyukovcn,lvasyukovcn@theatlantic.com,Lind,Vasyukov,vqjfqf12
sromeraco,sromeraco@google.co.uk,Sibelle,Romera,alfuxw55
ibolstridgecp,ibolstridgecp@theglobeandmail.com,Isabeau,Bolstridge,rdjclf50
ccrebbincq,ccrebbincq@latimes.com,Chrissy,Crebbin,vkeffa88
sosmintcr,sosmintcr@issuu.com,Shelagh,Osmint,atoxgx26
ifyshcs,ifyshcs@cmu.edu,Ianthe,Fysh,agxdqz38
sdengect,sdengect@opera.com,Sheff,Denge,mctqpf25
mmorotcu,mmorotcu@oakley.com,Maurizia,Morot,tdbvjo14
sglencroscv,sglencroscv@indiatimes.com,Susan,Glencros,dpuaqb32
hbutterfintcw,hbutterfintcw@theatlantic.com,Heindrick,Butterfint,mfqeny85
prussamcx,prussamcx@home.pl,Putnem,Russam,ymmsak37
lhowtopreservecy,lhowtopreservecy@ameblo.jp,Linc,How to preserve,hvwegx26
dfearecz,dfearecz@bbc.co.uk,Dorey,Feare,qlebjt11
tmckennand0,tmckennand0@discovery.com,Tammy,McKennan,suhaua30
dcosbyd1,dcosbyd1@abc.net.au,Delphine,Cosby,ldvtqv49
mbeedhamd2,mbeedhamd2@cbsnews.com,Mandi,Beedham,cobcli83
fbercerosd3,fbercerosd3@umich.edu,Florina,Berceros,qevqpi70
kdreyed4,kdreyed4@forbes.com,Karoline,Dreye,jzufed17
jfranktond5,jfranktond5@mozilla.com,Joaquin,Frankton,lzfafg52
dmacrowd6,dmacrowd6@jimdo.com,Dinnie,Macrow,zpjvwo02
rextanced7,rextanced7@gnu.org,Riccardo,Extance,teuubx81
agalerod8,agalerod8@icq.com,Alyda,Galero,vosvje04
fcalcraftd9,fcalcraftd9@alexa.com,Forbes,Calcraft,nwbdoq93
mterramda,mterramda@businesswire.com,Morrie,Terram,trttbg68
rsutheringtondb,rsutheringtondb@wikimedia.org,Ronnie,Sutherington,wdcvxz20
akunzdc,akunzdc@ow.ly,Arabella,Kunz,wvcbsk79
ggundd,ggundd@google.es,Guinevere,Gun,xtzgho13
jregnardde,jregnardde@whitehouse.gov,Juliana,Regnard,xysxnr48
noxburydf,noxburydf@tripadvisor.com,Nessie,Oxbury,cfzrhx53
fmainwaringdg,fmainwaringdg@deviantart.com,Falito,Mainwaring,hkdklt35
sbenniedh,sbenniedh@domainmarket.com,Sergent,Bennie,hmvsbx52
edungatedi,edungatedi@ehow.com,Eadmund,Dungate,kwuurj73
droggemandj,droggemandj@pinterest.com,Damara,Roggeman,pnejql98
csamsworthdk,csamsworthdk@clickbank.net,Constancia,Samsworth,tlolld60
alummisdl,alummisdl@addtoany.com,Austin,Lummis,uzimlq37
thewertsondm,thewertsondm@mediafire.com,Toby,Hewertson,ovqufp15
pmassereldn,pmassereldn@twitpic.com,Parsifal,Masserel,tkkele95
cyellowleedo,cyellowleedo@bbc.co.uk,Carr,Yellowlee,hbjfca98
jwaisondp,jwaisondp@sohu.com,Jehanna,Waison,mwlmvd63
ehillhousedq,ehillhousedq@biblegateway.com,Egan,Hillhouse,jlnodq12
clinfielddr,clinfielddr@typepad.com,Chrystal,Linfield,uejnou44
ggarmsds,ggarmsds@omniture.com,Gwenore,Garms,diergw62
atraheardt,atraheardt@multiply.com,Atlante,Trahear,xpgnhh00
cdebiaggidu,cdebiaggidu@npr.org,Caty,De Biaggi,hujqgo26
bblockleydv,bblockleydv@dell.com,Baillie,Blockley,zvicae92
tambroschdw,tambroschdw@chron.com,Thurston,Ambrosch,boarzk40
lkardosstowedx,lkardosstowedx@cam.ac.uk,Lorna,Kardos-Stowe,kadlbk85
dgaiterdy,dgaiterdy@tripod.com,Danita,Gaiter,dkrzit73
dgreguolidz,dgreguolidz@blog.com,Dianne,Greguoli,jacied53
cmiddiffe0,cmiddiffe0@addtoany.com,Cort,Middiff,nuqdsf88
bullyatte1,bullyatte1@godaddy.com,Barrett,Ullyatt,zsaolw65
kkleinbere2,kkleinbere2@fema.gov,Katharyn,Kleinber,xdeclc03
kpobjaye3,kpobjaye3@amazon.com,Kerr,Pobjay,yltmom51
bcarlille4,bcarlille4@go.com,Brock,Carlill,dgzpuo60
esutherane5,esutherane5@amazon.co.uk,Ellswerth,Sutheran,ykujbl71
gbaudoue6,gbaudoue6@tuttocitta.it,Gaby,Baudou,itgxdm15
rbatcheldore7,rbatcheldore7@jimdo.com,Rutger,Batcheldor,gwnowt42
cdaviddie8,cdaviddie8@godaddy.com,Cherry,Daviddi,vefekr46
epettye9,epettye9@yellowpages.com,Esme,Petty,kbmnpr79
bebunoluwaea,bebunoluwaea@umich.edu,Bran,Ebunoluwa,wiojoc36
cstansalleb,cstansalleb@goo.gl,Cody,Stansall,qxeruu72
alangthorneec,alangthorneec@xing.com,Andros,Langthorne,lspbqz04
lunioned,lunioned@google.ru,Lura,Union,qltnbb11
bemberyee,bemberyee@bluehost.com,Bamby,Embery,mmaljh96
bjacobef,bjacobef@google.co.uk,Brose,Jacob,vianua69
msuggateeg,msuggateeg@miibeian.gov.cn,Marilin,Suggate,uxcqbf74
hmongereh,hmongereh@mediafire.com,Harcourt,Monger,cdgpcf16
amacgarrityei,amacgarrityei@archive.org,Arlyn,MacGarrity,nphjyv90
bberreej,bberreej@bloglovin.com,Bertina,Berre,wufynm36
dberanekek,dberanekek@cpanel.net,Davis,Beranek,xgiabp43
lyoungerel,lyoungerel@mayoclinic.com,Laurie,Younger,mctlvc64
awalklettem,awalklettem@xing.com,Arnaldo,Walklett,bulzsr73
doneillen,doneillen@about.com,Dot,O'Neill,xxmipb22
racumeo,racumeo@xing.com,Regine,Acum,mxljsk85
naspitalep,naspitalep@tripod.com,Norrie,Aspital,zatkwl28
wdodingeq,wdodingeq@etsy.com,Wilbur,Doding,ufqcxm64
agomarer,agomarer@usa.gov,Adiana,Gomar,dvgrwp77
mgiorgionees,mgiorgionees@devhub.com,Margeaux,Giorgione,fgxvjo41
aokeshottet,aokeshottet@toplist.cz,Angela,Okeshott,plkdwu40
maveseu,maveseu@bbb.org,Manuel,Aves,ktgnka87
bjerromev,bjerromev@indiatimes.com,Barnabas,Jerrom,aqemcc59
fbarclayew,fbarclayew@tiny.cc,Fleming,Barclay,dddtax27
rcollex,rcollex@e-recht24.de,Ricard,Coll,fjegck06
ggavaghaney,ggavaghaney@drupal.org,Gerry,Gavaghan,qbzako99
drooseez,drooseez@paginegialle.it,Daryle,Roose,srhlwu64
mwhytockf0,mwhytockf0@google.com.hk,Maryrose,Whytock,nvmgrt54
lbeurichf1,lbeurichf1@umich.edu,Lucky,Beurich,jzsdkv96
olefrancf2,olefrancf2@constantcontact.com,Omar,Le Franc,dnqrex08
balchinf3,balchinf3@sina.com.cn,Berkeley,Alchin,pbzlcj72
ccristofvaof4,ccristofvaof4@list-manage.com,Colby,Cristofvao,ilkkxd36
wwealef5,wwealef5@intel.com,William,Weale,tyhwwx13
gblakelockf6,gblakelockf6@parallels.com,Gideon,Blakelock,fprgtr21
kklaassensf7,kklaassensf7@webmd.com,Kiah,Klaassens,zzliku21
cstychf8,cstychf8@over-blog.com,Cheryl,Stych,anvvfe29
cmacvicarf9,cmacvicarf9@dyndns.org,Cordelia,MacVicar,imwfwj85
kmushawefa,kmushawefa@imdb.com,Kellia,Mushawe,eknwsj00
npetrefb,npetrefb@home.pl,Nealy,Petre,mdplmf05
swavellfc,swavellfc@apache.org,Sherm,Wavell,uirjqg54
rdurofd,rdurofd@cnbc.com,Rafaellle,Duro,upqhjn35
hrosenbushfe,hrosenbushfe@hexun.com,Harriett,Rosenbush,hucknz68
nbartocciff,nbartocciff@cbslocal.com,Nathalie,Bartocci,uhmpgb64
ccolcloughfg,ccolcloughfg@ifeng.com,Charley,Colclough,kawpgd69
athorntondewhirstfh,athorntondewhirstfh@ftc.gov,Abbi,Thornton-Dewhirst,juowoa28
carlingfi,carlingfi@vistaprint.com,Catlee,Arling,iiehqk62
esouthgatefj,esouthgatefj@1und1.de,Edi,Southgate,lchigl36
cdesaurfk,cdesaurfk@ycombinator.com,Carlo,Desaur,fjdyam28
amorebyfl,amorebyfl@sogou.com,Alikee,Moreby,wdjelq15
rdeeringfm,rdeeringfm@goo.ne.jp,Roseanne,Deering,qokari32
smackelworthfn,smackelworthfn@sohu.com,Sherilyn,Mackelworth,osvwju88
bkarolczykfo,bkarolczykfo@soundcloud.com,Brandi,Karolczyk,jwqezl42
tolivellofp,tolivellofp@opera.com,Tania,Olivello,xjxffq49
tingyonfq,tingyonfq@yahoo.com,Trent,Ingyon,liidfh26
clucchifr,clucchifr@people.com.cn,Collette,Lucchi,cvkaau99
shillenfs,shillenfs@state.tx.us,Siffre,Hillen,knlevj11
dkrojnft,dkrojnft@jigsy.com,Deb,Krojn,vqdqea79
ltuffreyfu,ltuffreyfu@eventbrite.com,Lamond,Tuffrey,lccaqw25
wcossonsfv,wcossonsfv@upenn.edu,Welbie,Cossons,dcxyaj06
galesbrookfw,galesbrookfw@hp.com,Gerrie,Alesbrook,ergcmk52
cborefx,cborefx@techcrunch.com,Cari,Bore,mjbipp66
hbottlestonefy,hbottlestonefy@elegantthemes.com,Hugues,Bottlestone,fbhqio38
bloynesfz,bloynesfz@fema.gov,Buckie,Loynes,yzjeyx61
faizicg0,faizicg0@google.com.au,Flossi,Aizic,csunrz84
jbelwardg1,jbelwardg1@wikia.com,Janenna,Belward,ptchfe16
dgirardg2,dgirardg2@paginegialle.it,Derwin,Girard,tallxg43
hwilshing3,hwilshing3@squidoo.com,Harrison,Wilshin,josgly07
hpostlewhiteg4,hpostlewhiteg4@cmu.edu,Hannis,Postlewhite,ntrrjw15
hgiacominig5,hgiacominig5@hud.gov,Haley,Giacomini,zqense44
bvautreyg6,bvautreyg6@infoseek.co.jp,Breanne,Vautrey,ulgcuq48
nyorkg7,nyorkg7@ebay.com,Normie,York,temdak88
jkynastoneg8,jkynastoneg8@redcross.org,Jocko,Kynastone,paxfka31
vskynnerg9,vskynnerg9@shop-pro.jp,Vladamir,Skynner,zvoxmt50
cquartonga,cquartonga@discovery.com,Christoffer,Quarton,gxdckw05
aconcklingb,aconcklingb@vinaora.com,Adelind,Concklin,dpushl72
nahmadgc,nahmadgc@theguardian.com,Nancee,Ahmad,izeqrm22
ejerochgd,ejerochgd@reddit.com,Esra,Jeroch,hiwiug30
lmorandoge,lmorandoge@miibeian.gov.cn,Lorianne,Morando,cofczw00
sbritziusgf,sbritziusgf@xrea.com,Sutton,Britzius,bscfdr92
vdemitrisgg,vdemitrisgg@hexun.com,Veronica,De Mitris,dkpbvu89
igaitonegh,igaitonegh@washington.edu,Ivor,Gaitone,buxijt94
ncarollgi,ncarollgi@chicagotribune.com,Nettle,Caroll,gsdryq65
npavergj,npavergj@imdb.com,Norean,Paver,ljvgml64
vgarritleygk,vgarritleygk@ehow.com,Vikki,Garritley,ukyhjv47
abailsgl,abailsgl@cbslocal.com,Anthony,Bails,dnrylw47
bbatcheldorgm,bbatcheldorgm@guardian.co.uk,Bo,Batcheldor,bokvsc65
ebengtsengn,ebengtsengn@lycos.com,Ella,Bengtsen,nsownw04
mackeroydgo,mackeroydgo@bbb.org,Moore,Ackeroyd,uutdwg16
zhalltgp,zhalltgp@instagram.com,Zorina,Hallt,ktrnxh19
tgreatrexgq,tgreatrexgq@wikipedia.org,Thom,Greatrex,fnhqhf20
cfrontczakgr,cfrontczakgr@wisc.edu,Casey,Frontczak,txhjlj09
agabbygs,agabbygs@e-recht24.de,Alvan,Gabby,jshhht06
wmeadusgt,wmeadusgt@ycombinator.com,Wat,Meadus,ulxqno21
abromidgegu,abromidgegu@tiny.cc,Alleen,Bromidge,wysvft87
abohlingv,abohlingv@jigsy.com,Ardelia,Bohlin,sibrsy39
ahayseygw,ahayseygw@amazon.co.uk,Ange,Haysey,pqegoz90
sbowmakergx,sbowmakergx@friendfeed.com,Stevana,Bowmaker,ufvzud03
bkeergy,bkeergy@dmoz.org,Billie,Keer,oqnbfk67
jwimmsgz,jwimmsgz@ca.gov,Jodi,Wimms,nivrlb45
muddenh0,muddenh0@meetup.com,Mildred,Udden,sodlxx57
bklewerh1,bklewerh1@amazon.com,Bryn,Klewer,cpvitl65
jrizzelloh2,jrizzelloh2@un.org,Julia,Rizzello,xgmerg31
roglessaneh3,roglessaneh3@ifeng.com,Ralf,O'Glessane,cybxgr31
bjoinerh4,bjoinerh4@ucla.edu,Burk,Joiner,dlxiyf86
dbartelsellish5,dbartelsellish5@noaa.gov,Dorree,Bartels-Ellis,xlisvz89
vvanth6,vvanth6@plala.or.jp,Val,Vant,vrmknw40
asacaseh7,asacaseh7@4shared.com,Allegra,Sacase,djaoex19
arainardh8,arainardh8@uol.com.br,Anselma,Rainard,eppnwp81
cdivish9,cdivish9@un.org,Candide,Divis,jsusox49
mmackeigha,mmackeigha@wikipedia.org,Milo,MacKeig,gpjtmz05
jbraunsteinhb,jbraunsteinhb@slashdot.org,Jaymee,Braunstein,bfjxnq01
hhammanthc,hhammanthc@engadget.com,Harmony,Hammant,crudfu59
jcorringtonhd,jcorringtonhd@myspace.com,Jose,Corrington,zgfhkr05
htemprellhe,htemprellhe@independent.co.uk,Heindrick,Temprell,vyfvcq78
hgavehf,hgavehf@ibm.com,Hillel,Gave,wnesys59
rcredlandhg,rcredlandhg@cocolog-nifty.com,Regan,Credland,fndxnw83
tandriveauxhh,tandriveauxhh@abc.net.au,Teresa,Andriveaux,bpdrqe13
eshillitoehi,eshillitoehi@ed.gov,Erie,Shillitoe,kicqub54
dcampeyhj,dcampeyhj@goodreads.com,Dolorita,Campey,ztrvgn05
pkeoghanehk,pkeoghanehk@usatoday.com,Paquito,Keoghane,zmctmo48
mendersbyhl,mendersbyhl@businesswire.com,Masha,Endersby,orioar74
tmorrisonhm,tmorrisonhm@mtv.com,Tonnie,Morrison,jjrxey24
rshoubridgehn,rshoubridgehn@springer.com,Roze,Shoubridge,trwyxg75
vnearyho,vnearyho@indiatimes.com,Vic,Neary,aqnkng54
scrolehp,scrolehp@wp.com,Salvatore,Crole,augnjy20
otetfordhq,otetfordhq@instagram.com,Osbourn,Tetford,wngkng43
yswainstonhr,yswainstonhr@storify.com,Yalonda,Swainston,kymjfg20
aourryhs,aourryhs@statcounter.com,Audry,Ourry,eyuhjq52
mpuckrinht,mpuckrinht@infoseek.co.jp,Micky,Puckrin,ulscvm08
rdonisihu,rdonisihu@acquirethisname.com,Rolando,Donisi,oshnnc09
squartermainehv,squartermainehv@wikispaces.com,Sayres,Quartermaine,phlutm12
ehinkenshw,ehinkenshw@admin.ch,Elfie,Hinkens,acjnvt94
emozzettihx,emozzettihx@globo.com,Elfreda,Mozzetti,xtdkdh51
ncotherillhy,ncotherillhy@flickr.com,Neala,Cotherill,giozzz89
cbaddileyhz,cbaddileyhz@vimeo.com,Christalle,Baddiley,ftsfvy20
gfulli0,gfulli0@paypal.com,Granthem,Full,uiqpzw25
tmckendryi1,tmckendryi1@marketwatch.com,Theodor,McKendry,frjihm27
ejeani2,ejeani2@tamu.edu,Even,Jean,wjxprx84
jfearnyoughi3,jfearnyoughi3@bbc.co.uk,Jaime,Fearnyough,ytkvsz82
lhalladi4,lhalladi4@blinklist.com,Lyman,Hallad,rcwcas53
okybbyei5,okybbyei5@globo.com,Odella,Kybbye,oenexi03
lrevelandi6,lrevelandi6@1und1.de,Lian,Reveland,jqlicj71
ymarci7,ymarci7@creativecommons.org,Yul,Marc,tmzrlm32
npendlingtoni8,npendlingtoni8@gmpg.org,Nerissa,Pendlington,wkhbnm77
abengtsoni9,abengtsoni9@webs.com,Annabella,Bengtson,wyhiby81
cpiotrowskiia,cpiotrowskiia@ucoz.ru,Clotilda,Piotrowski,nwjtkl72
ldunthornib,ldunthornib@marriott.com,Liv,Dunthorn,gzaqta54
rroanic,rroanic@godaddy.com,Rockey,Roan,rtkhyt62
plimbid,plimbid@github.io,Parnell,Limb,yymtva33
jchevisie,jchevisie@zimbio.com,Jobey,Chevis,gjhuqa41
tsauntonif,tsauntonif@springer.com,Timofei,Saunton,ymsvwq79
dscudamoreig,dscudamoreig@reddit.com,Devinne,Scudamore,agsodt51
klicenceih,klicenceih@bbc.co.uk,Karissa,Licence,aecazm97
nbreslinii,nbreslinii@hp.com,Noble,Breslin,pbortq50
ameasomij,ameasomij@goodreads.com,Adela,Measom,tcjcvc91
dsommerledik,dsommerledik@gizmodo.com,Delano,Sommerled,qvlsyq83
smeekingil,smeekingil@java.com,Sibilla,Meeking,grecve40
aaberdeinim,aaberdeinim@who.int,Antonina,Aberdein,tnavhe94
bgallichanin,bgallichanin@gizmodo.com,Baillie,Gallichan,nljfej08
lsteagallio,lsteagallio@lycos.com,Lanie,Steagall,zqisgs61
swomackip,swomackip@comsenz.com,Sonnie,Womack,ibmhow43
mquayleiq,mquayleiq@wikimedia.org,Merrily,Quayle,achzyu73
nchallengerir,nchallengerir@yellowpages.com,Nelia,Challenger,fluifk16
msandiferis,msandiferis@usa.gov,Matthus,Sandifer,zjlqfp98
tcosynsit,tcosynsit@netscape.com,Tris,Cosyns,yirprs04
lrebertiu,lrebertiu@google.co.uk,Lucina,Rebert,tgzloe65
bvermaiv,bvermaiv@paypal.com,Babbie,Verma,zczbwj25
ebrockmaniw,ebrockmaniw@uol.com.br,Elinor,Brockman,snqped00
hiashviliix,hiashviliix@exblog.jp,Hertha,Iashvili,njhwbq61
omonteliy,omonteliy@yale.edu,Ody,Montel,mlwtau27
rhewiz,rhewiz@t-online.de,Ric,Hew,ubkvph88
fmagnerj0,fmagnerj0@goodreads.com,Fayette,Magner,ptektv38
glaunderj1,glaunderj1@bloglines.com,Garfield,Launder,bfnizf95
ekopsj2,ekopsj2@washington.edu,Emmalynne,Kops,prrvnb28
galoshechkinj3,galoshechkinj3@meetup.com,Gram,Aloshechkin,vgmdus21
rcleevej4,rcleevej4@zimbio.com,Ranna,Cleeve,vycpbu98
lbuglarj5,lbuglarj5@infoseek.co.jp,Leonhard,Buglar,bgvlwy39
ksoutterj6,ksoutterj6@myspace.com,Kimmi,Soutter,nsdrzb88
evlachj7,evlachj7@techcrunch.com,Evelin,Vlach,uqrtor34
asimantsj8,asimantsj8@dot.gov,Ariana,Simants,clzypf89
apettengellj9,apettengellj9@over-blog.com,Ashlin,Pettengell,dmjoth59
gdorranja,gdorranja@surveymonkey.com,Gelya,Dorran,tsaoad44
kbennettojb,kbennettojb@drupal.org,Kissie,Bennetto,csppmr62
iglavisjc,iglavisjc@businesswire.com,Isaac,Glavis,trmlrk31
bhennigerjd,bhennigerjd@cpanel.net,Bailey,Henniger,gxwcjs61
agoldsbyje,agoldsbyje@japanpost.jp,Algernon,Goldsby,pehidn90
rkershowjf,rkershowjf@storify.com,Rebecka,Kershow,uagpgq33
csalmonsjg,csalmonsjg@zdnet.com,Connie,Salmons,fifgek85
wflacknelljh,wflacknelljh@furl.net,Worden,Flacknell,tbqrwr53
djeacockeji,djeacockeji@archive.org,Doyle,Jeacocke,cqakwl68
wmacanellyejj,wmacanellyejj@fda.gov,Wat,MacAnellye,ahwiod64
dtamsettjk,dtamsettjk@networksolutions.com,Daisy,Tamsett,piobgv99
csugarjl,csugarjl@zdnet.com,Carmen,Sugar,wkrvtf24
psharrattjm,psharrattjm@cargocollective.com,Pall,Sharratt,ygpvva45
teatttokjn,teatttokjn@usda.gov,Thomasine,Eatttok,tyhnwd00
mdmitrichenkojo,mdmitrichenkojo@issuu.com,Maryjo,Dmitrichenko,squctt09
saylenjp,saylenjp@stanford.edu,Sharla,Aylen,iwhspe74
cphelipsjq,cphelipsjq@theglobeandmail.com,Clemence,Phelips,lswbtf51
tgeorgiusjr,tgeorgiusjr@tinypic.com,Tildie,Georgius,wnubui69
drichensjs,drichensjs@unicef.org,Darill,Richens,qgfhfu85
hhincejt,hhincejt@economist.com,Hyacinthia,Hince,qrcdtn68
dmactrusteyju,dmactrusteyju@sourceforge.net,Dru,MacTrustey,xggvds51
lgateleyjv,lgateleyjv@house.gov,Lelia,Gateley,oiusgy19
dsweetenhamjw,dsweetenhamjw@so-net.ne.jp,Decca,Sweetenham,kgqkyo18
xcamellijx,xcamellijx@acquirethisname.com,Xenos,Camelli,xznuqa63
atraffordjy,atraffordjy@mlb.com,Antin,Trafford,lapynv58
aocorrjz,aocorrjz@usgs.gov,Alix,O'Corr,gdphva42
ahedworthk0,ahedworthk0@pbs.org,Austen,Hedworth,vysewt97
csidnallk1,csidnallk1@tumblr.com,Chandal,Sidnall,wodesr65
eandrellik2,eandrellik2@chicagotribune.com,Elane,Andrelli,hltonw68
fjoshamk3,fjoshamk3@cbsnews.com,Frasquito,Josham,olposd74
tbrunkerk4,tbrunkerk4@princeton.edu,Tobias,Brunker,idwvbo35
pstoppardk5,pstoppardk5@seesaa.net,Padraic,Stoppard,zbpcrb19
hmoretk6,hmoretk6@hp.com,Hannah,Moret,tfacof53
iclowsleyk7,iclowsleyk7@google.com,Ian,Clowsley,raktyo72
ejanuarystk8,ejanuarystk8@apache.org,Eamon,January 1st,aokjxs76
dcresark9,dcresark9@netscape.com,Damiano,Cresar,djneqn17
sedgellerka,sedgellerka@weibo.com,Sayer,Edgeller,jmdjir43
cdukekb,cdukekb@constantcontact.com,Cameron,Duke,lezody78
jaldcornekc,jaldcornekc@tripod.com,Jeff,Aldcorne,hqxclw10
ntegginkd,ntegginkd@wix.com,Northrop,Teggin,qrkafx62
vsabaterke,vsabaterke@squidoo.com,Von,Sabater,xbyqyx57
cespinheirakf,cespinheirakf@oracle.com,Christoper,Espinheira,rskaub94
mklezmskikg,mklezmskikg@cmu.edu,Max,Klezmski,pwqpwg04
adudeniekh,adudeniekh@tumblr.com,Alleyn,Dudenie,ixnctk42
pstallworthki,pstallworthki@ebay.co.uk,Phylys,Stallworth,ysbuqh97
nsunshinekj,nsunshinekj@amazonaws.com,Neile,Sunshine,ytxeat74
bdonetkk,bdonetkk@cafepress.com,Benedetto,Donet,btmjht17
gjobekl,gjobekl@github.io,Gretal,Jobe,sakbnm75
ghogbenkm,ghogbenkm@admin.ch,Gordan,Hogben,zagwbb29
mspirkn,mspirkn@alibaba.com,Marybelle,Spir,rljvoh36
lsqueersko,lsqueersko@amazon.co.uk,Lock,Squeers,yhdldi82
cmorettokp,cmorettokp@discuz.net,Constantine,Moretto,udshkd38
ajeanetkq,ajeanetkq@taobao.com,Athene,Jeanet,xyqfnq30
kbjerkankr,kbjerkankr@economist.com,Karry,Bjerkan,xdxvic41
kschukertks,kschukertks@ning.com,Kassia,Schukert,gaalnc82
clougheidkt,clougheidkt@drupal.org,Corrianne,Lougheid,skogaq18
geadieku,geadieku@jugem.jp,Gene,Eadie,qigwre23
obrumfieldkv,obrumfieldkv@webnode.com,Olwen,Brumfield,jyfgei02
cbinnionkw,cbinnionkw@de.vu,Carla,Binnion,ygrnsa99
aweymouthkx,aweymouthkx@sun.com,Abra,Weymouth,rmvamj14
nhaythorneky,nhaythorneky@so-net.ne.jp,Natalina,Haythorne,isnyix45
cleadbetterkz,cleadbetterkz@disqus.com,Clarisse,Leadbetter,pcdpkk22
ngeharkel0,ngeharkel0@squarespace.com,Ninnetta,Geharke,lxvaxb86
ebunstonl1,ebunstonl1@gizmodo.com,Elmira,Bunston,iwaadk44
cchasemoorel2,cchasemoorel2@shareasale.com,Coreen,Chasemoore,ikaugp59
ajuddl3,ajuddl3@whitehouse.gov,Alice,Judd,tomdcf35
ayakubowiczl4,ayakubowiczl4@wordpress.com,Aharon,Yakubowicz,pvlvdq76
ssharerl5,ssharerl5@sphinn.com,Sibylla,Sharer,ayzdmv84
plandal6,plandal6@acquirethisname.com,Philippine,Landa,rxuejf81
aderilll7,aderilll7@latimes.com,Algernon,Derill,qjgkly34
pjennol8,pjennol8@boston.com,Phylis,Jenno,lxwuex21
scollifordl9,scollifordl9@hibu.com,Skyler,Colliford,qbdoev37
zbrightlingla,zbrightlingla@umn.edu,Zed,Brightling,uqrscf98
lbrainsbylb,lbrainsbylb@wordpress.org,Laverna,Brainsby,erteiy47
iodowdlc,iodowdlc@desdev.cn,Iorgo,O'Dowd,fxkzku12
xwindrumld,xwindrumld@aboutads.info,Xenos,Windrum,utexvu13
dmcelreale,dmcelreale@amazonaws.com,Dela,McElrea,pogfdj04
cmcclenanlf,cmcclenanlf@amazon.co.jp,Carolann,McClenan,ulqrmn99
ncrowchelg,ncrowchelg@paypal.com,Nissy,Crowche,cqdvcg01
dindgelh,dindgelh@squidoo.com,Danita,Indge,lcxdqw76
mgissingli,mgissingli@purevolume.com,Mitchell,Gissing,dvtexp95
mribchesterlj,mribchesterlj@privacy.gov.au,Mason,Ribchester,wbtrjc01
obaumelk,obaumelk@ezinearticles.com,Olia,Baume,suytmb76
mbarrowcliffll,mbarrowcliffll@multiply.com,Marissa,Barrowcliff,bzbwzv90
mervinelm,mervinelm@opera.com,Maryl,Ervine,bbcoub37
bparkhouseln,bparkhouseln@geocities.jp,Bo,Parkhouse,vltyic87
hhabardlo,hhabardlo@networkadvertising.org,Hector,Habard,mlxdvl91
ddrexellp,ddrexellp@nsw.gov.au,Daphne,Drexel,vxqksj35
hschiesterllq,hschiesterllq@go.com,Hayes,Schiesterl,itxqpm02
abenieshlr,abenieshlr@vkontakte.ru,Allyson,Beniesh,thgscv39
cruusals,cruusals@live.com,Clary,Ruusa,tqdimg73
gcarlsenlt,gcarlsenlt@mapy.cz,Ginger,Carlsen,mkpcsu90
spierrolu,spierrolu@cpanel.net,Sheba,Pierro,qnzcye12
dlazenburylv,dlazenburylv@usda.gov,Dore,Lazenbury,ppnqgw24
wbarochelw,wbarochelw@mtv.com,Waylin,Baroche,ykfkkk36
lollcottlx,lollcottlx@topsy.com,Lammond,Ollcott,ydaotq62
spassly,spassly@deviantart.com,Sadie,Pass,vwnsui02
anoarlz,anoarlz@naver.com,Aubrey,Noar,gkctth16
dhardsonm0,dhardsonm0@sbwire.com,Dannye,Hardson,oarzbs02
zvasilovm1,zvasilovm1@cornell.edu,Zaria,Vasilov,iymicq51
cgravenellm2,cgravenellm2@blinklist.com,Cybil,Gravenell,ufflgx08
jmerrienm3,jmerrienm3@hugedomains.com,Jefferey,Merrien,icqmsg69
cdenkelm4,cdenkelm4@netscape.com,Celie,Denkel,bltwef16
gshearmerm5,gshearmerm5@nasa.gov,Guinevere,Shearmer,yeechx75
gsaziom6,gsaziom6@sitemeter.com,Gill,Sazio,mkznst98
alasseym7,alasseym7@xing.com,Algernon,Lassey,ltlgsq42
llundiem8,llundiem8@newyorker.com,Lexi,Lundie,fgbpey01
bitzcovichm9,bitzcovichm9@disqus.com,Bonny,Itzcovich,uajnzr98
kdorrancema,kdorrancema@wix.com,Kacie,Dorrance,kaxqrg02
ncausiermb,ncausiermb@guardian.co.uk,Nehemiah,Causier,kvhxpo72
awardermc,awardermc@china.com.cn,Allyson,Warder,cnwtcx53
lgoodliffmd,lgoodliffmd@guardian.co.uk,Logan,Goodliff,lbmomx10
ncartmaelme,ncartmaelme@barnesandnoble.com,Norby,Cartmael,ahskwu10
hhellismf,hhellismf@instagram.com,Hinda,Hellis,tcykyz01
ofarendenmg,ofarendenmg@scribd.com,Othella,Farenden,ewyfaq88
pambrogettimh,pambrogettimh@discuz.net,Peter,Ambrogetti,wgjxda83
mboykettmi,mboykettmi@oracle.com,Marla,Boykett,cgrykf43
akasmanmj,akasmanmj@bravesites.com,Alyce,Kasman,fhmegu19
rknowlsonmk,rknowlsonmk@nba.com,Rollie,Knowlson,zhksmq39
ewattersml,ewattersml@csmonitor.com,Ellynn,Watters,mmvvzs64
cdulintymm,cdulintymm@ucoz.ru,Claudia,Dulinty,bkxorc40
cstonestreetmn,cstonestreetmn@imageshack.us,Cathleen,Stonestreet,kbftaw44
lcootemo,lcootemo@studiopress.com,Linnie,Coote,axdssf91
lmintoffmp,lmintoffmp@g.co,Lynne,Mintoff,pxnavt25
tcranshawmq,tcranshawmq@nature.com,Tim,Cranshaw,xhlkjv74
pmclavertymr,pmclavertymr@360.cn,Putnam,McLaverty,vnotdy59
amaymanms,amaymanms@wikimedia.org,Aryn,Mayman,behhwf54
bhardistrymt,bhardistrymt@unesco.org,Bryanty,Hardistry,zecqyv38
hculbardmu,hculbardmu@tripadvisor.com,Hermann,Culbard,bvkyjw82
csapautonmv,csapautonmv@japanpost.jp,Celesta,Sapauton,yzneaa09
dstanbramw,dstanbramw@ox.ac.uk,Durante,Stanbra,igruld49
jperfectmx,jperfectmx@feedburner.com,Jamey,Perfect,emazia73
dbluckmy,dbluckmy@amazon.com,Darbee,Bluck,bqyogs23
amalamoremz,amalamoremz@nifty.com,Adelaida,Malamore,cacbsr77
dguisbyn0,dguisbyn0@amazon.com,Dane,Guisby,bkszfh34
kbahlmannn1,kbahlmannn1@accuweather.com,Karole,Bahlmann,apgdjk24
gbasleyn2,gbasleyn2@un.org,Geneva,Basley,dnhtaj40
mmaffin3,mmaffin3@dell.com,Mag,Maffi,jxkfqh96
ejosiahn4,ejosiahn4@xing.com,Erina,Josiah,bfjnxj04
hheninghemn5,hheninghemn5@craigslist.org,Hillard,Heninghem,kicdgv73
whowroydn6,whowroydn6@privacy.gov.au,Wilhelmina,Howroyd,jmxxcx47
plivezleyn7,plivezleyn7@jugem.jp,Pierrette,Livezley,rnavys56
ldaughtonn8,ldaughtonn8@dion.ne.jp,Lennard,Daughton,mcftvm23
wlongn9,wlongn9@utexas.edu,Wanda,Long,dfdrzc98
jjacobsonna,jjacobsonna@mediafire.com,Jacquelynn,Jacobson,lpimvp16
mhavelinnb,mhavelinnb@sogou.com,Mikael,Havelin,yislym62
tjansemanc,tjansemanc@a8.net,Thor,Jansema,mozztc99
acobellond,acobellond@ebay.co.uk,Ariel,Cobello,ttkteh72
jgallagerne,jgallagerne@sciencedirect.com,Justus,Gallager,zvpbsa21
amonnerynf,amonnerynf@census.gov,Aidan,Monnery,xyvknd78
rjoistng,rjoistng@homestead.com,Rolando,Joist,kfrxjt36
emacareenh,emacareenh@gnu.org,Ernaline,MacAree,cupvje63
fblumireni,fblumireni@china.com.cn,Fitzgerald,Blumire,wfxsmv60
jwolfartnj,jwolfartnj@google.pl,Jacquenette,Wolfart,biwwzq16
jheineckenk,jheineckenk@nhs.uk,Jeremy,Heinecke,isayod75
jiacovolonl,jiacovolonl@springer.com,Josselyn,Iacovolo,vlslrb15
lwillcocksnm,lwillcocksnm@java.com,Lindy,Willcocks,wnnzjn49
bstquintinnn,bstquintinnn@godaddy.com,Barron,St. Quintin,ujzkkj93
upenninono,upenninono@wikia.com,Umberto,Pennino,spyecw35
ssleitnp,ssleitnp@yahoo.co.jp,Sib,Sleit,rhbzcc19
igenningsnq,igenningsnq@macromedia.com,Ivor,Gennings,zfbhzo77
mvandendaelnr,mvandendaelnr@yandex.ru,Marj,Van den Dael,zidtrv25
eyarwoodns,eyarwoodns@bluehost.com,Etty,Yarwood,ovatub96
clervennt,clervennt@wikispaces.com,Carie,Lerven,chgndi71
lewensnu,lewensnu@myspace.com,Lottie,Ewens,hufefu20
gsabatesnv,gsabatesnv@rambler.ru,Gage,Sabates,donnae17
kricenw,kricenw@github.com,Kipp,Rice,ixsslc90
vbaldoninx,vbaldoninx@theglobeandmail.com,Viole,Baldoni,apnzhh31
dprandiny,dprandiny@123-reg.co.uk,Donia,Prandi,sioyid93
bfranciottoinz,bfranciottoinz@sphinn.com,Bianka,Franciottoi,hdudcr40
tdormano0,tdormano0@issuu.com,Tadio,Dorman,xtcvxn16
mmackayo1,mmackayo1@harvard.edu,Martin,MacKay,aajdao71
mpautardo2,mpautardo2@tripadvisor.com,Modesty,Pautard,uohcnt50
malcocko3,malcocko3@virginia.edu,Mikkel,Alcock,udwkhj94
ccirloso4,ccirloso4@tumblr.com,Carena,Cirlos,ixtvxe77
breffeo5,breffeo5@princeton.edu,Barb,Reffe,mozzoo44
mbartheleto6,mbartheleto6@boston.com,Millicent,Barthelet,xrbcqw79
tagirreo7,tagirreo7@oakley.com,Tarah,Agirre,ddyscv54
tgirardyo8,tgirardyo8@instagram.com,Terrye,Girardy,hncfdr29
jkennerknechto9,jkennerknechto9@parallels.com,Jannelle,Kennerknecht,hjgvac05
dstallworthyoa,dstallworthyoa@ocn.ne.jp,Drucy,Stallworthy,whtpno29
cbraxtonob,cbraxtonob@ucoz.ru,Cherilyn,Braxton,bnpcdi91
gmeachenoc,gmeachenoc@miibeian.gov.cn,Goldi,Meachen,nluohi19
dpedrolod,dpedrolod@infoseek.co.jp,Denna,Pedrol,pcgswj34
jfettersoe,jfettersoe@seattletimes.com,Jeannie,Fetters,prjibg98
ckeslakeof,ckeslakeof@hud.gov,Caryn,Keslake,cdlewi72
jnunnerleyog,jnunnerleyog@biglobe.ne.jp,Jo,Nunnerley,exkwux20
tharnottoh,tharnottoh@360.cn,Terrill,Harnott,qnecfd78
bdailyoi,bdailyoi@slashdot.org,Bernadine,Daily,ukxemh35
rhamsharoj,rhamsharoj@edublogs.org,Rebekkah,Hamshar,qsooem91
dkneelandok,dkneelandok@sfgate.com,Dilly,Kneeland,wsqkys36
mgratrexol,mgratrexol@java.com,Myrtice,Gratrex,fcuvvh22
cberthodom,cberthodom@netlog.com,Caryn,Berthod,rlkeqx34
itroakon,itroakon@tamu.edu,Idalina,Troak,kuxges73
pcorstanoo,pcorstanoo@newyorker.com,Padraic,Corstan,lnhvza36
rshoubridgeop,rshoubridgeop@clickbank.net,Rinaldo,Shoubridge,jkznjt67
ngommeoq,ngommeoq@amazon.com,Nathanil,Gomme,lenzxr70
thobleor,thobleor@telegraph.co.uk,Timi,Hoble,xjbufw56
dnarramoros,dnarramoros@disqus.com,Dana,Narramor,ehzgbm36
amatherot,amatherot@freewebs.com,Atlante,Mather,vrrvro93
otalkingtonou,otalkingtonou@imgur.com,Orion,Talkington,ntptkn51
ispavonov,ispavonov@163.com,Ivor,Spavon,xswbdo61
edearleow,edearleow@vistaprint.com,Estel,Dearle,bwnqig12
jwhightmanox,jwhightmanox@trellian.com,Jorgan,Whightman,mlnost86
apeiseroy,apeiseroy@omniture.com,Atlanta,Peiser,rtoecg77
gspuroz,gspuroz@nature.com,Georgeta,Spur,dtgoef82
dgreystockp0,dgreystockp0@shop-pro.jp,Delia,Greystock,nikmql03
ajennickp1,ajennickp1@chron.com,Andreas,Jennick,hqlavg22
deberleinp2,deberleinp2@tuttocitta.it,Dorice,Eberlein,diilyg77
rbonseyp3,rbonseyp3@cloudflare.com,Roch,Bonsey,ythfge52
dlabbezp4,dlabbezp4@hugedomains.com,Dallas,Labbez,kvoixc26
rhowardgaterp5,rhowardgaterp5@cocolog-nifty.com,Roshelle,Howard - Gater,rztyfr12
tnorcliffp6,tnorcliffp6@domainmarket.com,Thaddus,Norcliff,thvkwg87
bhansillp7,bhansillp7@eepurl.com,Bryon,Hansill,lqfnov87
lrottgerp8,lrottgerp8@chron.com,Lynnett,Rottger,lwrqxq75
adartnellp9,adartnellp9@google.de,Asia,Dartnell,znfmfy03
atabourinpa,atabourinpa@go.com,Andrew,Tabourin,agilka96
sgallagerpb,sgallagerpb@pagesperso-orange.fr,Sawyere,Gallager,xgmjmo58
llebarrepc,llebarrepc@artisteer.com,Latrena,Le Barre,gmzfqa78
kcoulsenpd,kcoulsenpd@cloudflare.com,Kaleena,Coulsen,oqdvzd50
ajestecope,ajestecope@whitehouse.gov,Amalea,Jesteco,itkdjf63
gellesworthpf,gellesworthpf@barnesandnoble.com,Gregorius,Ellesworth,pwzkrn38
cmelledypg,cmelledypg@surveymonkey.com,Cammie,Melledy,akvwxj38
slesleyph,slesleyph@rambler.ru,Salli,Lesley,wqpljb78
acamseypi,acamseypi@posterous.com,Althea,Camsey,uhkhlw85
tfurneauxpj,tfurneauxpj@mit.edu,Thorndike,Furneaux,cwrokw69
dgossartpk,dgossartpk@washingtonpost.com,Dorelle,Gossart,rjcmlo37
hglassborowpl,hglassborowpl@ibm.com,Hannis,Glassborow,vczrkq03
ciglesiapm,ciglesiapm@imdb.com,Codie,Iglesia,rxtenx05
gbellinipn,gbellinipn@stanford.edu,Garrett,Bellini,lnmgpg52
haartsenpo,haartsenpo@yellowbook.com,Harald,Aartsen,mnaiks05
hrubinshteinpp,hrubinshteinpp@berkeley.edu,Hazlett,Rubinshtein,ggvucn55
fcochetpq,fcochetpq@csmonitor.com,Flori,Cochet,ifdlny21
mmaccallisterpr,mmaccallisterpr@arizona.edu,Mimi,MacCallister,fenvpv35
lhubbucksps,lhubbucksps@google.com.br,Lauretta,Hubbucks,jcnlwh93
lstruijspt,lstruijspt@jalbum.net,Lancelot,Struijs,pfzmlb32
gridwoodpu,gridwoodpu@dmoz.org,Gabriel,Ridwood,ffqxmh64
polivazzipv,polivazzipv@google.co.uk,Penn,Olivazzi,rawjby23
mcruwyspw,mcruwyspw@ucsd.edu,Minor,Cruwys,dzyqyw41
jfillonpx,jfillonpx@apple.com,Jobye,Fillon,pvzmjf94
hfearnallpy,hfearnallpy@amazonaws.com,Harwilll,Fearnall,pdeiog51
olanghornpz,olanghornpz@example.com,Ogdon,Langhorn,kerxtp04
lashelfordq0,lashelfordq0@seattletimes.com,Lilly,Ashelford,edebhn01
iwheelanq1,iwheelanq1@phoca.cz,Iggy,Wheelan,qfkukx93
jcalbratheq2,jcalbratheq2@admin.ch,Johannah,Calbrathe,ddvvvs18
gmasselinq3,gmasselinq3@xinhuanet.com,Gwyneth,Masselin,rhogub93
pmcbayq4,pmcbayq4@utexas.edu,Park,McBay,ylijwy97
dbroaderq5,dbroaderq5@biblegateway.com,Daniella,Broader,ifeoum61
origgollq6,origgollq6@google.com,Ogdan,Riggoll,wnqxhd64
llipscombq7,llipscombq7@kickstarter.com,Lucina,Lipscomb,fplour47
ctreatq8,ctreatq8@ucsd.edu,Chrissie,Treat,obxcti17
ecourtenayq9,ecourtenayq9@cnet.com,Eilis,Courtenay,vrdkbf00
msommervilleqa,msommervilleqa@issuu.com,Mack,Sommerville,nmdtzg22
utrenowethqb,utrenowethqb@artisteer.com,Umberto,Trenoweth,nuaexj83
gsymperqc,gsymperqc@google.com.au,George,Symper,oodwip32
enottinghamqd,enottinghamqd@biblegateway.com,Elsinore,Nottingham,ppxoah02
psanzqe,psanzqe@github.com,Prince,Sanz,zjjdvr45
tbeckettqf,tbeckettqf@dmoz.org,Tamera,Beckett,zsnbpy32
snorwayqg,snorwayqg@mashable.com,Sutherlan,Norway,okamqa93
mkarbyqh,mkarbyqh@blogs.com,Merrill,Karby,vohzfq82
cknipeqi,cknipeqi@behance.net,Clarinda,Knipe,gxaipw39
halthorpeqj,halthorpeqj@naver.com,Hiram,Althorpe,ketjuj36
gschoberqk,gschoberqk@google.co.jp,Giuseppe,Schober,vybqag98
tottewillql,tottewillql@youku.com,Theo,Ottewill,sflily22
gcoldbatheqm,gcoldbatheqm@ow.ly,Gibbie,Coldbathe,ekgznu42
amorenaqn,amorenaqn@cloudflare.com,Alon,Morena,pswdmt64
usneppqo,usneppqo@nba.com,Urban,Snepp,cwzxio21
yoakerqp,yoakerqp@odnoklassniki.ru,Yule,Oaker,sytmdo78
oportqq,oportqq@webnode.com,Odetta,Port,agmwvp26
gcolbyqr,gcolbyqr@livejournal.com,Gaynor,Colby,dgehem75
cgeggieqs,cgeggieqs@columbia.edu,Claiborne,Geggie,gpqyze94
kbattamsqt,kbattamsqt@epa.gov,Karalee,Battams,nevuav15
odilrewqu,odilrewqu@pinterest.com,Omero,Dilrew,zisall36
hfevierqv,hfevierqv@geocities.com,Hamil,Fevier,aneiuu57
hdaintithqw,hdaintithqw@foxnews.com,Homere,Daintith,ptayhp42
lvanderplasqx,lvanderplasqx@wunderground.com,Laurena,Vanderplas,qjgonc29
kpenmanqy,kpenmanqy@hugedomains.com,Ketti,Penman,fftwcc78
kmoreinuqz,kmoreinuqz@blogger.com,Kris,Moreinu,fbwwpc77
rlafrentzr0,rlafrentzr0@walmart.com,Ryley,Lafrentz,vtaqlv27
rlimeburnr1,rlimeburnr1@columbia.edu,Rhoda,Limeburn,dkilny60
sdickinr2,sdickinr2@devhub.com,Shayne,Dickin,mrdozk85
tscranedger3,tscranedger3@go.com,Terrel,Scranedge,xezcqn70
mbasnettr4,mbasnettr4@sun.com,Moina,Basnett,trlfnp86
wschuelcker5,wschuelcker5@boston.com,Way,Schuelcke,kjubci36
gparrr6,gparrr6@dell.com,Gerry,Parr,yvtuui37
sbalassar7,sbalassar7@cocolog-nifty.com,Sheilakathryn,Balassa,tebfbh38
cmontesr8,cmontesr8@g.co,Chelsy,Montes,bcvsbg23
opiddickr9,opiddickr9@dailymail.co.uk,Oran,Piddick,ufkwqh96
glowersonra,glowersonra@blogspot.com,Glynda,Lowerson,yltgjg45
avedenisovrb,avedenisovrb@seesaa.net,Arlan,Vedenisov,yfyuml34
bthomsenrc,bthomsenrc@php.net,Barnaby,Thomsen,qhdtkl86
wbaggianird,wbaggianird@webmd.com,Wolfgang,Baggiani,gqehnz37
ameadsre,ameadsre@ask.com,Agace,Meads,skdyoh10
ncluckierf,ncluckierf@icio.us,Nerita,Cluckie,dfohiz90
nkyddrg,nkyddrg@salon.com,Niki,Kydd,buacnr11
abunyardrh,abunyardrh@marriott.com,Audy,Bunyard,budqzj07
nhakkingri,nhakkingri@yelp.com,Nikki,Hakking,lvlmwx09
hedelstonrj,hedelstonrj@google.pl,Harlen,Edelston,rtzzrg21
meggertonrk,meggertonrk@ucsd.edu,Murry,Eggerton,fdmdhf15
jullockrl,jullockrl@prweb.com,Jesselyn,Ullock,gloalz61
llamdenrm,llamdenrm@ycombinator.com,Lockwood,Lamden,eafszn35
gbenzarn,gbenzarn@webeden.co.uk,Gannie,Benza,ctccvl32
pallrightro,pallrightro@patch.com,Putnem,Allright,pngfrn21
msoutherellrp,msoutherellrp@msn.com,Mathias,Southerell,jvojxh63
dsakinsrq,dsakinsrq@bravesites.com,Delores,Sakins,cghlwa35
wgresleyrr,wgresleyrr@unicef.org,Wynny,Gresley,siwurt19
