username,email,firstname,lastname,password
jpicker0,jpicker0@hhs.gov,Janessa,Picker,phvwtj07
mfricke1,mfricke1@bandcamp.com,Maxy,Fricke,wfffoh63
dschimke2,dschimke2@woothemes.com,Dacia,Schimke,wamgzt81
kutley3,kutley3@dailymotion.com,Kingston,Utley,adqavl38
apender4,apender4@constantcontact.com,Alden,Pender,hjoizj51
mwoodage5,mwoodage5@mit.edu,Moyra,Woodage,siecuk29
bbradnock6,bbradnock6@webmd.com,Bram,Bradnock,vslgih72
hglamart7,hglamart7@yale.edu,Hildegaard,Glamart,lxzrin82
bwyley8,bwyley8@hao123.com,Blake,Wyley,urxrpy65
carkley9,carkley9@furl.net,Cariotta,Arkley,keuyru92
dcooleya,dcooleya@google.com.hk,Dulcine,Cooley,bebojn72
snannb,snannb@ovh.net,Stephanie,Nann,dadwkr60
fboothc,fboothc@prweb.com,Felice,Booth,zqtstu60
prammed,prammed@newyorker.com,Parry,Ramme,uhxbgk92
ajankine,ajankine@sitemeter.com,Amii,Jankin,lozffz23
rmansionf,rmansionf@ebay.com,Ransom,Mansion,asshev18
lcottyg,lcottyg@ezinearticles.com,Loella,Cotty,lfcvzo48
atoffettoh,atoffettoh@1688.com,Adams,Toffetto,wzeuty34
gsarjeanti,gsarjeanti@ustream.tv,Gerianne,Sarjeant,dtyoow18
mwheelbandj,mwheelbandj@biblegateway.com,Milli,Wheelband,fjpmib65
cbicek,cbicek@biglobe.ne.jp,Clarence,Bice,fwjrhr91
jgrewerl,jgrewerl@ucsd.edu,Jameson,Grewer,scysin57
rlabdonm,rlabdonm@sbwire.com,Robby,Labdon,ixvbxm00
dspellissyn,dspellissyn@hud.gov,Dani,Spellissy,ulklqh37
bfiorentinoo,bfiorentinoo@marketwatch.com,Bethany,Fiorentino,wqjovu28
rdomonip,rdomonip@webs.com,Rubin,Domoni,fmocns27
mpurcellq,mpurcellq@nytimes.com,Menard,Purcell,dqbmhb11
chazelgrover,chazelgrover@nationalgeographic.com,Conrad,Hazelgrove,znimkx70
tmaffinis,tmaffinis@ebay.com,Tate,Maffini,xifzuj87
pbarnsdallt,pbarnsdallt@vinaora.com,Philippine,Barnsdall,kytqxx71
sbrydenu,sbrydenu@si.edu,Shauna,Bryden,dvhbvr68
mchalonerv,mchalonerv@wikimedia.org,Morganne,Chaloner,upsihs29
ifurmedgew,ifurmedgew@phpbb.com,Idette,Furmedge,yheaze00
skneaphseyx,skneaphseyx@amazon.com,Stefanie,Kneaphsey,ocvlhy02
salamy,salamy@wsj.com,Sabra,Alam,cqqztd40
rsterndalez,rsterndalez@princeton.edu,Ruthe,Sterndale,rvjwlz11
lkinman10,lkinman10@who.int,Leland,Kinman,lmofov35
eharbron11,eharbron11@sina.com.cn,Emmott,Harbron,xydgoh22
vmebs12,vmebs12@posterous.com,Viviana,Mebs,ctrdsl32
amaingot13,amaingot13@weibo.com,Alon,Maingot,gfyqnw08
nolive14,nolive14@google.es,Neill,Olive,wjhuga12
bdimitrov15,bdimitrov15@hexun.com,Barbaraanne,Dimitrov,wekszx15
ohollyland16,ohollyland16@icio.us,Ofelia,Hollyland,umfpnu73
rduggan17,rduggan17@hud.gov,Rosalyn,Duggan,rfntuj46
mmancer18,mmancer18@army.mil,Misha,Mancer,aetkip72
kmcchesney19,kmcchesney19@skyrock.com,Kalvin,McChesney,whwffa08
nzanettini1a,nzanettini1a@si.edu,Nola,Zanettini,lvohfa17
challawell1b,challawell1b@wiley.com,Consuelo,Hallawell,lrpmtf41
dlattos1c,dlattos1c@chronoengine.com,Daffy,Lattos,xnchie21
lcroasdale1d,lcroasdale1d@pen.io,Lisetta,Croasdale,nwiute56
apietzker1e,apietzker1e@wisc.edu,Adelaida,Pietzker,jbotgl66
fvelti1f,fvelti1f@topsy.com,Fidelio,Velti,dnfpzj54
aheugle1g,aheugle1g@weibo.com,Alphard,Heugle,tckdii81
bgarley1h,bgarley1h@ning.com,Barnie,Garley,drbftx93
socullinane1i,socullinane1i@accuweather.com,Suzette,O'Cullinane,tdvkbm17
wwaiton1j,wwaiton1j@acquirethisname.com,Wilden,Waiton,ikfipn31
adagleas1k,adagleas1k@parallels.com,Andra,Dagleas,iftrur08
krelton1l,krelton1l@ox.ac.uk,Keir,Relton,dwntid33
tmiddleditch1m,tmiddleditch1m@nifty.com,Temple,Middleditch,mkmjqs22
kbillyeald1n,kbillyeald1n@cam.ac.uk,Katheryn,Billyeald,ddwgtr37
ktorbard1o,ktorbard1o@apple.com,Kev,Torbard,cochga18
hrosten1p,hrosten1p@newsvine.com,Henry,Rosten,rlulzu99
akennady1q,akennady1q@nydailynews.com,Antoinette,Kennady,raavod00
dbrunon1r,dbrunon1r@oracle.com,Dall,Brunon,udavuw46
emcilwraith1s,emcilwraith1s@go.com,Elayne,McIlwraith,yenwte71
ekilgrew1t,ekilgrew1t@elpais.com,Elita,Kilgrew,qnqmgm83
esinnett1u,esinnett1u@ezinearticles.com,Even,Sinnett,gjkscf51
pwastling1v,pwastling1v@webmd.com,Pepita,Wastling,kxkiga54
kelleton1w,kelleton1w@sphinn.com,Kendell,Elleton,yempun01
raylward1x,raylward1x@weibo.com,Rebekah,Aylward,ysbgwm51
wsabathe1y,wsabathe1y@exblog.jp,Winnah,Sabathe,bnwqbt85
eberrisford1z,eberrisford1z@clickbank.net,Emmy,Berrisford,cuxtdg59
cstockney20,cstockney20@cdc.gov,Clotilda,Stockney,nfntyr10
sroullier21,sroullier21@loc.gov,Shirlee,Roullier,jloujo61
bcrocombe22,bcrocombe22@state.gov,Bridget,Crocombe,rpxfkn35
zstanman23,zstanman23@goodreads.com,Zolly,Stanman,ojfrpy44
iflippen24,iflippen24@forbes.com,Ilse,Flippen,biipqb33
hcolerick25,hcolerick25@economist.com,Hillary,Colerick,oexakx97
sbowering26,sbowering26@loc.gov,Susette,Bowering,uwmerh27
mvassman27,mvassman27@tripadvisor.com,Misha,Vassman,rotbdg44
melcy28,melcy28@usda.gov,Milka,Elcy,kdgmxv81
khartridge29,khartridge29@wordpress.org,Korella,Hartridge,nbbera86
rmoorwood2a,rmoorwood2a@archive.org,Robinetta,Moorwood,vrnaln38
aboseley2b,aboseley2b@google.co.jp,Alwyn,Boseley,zsgwpw40
abiaggioni2c,abiaggioni2c@last.fm,Amabelle,Biaggioni,lzgphw04
acamidge2d,acamidge2d@cocolog-nifty.com,Adrien,Camidge,rwvrhi52
hmigheli2e,hmigheli2e@wsj.com,Hartwell,Migheli,xgvliw22
gsoles2f,gsoles2f@ucla.edu,Gabrielle,Soles,cqfstw13
bcolvine2g,bcolvine2g@boston.com,Brendin,Colvine,jdkjah32
gbatkin2h,gbatkin2h@lulu.com,Galvin,Batkin,ysnskf99
ahorburgh2i,ahorburgh2i@xing.com,Amalia,Horburgh,tfvgxg09
droantree2j,droantree2j@usnews.com,Daisy,Roantree,vnuovh11
gvigar2k,gvigar2k@mediafire.com,Genovera,Vigar,nqhdev55
pthring2l,pthring2l@amazonaws.com,Penni,Thring,gvoajj24
idougary2m,idougary2m@mlb.com,Irita,Dougary,ssizov30
kbrierly2n,kbrierly2n@state.gov,Kristoffer,Brierly,lptlhe69
dtuft2o,dtuft2o@flickr.com,Dael,Tuft,xezowi66
kgallanders2p,kgallanders2p@usatoday.com,Ken,Gallanders,nvpgdl48
ahatter2q,ahatter2q@patch.com,Amata,Hatter,vfuply47
acoller2r,acoller2r@yahoo.co.jp,Averell,Coller,bqdrxy71
mspraggon2s,mspraggon2s@google.co.jp,Morris,Spraggon,fmvbyy33
hwrench2t,hwrench2t@omniture.com,Hershel,Wrench,iagwje57
ckitter2u,ckitter2u@weibo.com,Cass,Kitter,cndqpf78
rkleinberer2v,rkleinberer2v@sciencedaily.com,Rubie,Kleinberer,ggymjj46
wrobjant2w,wrobjant2w@jigsy.com,Wendall,Robjant,ahhjnh98
bbriddle2x,bbriddle2x@cbslocal.com,Blondelle,Briddle,inslub42
ctwidle2y,ctwidle2y@dropbox.com,Carrissa,Twidle,tyltlk23
lrohloff2z,lrohloff2z@wufoo.com,Laura,Rohloff,ogzfvm64
dmadge30,dmadge30@friendfeed.com,Dud,Madge,seysyz43
ogilburt31,ogilburt31@mozilla.org,Osborn,Gilburt,rlnfes61
vghion32,vghion32@instagram.com,Velvet,Ghion,ficquj99
nmathwen33,nmathwen33@topsy.com,Neall,Mathwen,qshspr23
ebeaby34,ebeaby34@xinhuanet.com,Emmett,Beaby,meecto11
rspringer35,rspringer35@nsw.gov.au,Rickie,Springer,ezmezq13
vbeagrie36,vbeagrie36@addthis.com,Vic,Beagrie,wnwseq78
cdeacock37,cdeacock37@ox.ac.uk,Cristie,Deacock,xvoqyv06
smildenhall38,smildenhall38@so-net.ne.jp,Sylas,Mildenhall,gdhojs57
mlamborn39,mlamborn39@narod.ru,Miguela,Lamborn,iuoccv50
nshackelton3a,nshackelton3a@techcrunch.com,Nicole,Shackelton,iuzyln73
mredwall3b,mredwall3b@flickr.com,Mohandas,Redwall,cmzbur93
hparoni3c,hparoni3c@mtv.com,Harald,Paroni,nlkyvg93
tstoller3d,tstoller3d@google.nl,Tova,Stoller,peosbj59
jmenelaws3e,jmenelaws3e@psu.edu,Jesse,Menelaws,ytpein84
bfoulcher3f,bfoulcher3f@mayoclinic.com,Bamby,Foulcher,uxspqo05
moreagan3g,moreagan3g@usgs.gov,Maud,O' Reagan,ipjrxy55
hgleave3h,hgleave3h@msu.edu,Harold,Gleave,taqthg76
sbisterfeld3i,sbisterfeld3i@blinklist.com,Sula,Bisterfeld,fwhntr43
rdalesco3j,rdalesco3j@twitter.com,Rosemarie,D'Alesco,ypqwgi89
ifullicks3k,ifullicks3k@disqus.com,Inglis,Fullicks,onzeol14
tcuppitt3l,tcuppitt3l@amazon.co.jp,Teodoro,Cuppitt,ifdbkd25
shercules3m,shercules3m@guardian.co.uk,Sibella,Hercules,opeyly13
awrankmore3n,awrankmore3n@timesonline.co.uk,Alvy,Wrankmore,vwrbmk85
sendicott3o,sendicott3o@blogspot.com,Serena,Endicott,uwsnmo46
gstainbridge3p,gstainbridge3p@oracle.com,Garrett,Stainbridge,fjzoie27
cheijnen3q,cheijnen3q@chron.com,Clio,Heijnen,ccedyd02
cbuckmaster3r,cbuckmaster3r@live.com,Culver,Buckmaster,blsoow00
mlamasna3s,mlamasna3s@mashable.com,Muriel,Lamasna,qknduz41
btremblett3t,btremblett3t@ycombinator.com,Bridgette,Tremblett,zwpkjo07
jbradane3u,jbradane3u@hostgator.com,Jewell,Bradane,hhnyup75
rwhiteley3v,rwhiteley3v@wordpress.com,Rodolphe,Whiteley,bzrkvb17
earden3w,earden3w@unesco.org,Even,Arden,xffkva83
fpescott3x,fpescott3x@qq.com,Flora,Pescott,krawnt59
cferfulle3y,cferfulle3y@blogger.com,Cinnamon,Ferfulle,nrpiog10
lbertholin3z,lbertholin3z@dell.com,Lissi,Bertholin,yfwgxf66
temmert40,temmert40@trellian.com,Tamiko,Emmert,upvmdh10
srickword41,srickword41@bbb.org,Skipper,Rickword,gwtovz18
mcarlesi42,mcarlesi42@behance.net,Mohammed,Carlesi,kkyyne86
mstudd43,mstudd43@abc.net.au,Murial,Studd,vejkhz40
bbirtwhistle44,bbirtwhistle44@etsy.com,Barclay,Birtwhistle,jlryyb41
mmcasgill45,mmcasgill45@upenn.edu,Merrilee,McAsgill,qhcuno79
pscotchmore46,pscotchmore46@columbia.edu,Pepe,Scotchmore,hswwxw48
mcounihan47,mcounihan47@addthis.com,Micheline,Counihan,cazokd64
jroughan48,jroughan48@list-manage.com,Jeff,Roughan,dyytbf99
bmehaffey49,bmehaffey49@usnews.com,Brita,Mehaffey,klgpdq72
swyche4a,swyche4a@bing.com,Stesha,Wyche,hcqxrz76
ctrunchion4b,ctrunchion4b@china.com.cn,Cullin,Trunchion,groftk43
aiacovides4c,aiacovides4c@kickstarter.com,Angela,Iacovides,ptmkda87
tnoye4d,tnoye4d@instagram.com,Temple,Noye,btczsq61
inovill4e,inovill4e@geocities.com,Irma,Novill,mukqju73
nmatkin4f,nmatkin4f@uol.com.br,Neall,Matkin,nycsqn78
gpriestnall4g,gpriestnall4g@homestead.com,Gretta,Priestnall,zoxums93
fspykins4h,fspykins4h@facebook.com,Falkner,Spykins,mzqpjm59
pbensusan4i,pbensusan4i@discovery.com,Philipa,Bensusan,ctidyg89
pbroomer4j,pbroomer4j@devhub.com,Pren,Broomer,djoqld71
swesterman4k,swesterman4k@uol.com.br,Sayers,Westerman,hqdhqt95
mdelooze4l,mdelooze4l@shutterfly.com,Milissent,Delooze,xintfs10
msoggee4m,msoggee4m@senate.gov,Meara,Soggee,ogovyo05
djammet4n,djammet4n@geocities.jp,Darbee,Jammet,gcmxmr17
gstone4o,gstone4o@dedecms.com,Grant,Stone,wfdmse87
jdenziloe4p,jdenziloe4p@google.ca,Joanna,Denziloe,xjhsqs67
agullefant4q,agullefant4q@marriott.com,Adrian,Gullefant,dlcrzl92
laylett4r,laylett4r@storify.com,Lanny,Aylett,oswhcx50
sbatrim4s,sbatrim4s@answers.com,Silvanus,Batrim,yemvxk72
pbeetham4t,pbeetham4t@ft.com,Pat,Beetham,otmqbt94
toneill4u,toneill4u@ning.com,Trey,O'Neill,oangjz65
ndemalchar4v,ndemalchar4v@pcworld.com,Nate,De Malchar,iyfccr97
mdeary4w,mdeary4w@artisteer.com,Minna,Deary,lrdmmr36
prutigliano4x,prutigliano4x@bizjournals.com,Pat,Rutigliano,spazyn58
asewter4y,asewter4y@cocolog-nifty.com,Adria,Sewter,bllnxv43
jstanluck4z,jstanluck4z@dot.gov,Jasmine,Stanluck,ecqvwb42
akeam50,akeam50@reference.com,Aretha,Keam,jqurtj19
hdunguy51,hdunguy51@aol.com,Hoebart,Dunguy,okloxj20
mkabos52,mkabos52@marketwatch.com,Melita,Kabos,kqdfnu66
gduesberry53,gduesberry53@posterous.com,Gib,Duesberry,gimaqw74
qmedcalf54,qmedcalf54@yellowbook.com,Quintana,Medcalf,cvdooz21
ecaraher55,ecaraher55@sciencedirect.com,Edy,Caraher,wkhujb46
ycamelli56,ycamelli56@vinaora.com,Yale,Camelli,bazyyt76
zbridgewater57,zbridgewater57@friendfeed.com,Zaria,Bridgewater,xsorog52
zmccay58,zmccay58@instagram.com,Zebedee,McCay,otzzru05
wbrendeke59,wbrendeke59@angelfire.com,Wilhelm,Brendeke,wevrta98
rpassingham5a,rpassingham5a@vinaora.com,Roxana,Passingham,mzptdt58
kclemmow5b,kclemmow5b@studiopress.com,Kitty,Clemmow,hnwpcg27
lsiene5c,lsiene5c@people.com.cn,Leighton,Siene,bmlogk97
aharesign5d,aharesign5d@slate.com,Avis,Haresign,rmodzn56
ahaythorn5e,ahaythorn5e@comsenz.com,Anatola,Haythorn,augogx36
cquan5f,cquan5f@cisco.com,Clementine,Quan,zzsxay67
tcasiroli5g,tcasiroli5g@dot.gov,Timotheus,Casiroli,qjtbia00
ldeye5h,ldeye5h@usgs.gov,Lorry,D'eye,iwwnga09
dstratten5i,dstratten5i@wix.com,Dewey,Stratten,jbmpqo55
aalcido5j,aalcido5j@nytimes.com,Aila,Alcido,oeyeey19
fplayfoot5k,fplayfoot5k@samsung.com,Fields,Playfoot,xvbyfg97
gminchinden5l,gminchinden5l@stanford.edu,Gail,Minchinden,kucjgf07
jlaste5m,jlaste5m@symantec.com,Joshia,Laste,zoibbl83
dkermit5n,dkermit5n@canalblog.com,Danny,Kermit,uouftf25
cdeniscke5o,cdeniscke5o@wikia.com,Carole,Deniscke,wgdrdp29
kfiles5p,kfiles5p@techcrunch.com,Kandy,Files,dckdjr07
ablitzer5q,ablitzer5q@istockphoto.com,Ashely,Blitzer,ldvmed12
jgoggins5r,jgoggins5r@gravatar.com,Juliane,Goggins,mwjkbo36
rcrebott5s,rcrebott5s@bandcamp.com,Ranna,Crebott,axxeib87
sseddon5t,sseddon5t@wired.com,Sheree,Seddon,kwzpoe70
mcullinane5u,mcullinane5u@flickr.com,Mikael,Cullinane,fedhbi45
vsibbs5v,vsibbs5v@cafepress.com,Viv,Sibbs,scqgcd74
bblakemore5w,bblakemore5w@webmd.com,Boycie,Blakemore,vjhrim44
mwhetson5x,mwhetson5x@sina.com.cn,Mick,Whetson,eptbdv06
mdurrad5y,mdurrad5y@pagesperso-orange.fr,Meg,Durrad,toujhg28
cdanne5z,cdanne5z@arstechnica.com,Cyril,Danne,lazxlo66
fchese60,fchese60@xinhuanet.com,Flore,Chese,mgmwwx60
dbartrum61,dbartrum61@seattletimes.com,Darill,Bartrum,snjlhj53
rpietruszewicz62,rpietruszewicz62@kickstarter.com,Ranice,Pietruszewicz,ihbjft11
gwallace63,gwallace63@wunderground.com,Grant,Wallace,hnntxf14
hdymoke64,hdymoke64@redcross.org,Humfried,Dymoke,khguxk10
cbrazier65,cbrazier65@google.it,Chrotoem,Brazier,jujpla51
jkneath66,jkneath66@naver.com,Jacqui,Kneath,tndebz71
edall67,edall67@sphinn.com,Euell,Dall,ottpxv40
nironside68,nironside68@nydailynews.com,Nelle,Ironside,bidktp82
gfoxhall69,gfoxhall69@google.cn,Garrik,Foxhall,yqlrle39
wslator6a,wslator6a@alibaba.com,Wilhelmine,Slator,sicrrl67
dfosten6b,dfosten6b@wunderground.com,Dinny,Fosten,ffzqgl11
kswash6c,kswash6c@furl.net,Karlotta,Swash,dukram62
hgatheral6d,hgatheral6d@bing.com,Herta,Gatheral,ayjqru53
vscotting6e,vscotting6e@ameblo.jp,Vassily,Scotting,wfgiwk35
aodunniom6f,aodunniom6f@discuz.net,Anatola,O'Dunniom,bzovry03
bferencz6g,bferencz6g@indiegogo.com,Bordie,Ferencz,itzazo11
jspring6h,jspring6h@stumbleupon.com,Joni,Spring,ajmymw03
grock6i,grock6i@nature.com,Gustav,Rock,puksuy47
tgiordano6j,tgiordano6j@cyberchimps.com,Trisha,Giordano,sdjxta33
ibaines6k,ibaines6k@geocities.jp,Imojean,Baines,xxjjmz11
mdelacroix6l,mdelacroix6l@biglobe.ne.jp,Murvyn,Delacroix,bfneoy69
cburnip6m,cburnip6m@latimes.com,Christy,Burnip,edkiqe68
ewalshaw6n,ewalshaw6n@seesaa.net,Eadie,Walshaw,mmzpdf22
rjohansen6o,rjohansen6o@ocn.ne.jp,Ryun,Johansen,osickf51
ckeeton6p,ckeeton6p@pagesperso-orange.fr,Cthrine,Keeton,svhhrw76
nlewendon6q,nlewendon6q@washingtonpost.com,Nellie,Lewendon,xdfzzc11
ehaimes6r,ehaimes6r@dailymail.co.uk,Ellsworth,Haimes,szxkpg90
ashearsby6s,ashearsby6s@globo.com,Adrien,Shearsby,ynfpqn48
bboatwright6t,bboatwright6t@shinystat.com,Broderick,Boatwright,crfpso59
egilman6u,egilman6u@accuweather.com,Elset,Gilman,drwjre13
mdungey6v,mdungey6v@vk.com,Meta,Dungey,uzrrlp72
cdudhill6w,cdudhill6w@com.com,Celestia,Dudhill,keznua11
njosselson6x,njosselson6x@irs.gov,Nelie,Josselson,qqiuhy55
cspedroni6y,cspedroni6y@twitpic.com,Cosette,Spedroni,smdodg46
solford6z,solford6z@guardian.co.uk,Shep,Olford,dczbnw93
ecoaster70,ecoaster70@wired.com,Emmott,Coaster,daoihx20
dmarkel71,dmarkel71@redcross.org,Dell,Markel,wcikxn02
mmainstone72,mmainstone72@com.com,Morty,Mainstone,wcyoqt03
smeadowcroft73,smeadowcroft73@myspace.com,Skelly,Meadowcroft,xrjhdm16
apirson74,apirson74@is.gd,Amory,Pirson,umfxwl66
vfollin75,vfollin75@canalblog.com,Virgie,Follin,gqaxbx20
snealon76,snealon76@homestead.com,Shirline,Nealon,mgjjln06
dgillbard77,dgillbard77@usa.gov,Dalia,Gillbard,divays03
atilbey78,atilbey78@tripadvisor.com,Aluino,Tilbey,ppivew77
ekoche79,ekoche79@cbslocal.com,Ericha,Koche,unpkkr25
ecressingham7a,ecressingham7a@blogs.com,Erhart,Cressingham,idhtxn92
bdruery7b,bdruery7b@businessinsider.com,Brigitte,Druery,wotczt82
mblaxlande7c,mblaxlande7c@salon.com,Mallorie,Blaxlande,fbwtnp71
rstapleford7d,rstapleford7d@jigsy.com,Ronnica,Stapleford,gzhdnw36
loke7e,loke7e@shop-pro.jp,Lulu,Oke,idumus74
lgookey7f,lgookey7f@biblegateway.com,Lorry,Gookey,ldayps53
chuxster7g,chuxster7g@seesaa.net,Corene,Huxster,gzyrwy32
bberrygun7h,bberrygun7h@hp.com,Bordy,Berrygun,bxrnxm08
oducarne7i,oducarne7i@phpbb.com,Ophelia,Ducarne,jrgaop65
bfermoy7j,bfermoy7j@imdb.com,Bea,Fermoy,oreran75
cshawel7k,cshawel7k@google.it,Cecil,Shawel,sjsxss74
calleyne7l,calleyne7l@shinystat.com,Cyndy,Alleyne,eorbbm77
dwhylie7m,dwhylie7m@chron.com,Debera,Whylie,savltl97
rkevane7n,rkevane7n@pinterest.com,Roderigo,Kevane,lzhyzc81
jroskrug7o,jroskrug7o@guardian.co.uk,Juliette,Roskrug,jgrnpw90
aorrick7p,aorrick7p@purevolume.com,Aile,Orrick,dtxlxm43
acussins7q,acussins7q@ocn.ne.jp,Agustin,Cussins,ztnypb73
wquogan7r,wquogan7r@g.co,Willie,Quogan,nfzapx92
mjaszczak7s,mjaszczak7s@google.com.br,Marve,Jaszczak,xbpupb07
gbernardini7t,gbernardini7t@rakuten.co.jp,Gerard,Bernardini,eoaryx81
oroch7u,oroch7u@aboutads.info,Oswell,Roch,qanhps20
pjoerning7v,pjoerning7v@nhs.uk,Packston,Joerning,ijxtlh64
jgammel7w,jgammel7w@angelfire.com,Jess,Gammel,xmycqs53
mbrekonridge7x,mbrekonridge7x@sbwire.com,Mary,Brekonridge,cxyqmt58
hfifield7y,hfifield7y@netvibes.com,Horatio,Fifield,sgsabf50
dprendergrast7z,dprendergrast7z@ucla.edu,Derek,Prendergrast,lmvmwc17
agubbins80,agubbins80@vinaora.com,Andonis,Gubbins,rlurkf57
rslograve81,rslograve81@t.co,Ring,Slograve,tdlabc67
adyball82,adyball82@constantcontact.com,Abie,Dyball,mvwjxj13
agraybeal83,agraybeal83@mit.edu,Aretha,Graybeal,euctpj75
ksmithend84,ksmithend84@state.tx.us,Karie,Smithend,ejysub99
rnettles85,rnettles85@quantcast.com,Reamonn,Nettles,tewwbi56
fmatas86,fmatas86@qq.com,Forrest,Matas,zqlsqm80
dhatherleigh87,dhatherleigh87@amazon.com,Denyse,Hatherleigh,ymoqdy10
obrierley88,obrierley88@abc.net.au,Orella,Brierley,mztjfz02
afairnington89,afairnington89@forbes.com,Allard,Fairnington,eqzpai19
ldenny8a,ldenny8a@omniture.com,Leanor,Denny,gimxua31
modreain8b,modreain8b@discovery.com,Maire,O'Dreain,diwnhk52
mtunnick8c,mtunnick8c@nytimes.com,Margarete,Tunnick,jiqmmz22
kblanckley8d,kblanckley8d@cisco.com,Kanya,Blanckley,tqxghp68
edanet8e,edanet8e@t.co,Eveline,Danet,aemzhk49
fstrang8f,fstrang8f@omniture.com,Felipe,Strang,vbbwkh97
mcharity8g,mcharity8g@boston.com,Mahmud,Charity,akqcen70
epipes8h,epipes8h@i2i.jp,Erl,Pipes,gblnxi73
larkin8i,larkin8i@stanford.edu,Lowe,Arkin,btfszk53
gsummerrell8j,gsummerrell8j@engadget.com,Glen,Summerrell,bvtreu15
gbollam8k,gbollam8k@google.co.uk,Geri,Bollam,rtioel59
amatyugin8l,amatyugin8l@mit.edu,Albina,Matyugin,lkmoku48
dpenella8m,dpenella8m@lycos.com,Dorotea,Penella,zcoqtj16
lalenichicov8n,lalenichicov8n@webeden.co.uk,Loise,Alenichicov,nictmi00
oboycott8o,oboycott8o@mapquest.com,Odille,Boycott,zfcook93
sredsall8p,sredsall8p@deviantart.com,Sada,Redsall,ytipeu00
crawson8q,crawson8q@liveinternet.ru,Cinderella,Rawson,uclhfo44
kklosser8r,kklosser8r@blinklist.com,Keslie,Klosser,relmmx95
kmyrie8s,kmyrie8s@nps.gov,Konstantine,Myrie,dcjmhc34
awagge8t,awagge8t@census.gov,Arty,Wagge,hntaiy92
jworsall8u,jworsall8u@mozilla.org,Jean,Worsall,aywkdz11
vkennon8v,vkennon8v@printfriendly.com,Veda,Kennon,bkldjd02
fhagston8w,fhagston8w@w3.org,Farr,Hagston,ugxayw12
wbrennenstuhl8x,wbrennenstuhl8x@miitbeian.gov.cn,Winona,Brennenstuhl,sosszy77
ehughesdon8y,ehughesdon8y@taobao.com,Editha,Hughesdon,ozppsi32
sbuntain8z,sbuntain8z@qq.com,Saraann,Buntain,puaefw61
amcgarry90,amcgarry90@biblegateway.com,Annabel,McGarry,iltifd43
mtester91,mtester91@digg.com,Madelin,Tester,ntilod18
cgaltone92,cgaltone92@wikia.com,Catherine,Galtone,xsnigg66
trelfe93,trelfe93@psu.edu,Tisha,Relfe,iirwdy96
bsmeuin94,bsmeuin94@mlb.com,Brendon,Smeuin,zxeocr08
mbrauner95,mbrauner95@jigsy.com,Moreen,Brauner,wspeik56
shuggons96,shuggons96@epa.gov,Sile,Huggons,olqiom92
cfaber97,cfaber97@google.com,Christie,Faber,nfmrmv43
kfereday98,kfereday98@berkeley.edu,Karie,Fereday,riufwy42
sgallego99,sgallego99@biglobe.ne.jp,Sheridan,Gallego,fckbnh53
fdimbylow9a,fdimbylow9a@pbs.org,Fletch,Dimbylow,ijxkjq62
ebundey9b,ebundey9b@booking.com,Egon,Bundey,yicoto99
jfeehely9c,jfeehely9c@smh.com.au,Johan,Feehely,aepaiy23
djeavon9d,djeavon9d@mediafire.com,Diann,Jeavon,bpqadz37
lbalogun9e,lbalogun9e@123-reg.co.uk,Lynett,Balogun,fqmals60
aaugie9f,aaugie9f@i2i.jp,Aldwin,Augie,ecejqy47
sbotten9g,sbotten9g@census.gov,Sherman,Botten,duqveq09
tromera9h,tromera9h@hao123.com,Theresina,Romera,zqpxqv84
pbaroch9i,pbaroch9i@naver.com,Parke,Baroch,rpfmtv80
ohaeslier9j,ohaeslier9j@hud.gov,Owen,Haeslier,soupcy70
maggis9k,maggis9k@webnode.com,Marni,Aggis,tljfli51
mcorish9l,mcorish9l@miibeian.gov.cn,Montgomery,Corish,jbaoht54
fpollicatt9m,fpollicatt9m@hugedomains.com,Felic,Pollicatt,eeqwhw82
blamberth9n,blamberth9n@studiopress.com,Burton,Lamberth,fwkezi23
battfield9o,battfield9o@so-net.ne.jp,Barney,Attfield,jwbsfq05
jblose9p,jblose9p@cyberchimps.com,Jania,Blose,hhegyu68
jdonne9q,jdonne9q@chicagotribune.com,Joellyn,Donne,kbgfzo19
lmurrie9r,lmurrie9r@home.pl,Lindsey,Murrie,ecjuzy04
ljost9s,ljost9s@ca.gov,Lynde,Jost,bzvdfa18
mpelling9t,mpelling9t@smugmug.com,Merna,Pelling,hhbrnz63
khanbidge9u,khanbidge9u@fc2.com,Karissa,Hanbidge,bgxshc49
gtruran9v,gtruran9v@bandcamp.com,Gustie,Truran,fntmxk05
thallin9w,thallin9w@youku.com,Thea,Hallin,uvcmhc76
seveque9x,seveque9x@symantec.com,Stanley,Eveque,gzjqfc24
syandell9y,syandell9y@fotki.com,Silvan,Yandell,stxucf92
cgaiter9z,cgaiter9z@yellowpages.com,Clarine,Gaiter,whatud45
rpuviaa0,rpuviaa0@huffingtonpost.com,Riccardo,Puvia,afcjml30
lcheersa1,lcheersa1@ebay.co.uk,Lori,Cheers,grotoe84
aearengeya2,aearengeya2@uiuc.edu,Augie,Earengey,zggmiz75
tlummasanaa3,tlummasanaa3@ucoz.com,Timmie,Lummasana,tjndml78
sgrinhama4,sgrinhama4@nifty.com,Sutton,Grinham,xmclxl26
abolgera5,abolgera5@amazon.co.uk,Antonina,Bolger,qptfej86
scohena6,scohena6@sitemeter.com,Siana,Cohen,bccwcm40
cheintza7,cheintza7@ning.com,Chandra,Heintz,auoweg01
abraunera8,abraunera8@rediff.com,Aguistin,Brauner,kkqlyy93
mkleuera9,mkleuera9@tamu.edu,Monro,Kleuer,ntkzox07
dcalderwoodaa,dcalderwoodaa@un.org,Danice,Calderwood,moetrs90
msharremab,msharremab@stumbleupon.com,Maribeth,Sharrem,yllafi45
glemmeac,glemmeac@smugmug.com,Guglielma,Lemme,ikudse63
ediemad,ediemad@soup.io,Earlie,Diem,sgeiuq12
tmarietteae,tmarietteae@cam.ac.uk,Tracy,Mariette,bfidac88
jfrendaf,jfrendaf@earthlink.net,Joshia,Frend,aozchq70
ctitleyag,ctitleyag@stanford.edu,Chloe,Titley,ajmtpy79
gyanshonokah,gyanshonokah@wired.com,Gearard,Yanshonok,vwfzul44
ssteelyai,ssteelyai@w3.org,Samuele,Steely,deamba14
mgorringaj,mgorringaj@auda.org.au,Mignon,Gorring,anpjaa25
bwintleak,bwintleak@hatena.ne.jp,Bren,Wintle,abrdah28
gklaessonal,gklaessonal@nba.com,Gabriellia,Klaesson,zxpfyj70
mchilleyam,mchilleyam@dropbox.com,Margi,Chilley,ownhil23
vminnisan,vminnisan@oracle.com,Vidovic,Minnis,zwjhos33
hbasindaleao,hbasindaleao@businesswire.com,Hartley,Basindale,bleotz40
nchinnickap,nchinnickap@census.gov,Netty,Chinnick,ygnlwn71
cnibloeaq,cnibloeaq@yelp.com,Cassandra,Nibloe,mtynha89
mruffeyar,mruffeyar@bbb.org,Marwin,Ruffey,qnqrps37
bsmetounas,bsmetounas@cdc.gov,Baxie,Smetoun,ozmlhz71
jwiszniewskiat,jwiszniewskiat@about.me,Jemie,Wiszniewski,waypam81
mmackriellau,mmackriellau@dagondesign.com,Marietta,Mackriell,ctzryd47
ldavidescuav,ldavidescuav@opera.com,Link,Davidescu,kkqidi05
slasteaw,slasteaw@nba.com,Sapphira,Laste,vuijrg05
grobinetax,grobinetax@wufoo.com,Gradey,Robinet,pmeppx04
bmedlanday,bmedlanday@phpbb.com,Benjamin,Medland,pwkcna68
abingeaz,abingeaz@earthlink.net,Avis,Binge,ntwlcy38
rzealb0,rzealb0@booking.com,Ruperta,Zeal,vnigaw19
bgusneyb1,bgusneyb1@newsvine.com,Briney,Gusney,zxqmlv87
fsargeb2,fsargeb2@apache.org,Francois,Sarge,zuaxaq89
cgiacopazzib3,cgiacopazzib3@twitpic.com,Cordell,Giacopazzi,mzrenf50
dbrummellb4,dbrummellb4@wix.com,Denny,Brummell,ikprsi81
ecrookallb5,ecrookallb5@exblog.jp,Elianora,Crookall,qbhymx91
nelstowb6,nelstowb6@arizona.edu,Nevsa,Elstow,gbjcln20
smoynhamb7,smoynhamb7@forbes.com,Sharona,Moynham,oeacad00
ejanceyb8,ejanceyb8@youku.com,Elizabet,Jancey,wvhxto96
tscarsbrookb9,tscarsbrookb9@blinklist.com,Tadio,Scarsbrook,mnttho75
gfentemba,gfentemba@123-reg.co.uk,Gayler,Fentem,hyuixv26
rflecknobb,rflecknobb@friendfeed.com,Rudie,Fleckno,sboggf18
mcostelowbc,mcostelowbc@wikimedia.org,Michaela,Costelow,wonzjy19
cleminbd,cleminbd@mapquest.com,Catherina,Lemin,yktyif91
kcardillobe,kcardillobe@dot.gov,Karel,Cardillo,kpfhvg86
oaldersleybf,oaldersleybf@si.edu,Orly,Aldersley,fynkxg04
dyearnesbg,dyearnesbg@geocities.com,Dulcie,Yearnes,ienxml27
jbakeupbh,jbakeupbh@issuu.com,Joshuah,Bakeup,qlidxg09
fludeebi,fludeebi@weebly.com,Farrel,Ludee,wamstr01
vrallsbj,vrallsbj@webeden.co.uk,Vinny,Ralls,tepath92
cbromheadbk,cbromheadbk@weather.com,Colver,Bromhead,byxozk54
dfrancklynbl,dfrancklynbl@ycombinator.com,Domingo,Francklyn,ryhfhp81
braisonbm,braisonbm@macromedia.com,Bell,Raison,jwlhmd24
mmacadambn,mmacadambn@buzzfeed.com,Mort,MacAdam,zrzzja23
aloughlinbo,aloughlinbo@dmoz.org,Allister,Loughlin,qgpgiw89
hhenriquetbp,hhenriquetbp@bluehost.com,Hestia,Henriquet,zhzqdp49
wspellicybq,wspellicybq@globo.com,Winnie,Spellicy,vzvdgd48
vstruttbr,vstruttbr@patch.com,Violante,Strutt,hmjwru52
lsalandinobs,lsalandinobs@yahoo.co.jp,Lazare,Salandino,kheiwq39
labramowskybt,labramowskybt@bloglines.com,Loretta,Abramowsky,ksroks41
fcomarbu,fcomarbu@devhub.com,Frasier,Comar,unkhlr65
hrieplbv,hrieplbv@simplemachines.org,Haskel,Riepl,mjhcis39
wcremenbw,wcremenbw@qq.com,Wenda,Cremen,fdoieb83
sskettlesbx,sskettlesbx@forbes.com,Shena,Skettles,djfnda86
dabaziby,dabaziby@mtv.com,Dione,Abazi,bkwacf94
kwillansbz,kwillansbz@google.com.hk,Kenyon,Willans,rurpgt29
lhallattc0,lhallattc0@imgur.com,Larina,Hallatt,cikkff78
cballantynec1,cballantynec1@flavors.me,Corrie,Ballantyne,kiafug01
gemmettc2,gemmettc2@godaddy.com,Gibbie,Emmett,bcflrz15
echeekc3,echeekc3@hibu.com,Ernst,Cheek,xkyprs06
nburgoynec4,nburgoynec4@hexun.com,Ninon,Burgoyne,dpleuz05
sbromagec5,sbromagec5@weebly.com,Shayne,Bromage,wwcgfp44
omatysc6,omatysc6@blog.com,Otes,Matys,yzzmwr96
smeinerc7,smeinerc7@reuters.com,Stephine,Meiner,fiifyp88
cnelsonc8,cnelsonc8@ow.ly,Colman,Nelson,bsookq46
ilavallec9,ilavallec9@shareasale.com,Isador,Lavalle,njefra44
shauxbyca,shauxbyca@google.com.hk,Sully,Hauxby,uttnei48
mlucuscb,mlucuscb@parallels.com,Minor,Lucus,agylad38
cmcvickercc,cmcvickercc@alexa.com,Cherise,McVicker,anbrpd92
cimlochcd,cimlochcd@amazonaws.com,Cory,Imloch,jxvepl89
dberzince,dberzince@ibm.com,Dermot,Berzin,pioswh39
ptreendcf,ptreendcf@disqus.com,Pennie,Treend,wqftpm44
adadycg,adadycg@foxnews.com,Aggy,Dady,drabze52
apigottch,apigottch@blogger.com,Ailina,Pigott,ikcgsi38
bmanserci,bmanserci@fastcompany.com,Bary,Manser,jqnbed09
mmacnucatorcj,mmacnucatorcj@ebay.com,Manya,MacNucator,tnoovo33
ldevasck,ldevasck@pinterest.com,Lucas,Devas,hxvbrb00
skystoncl,skystoncl@chicagotribune.com,Saidee,Kyston,kdtvnn68
jmaccrackencm,jmaccrackencm@live.com,Joeann,MacCracken,lgpjou43
orunnallscn,orunnallscn@rakuten.co.jp,Oliviero,Runnalls,yrwiwr94
jbimco,jbimco@digg.com,Jdavie,Bim,dvxltb09
cdomineycp,cdomineycp@thetimes.co.uk,Carri,Dominey,iwhoxo92
dmcilorycq,dmcilorycq@mozilla.com,Daisey,McIlory,nfwbli83
mpackmancr,mpackmancr@cnbc.com,Maisey,Packman,bjphsm80
bbloxsomecs,bbloxsomecs@cpanel.net,Bambi,Bloxsome,uuijor19
bgummoect,bgummoect@gravatar.com,Belicia,Gummoe,psughk73
sreederscu,sreederscu@networkadvertising.org,Steffane,Reeders,auligo92
jomaracv,jomaracv@stanford.edu,Jory,O'Mara,fxmfhz36
rcliburncw,rcliburncw@deliciousdays.com,Royce,Cliburn,ryemzo30
bpextoncx,bpextoncx@shop-pro.jp,Brig,Pexton,lzmgoz13
jsymecy,jsymecy@businessweek.com,Jillian,Syme,wigrbf28
toscolleecz,toscolleecz@blinklist.com,Trumann,O'Scollee,tezrkv72
akubalekd0,akubalekd0@telegraph.co.uk,Aigneis,Kubalek,awwqnc76
fgernerd1,fgernerd1@scribd.com,Ferrel,Gerner,zrcfcp92
dbraithwaitd2,dbraithwaitd2@redcross.org,Dennis,Braithwait,bhooql88
amarrinerd3,amarrinerd3@wordpress.com,Alida,Marriner,fjvrwt81
jbradwelld4,jbradwelld4@java.com,Jase,Bradwell,kjiwtf29
bmatoshind5,bmatoshind5@cafepress.com,Blithe,Matoshin,glvltc70
atenbroekd6,atenbroekd6@ezinearticles.com,Arri,Ten Broek,pqiych74
afrancescucciod7,afrancescucciod7@stumbleupon.com,Amalia,Francescuccio,euhlak76
ekopeckad8,ekopeckad8@house.gov,Evan,Kopecka,ivznik46
dotleyd9,dotleyd9@dedecms.com,Dasya,Otley,ejhmxn89
feasterfieldda,feasterfieldda@quantcast.com,Fleming,Easterfield,fiffkq62
hcarffdb,hcarffdb@mozilla.com,Hollyanne,Carff,xunjbb68
pgheorghescudc,pgheorghescudc@aboutads.info,Pennie,Gheorghescu,eulusw41
rvanarsdalendd,rvanarsdalendd@posterous.com,Robinet,Van Arsdalen,gpgnny96
lbauldryde,lbauldryde@jiathis.com,Lemmy,Bauldry,hylhcm38
tnewhamdf,tnewhamdf@yale.edu,Tristam,Newham,sglgwm25
oharpdg,oharpdg@hubpages.com,Othella,Harp,oxgnff75
ydumberelldh,ydumberelldh@businessweek.com,Ynes,Dumberell,ytzhwp91
rduggendi,rduggendi@free.fr,Rustin,Duggen,czplwp16
lcolliverdj,lcolliverdj@mashable.com,Liane,Colliver,wugjvr19
dkinkaiddk,dkinkaiddk@vk.com,Deeanne,Kinkaid,bztgkj95
uheintschdl,uheintschdl@ustream.tv,Ula,Heintsch,ukvjaq97
mvautredm,mvautredm@multiply.com,Marga,Vautre,dzqrko77
hjandldn,hjandldn@studiopress.com,Harland,Jandl,aotvsc80
vluetchforddo,vluetchforddo@mozilla.org,Vonnie,Luetchford,iysmyd77
kdysartdp,kdysartdp@gnu.org,Keely,Dysart,zzabjo97
sdiscombedq,sdiscombedq@usatoday.com,Sandy,Discombe,ojimir68
aderringtondr,aderringtondr@instagram.com,Abigail,Derrington,kyhtoj51
kdustingds,kdustingds@theguardian.com,Kirstin,Dusting,iggbqu14
ajoannicdt,ajoannicdt@ucoz.ru,Arvie,Joannic,ybshgk50
rbutertondu,rbutertondu@github.com,Rachelle,Buterton,gfjcrs28
gkerblerdv,gkerblerdv@sina.com.cn,Gilbertina,Kerbler,xwpzwq30
cjonedw,cjonedw@gmpg.org,Craggy,Jone,hmzogf37
otunnydx,otunnydx@tumblr.com,Ofilia,Tunny,ehmqvj29
cwicklendy,cwicklendy@google.com.au,Cinderella,Wicklen,gefbvv42
pprobindz,pprobindz@globo.com,Phedra,Probin,frftqd37
mchasee0,mchasee0@sbwire.com,Martina,Chase,uugnqu21
hmcguckene1,hmcguckene1@nasa.gov,Harmon,McGucken,venruu47
cszaboe2,cszaboe2@hud.gov,Camey,Szabo,wnepti58
mmassote3,mmassote3@netlog.com,Marcellus,Massot,kaybyp95
dpallise4,dpallise4@webeden.co.uk,Dasha,Pallis,yzgctf31
wgillbeye5,wgillbeye5@soundcloud.com,Willie,Gillbey,hmsbxc47
lfonquerniee6,lfonquerniee6@tamu.edu,Lyn,Fonquernie,nijkut92
cgerame7,cgerame7@blogtalkradio.com,Calla,Geram,yyvuqq13
tllewelline8,tllewelline8@instagram.com,Thornton,Llewellin,jfgybs37
fmateeve9,fmateeve9@mozilla.org,Flint,Mateev,nhwycd38
aketteridgeea,aketteridgeea@forbes.com,Annalee,Ketteridge,hdhrvf84
mrudeyeardeb,mrudeyeardeb@google.de,Missy,Rudeyeard,gbhslt05
icrowec,icrowec@google.com.hk,Isidore,Crow,omygqm86
dlarnered,dlarnered@tumblr.com,Dionisio,Larner,yiyzny67
fmackallee,fmackallee@archive.org,Fields,MacKall,lpvgjt31
mcallardef,mcallardef@wufoo.com,Marrilee,Callard,qshzqn57
mtisoreg,mtisoreg@reference.com,Marylin,Tisor,qthimw96
scermaneh,scermaneh@irs.gov,Shaughn,Cerman,yrnflm31
bmacmichaelei,bmacmichaelei@sina.com.cn,Bink,MacMichael,fcpfep92
bdavidsohnej,bdavidsohnej@jugem.jp,Binnie,Davidsohn,bciejb89
cbelbinek,cbelbinek@sakura.ne.jp,Casie,Belbin,aszxgy26
mbatstoneel,mbatstoneel@cisco.com,Michaela,Batstone,jlxfbw37
nkarlqvistem,nkarlqvistem@instagram.com,Niel,Karlqvist,ksyqlr33
cmaesen,cmaesen@paginegialle.it,Cristal,Maes,bdwukn50
vmcquirtereo,vmcquirtereo@seattletimes.com,Verla,McQuirter,ajwlsk32
bbutterfintep,bbutterfintep@msn.com,Bili,Butterfint,goennv04
fambrozeq,fambrozeq@amazon.co.uk,Fenelia,Ambroz,bztnde56
agarretter,agarretter@flickr.com,Ailyn,Garrett,scdmhf69
mvenableses,mvenableses@1688.com,Millard,Venables,aaswnw64
asellerset,asellerset@51.la,Alfredo,Sellers,jlpibm04
jmatheyeu,jmatheyeu@illinois.edu,Joann,Mathey,pcovgr73
nkitmanev,nkitmanev@opensource.org,Norma,Kitman,rkfcqh18
sharmourew,sharmourew@ucoz.ru,Shae,Harmour,ujhwrt81
oeasthamex,oeasthamex@yahoo.co.jp,Olav,Eastham,euqvsz86
pdawidey,pdawidey@hubpages.com,Payton,Dawid,eklvel88
modowgaineez,modowgaineez@geocities.jp,Madelena,O'Dowgaine,pnhxpb09
zjosef0,zjosef0@cnbc.com,Zackariah,Jose,spdmjb27
tbraunleinf1,tbraunleinf1@nba.com,Tobey,Braunlein,wjvmjk44
srolandf2,srolandf2@printfriendly.com,Sayre,Roland,iydgfh96
jadrianf3,jadrianf3@xing.com,Jard,Adrian,wovyit48
gumplebyf4,gumplebyf4@upenn.edu,Giacopo,Umpleby,thlelc62
sgodlyf5,sgodlyf5@flavors.me,Sidonnie,Godly,nsbjkp19
dgreberf6,dgreberf6@unc.edu,Damian,Greber,zvhpkg32
fmacneillyf7,fmacneillyf7@dion.ne.jp,Fritz,MacNeilly,fimufh55
rhalmf8,rhalmf8@devhub.com,Rickert,Halm,tkwkxv72
rhalladeyf9,rhalladeyf9@1und1.de,Romain,Halladey,kelmpw21
bryleyfa,bryleyfa@craigslist.org,Breena,Ryley,ttbqtq94
mbaswallfb,mbaswallfb@google.fr,Maynard,Baswall,wgudxu96
sfirmagerfc,sfirmagerfc@intel.com,Sallyann,Firmager,fjhrvy64
lmeakingfd,lmeakingfd@samsung.com,Lonee,Meaking,ewkksr84
moholleganfe,moholleganfe@godaddy.com,Max,O'Hollegan,xfeull44
lgollingff,lgollingff@canalblog.com,Lib,Golling,vcfjgd63
aflowittfg,aflowittfg@devhub.com,Arnie,Flowitt,zjzshs25
dratrayfh,dratrayfh@hud.gov,Delmar,Ratray,wjekpg21
bstockportfi,bstockportfi@storify.com,Bambi,Stockport,hmhhnf85
cwoofendenfj,cwoofendenfj@state.gov,Cecil,Woofenden,tysswl22
rgantzmanfk,rgantzmanfk@typepad.com,Remington,Gantzman,ofvwvp17
hjumonetfl,hjumonetfl@people.com.cn,Hewett,Jumonet,uaalim91
hlewsonfm,hlewsonfm@stanford.edu,Haroun,Lewson,heiozg18
jgwalterfn,jgwalterfn@cnn.com,Jandy,Gwalter,znxuef17
blackeyefo,blackeyefo@huffingtonpost.com,Boote,Lackeye,naxzlb38
sbarlingfp,sbarlingfp@1688.com,Stanwood,Barling,upsded14
mhildredfq,mhildredfq@dell.com,Major,Hildred,yjdltf10
jvahlfr,jvahlfr@arizona.edu,Jessi,Vahl,wolxzi24
lridehalghfs,lridehalghfs@hubpages.com,Lucky,Ridehalgh,vgqtzr46
skerfordft,skerfordft@over-blog.com,Sophronia,Kerford,slhxov32
joldredfu,joldredfu@deliciousdays.com,Jaime,Oldred,giicfo95
dalldrefv,dalldrefv@google.nl,Dallon,Alldre,wxqebq25
fdenecampfw,fdenecampfw@nymag.com,Fina,Denecamp,sgqgsh94
lcastertonfx,lcastertonfx@msn.com,Levy,Casterton,lhwbul99
kswalowefy,kswalowefy@hud.gov,Kenton,Swalowe,biqxeq59
emumfordfz,emumfordfz@parallels.com,Eugene,Mumford,vennkn20
gspallsg0,gspallsg0@51.la,Gregorius,Spalls,bzmava57
aprinnettg1,aprinnettg1@amazonaws.com,Angelo,Prinnett,cvvtia10
cschettinig2,cschettinig2@wikimedia.org,Cris,Schettini,sbjloq42
avenningg3,avenningg3@scribd.com,Almeta,Venning,yyoyux00
clachezeg4,clachezeg4@whitehouse.gov,Chan,Lacheze,hgjmtx89
aisenorg5,aisenorg5@theatlantic.com,Annabell,Isenor,fuovwt60
amciverg6,amciverg6@furl.net,Annabela,McIver,ypmzsu61
shanseng7,shanseng7@noaa.gov,Stafani,Hansen,vfrjen65
hgilligang8,hgilligang8@163.com,Hortense,Gilligan,ztpbyt96
awebbeg9,awebbeg9@1und1.de,Alisander,Webbe,wjopfs43
aduchennega,aduchennega@twitpic.com,Adan,Duchenne,rwgmmd91
jfatkingb,jfatkingb@simplemachines.org,Jerry,Fatkin,ocedvn73
bcastillogc,bcastillogc@godaddy.com,Brandi,Castillo,lctqqb35
cmorewoodgd,cmorewoodgd@microsoft.com,Conway,Morewood,kygypm25
coscandallge,coscandallge@thetimes.co.uk,Calvin,O'Scandall,kebmnq58
mclewleygf,mclewleygf@booking.com,Madalena,Clewley,iyknrs86
greadergg,greadergg@shareasale.com,Gabriele,Reader,iwnzxv84
wminchingh,wminchingh@rediff.com,Wyndham,Minchin,ifdnia56
dlicencegi,dlicencegi@nih.gov,Drona,Licence,zxxkuo92
jhendrickgj,jhendrickgj@wunderground.com,Jorie,Hendrick,rmwepb11
rspurmangk,rspurmangk@t-online.de,Rolf,Spurman,sndaaq00
mbrodeurgl,mbrodeurgl@hud.gov,Moria,Brodeur,kqcjrw37
dvalentinegm,dvalentinegm@bloomberg.com,Donny,Valentine,hyxvws37
hhaylesgn,hhaylesgn@ucla.edu,Hendrika,Hayles,wsbpzq71
fblaszkiewiczgo,fblaszkiewiczgo@mapquest.com,Felecia,Blaszkiewicz,cwkadx30
rhurlinggp,rhurlinggp@meetup.com,Rowena,Hurling,kumfji09
blenourygq,blenourygq@gov.uk,Bjorn,Le Noury,xiucll51
gmckennygr,gmckennygr@buzzfeed.com,Germaine,McKenny,ufgnqk69
clewsamgs,clewsamgs@smh.com.au,Charisse,Lewsam,befjau51
ciannuzzigt,ciannuzzigt@chronoengine.com,Carl,Iannuzzi,bwdgit90
gseargu,gseargu@sina.com.cn,Grady,Sear,ypcjyb80
loxburygv,loxburygv@google.de,Lea,Oxbury,mvtjnd03
jgoulygw,jgoulygw@umn.edu,Jeno,Gouly,hsaulw38
fdoddemeadegx,fdoddemeadegx@harvard.edu,Fayette,Doddemeade,eytewb87
lpitceathlygy,lpitceathlygy@stumbleupon.com,Luz,Pitceathly,hxarcq53
acornelygz,acornelygz@cyberchimps.com,Amitie,Cornely,fzrqmu40
nabrahamsh0,nabrahamsh0@answers.com,Nikita,Abrahams,ouixvg94
ddaddh1,ddaddh1@privacy.gov.au,Daveta,Dadd,tinnsp32
gelecumh2,gelecumh2@infoseek.co.jp,Gerda,Elecum,gsvqwl77
sreayh3,sreayh3@cam.ac.uk,Sigvard,Reay,animjx94
abentameh4,abentameh4@intel.com,Allyce,Bentame,dhyuzi43
jpenrithh5,jpenrithh5@google.com,Jocelyn,Penrith,vhoudn48
ncaldecoth6,ncaldecoth6@sohu.com,Nikolia,Caldecot,ighvcj46
vfullerh7,vfullerh7@businessinsider.com,Vernon,Fuller,vkfrjp59
dbaldreyh8,dbaldreyh8@geocities.com,Dennis,Baldrey,ihieot96
spresdeeh9,spresdeeh9@uiuc.edu,Skip,Presdee,cfvpgd20
asantoha,asantoha@ftc.gov,Audrye,Santo,lxasrf54
eribbonhb,eribbonhb@gnu.org,Edyth,Ribbon,orfxzc07
gosullivanhc,gosullivanhc@ovh.net,Georgette,O'Sullivan,ffkbux16
jchallenshd,jchallenshd@oakley.com,Jobey,Challens,pupyxi29
pmcmillanhe,pmcmillanhe@networksolutions.com,Pascale,McMillan,gvrvxj17
kkilbournhf,kkilbournhf@alexa.com,Kevina,Kilbourn,uaucqt81
cmaskewhg,cmaskewhg@chron.com,Casie,Maskew,ghycbn31
fartushh,fartushh@moonfruit.com,Fern,Artus,njcfpb24
olamparthi,olamparthi@sfgate.com,Olympia,Lampart,kqofrx11
dduplockhj,dduplockhj@yelp.com,Dyanna,Duplock,ezkynj65
esquirehk,esquirehk@digg.com,Ertha,Squire,hjypjf41
sblackborowhl,sblackborowhl@wikispaces.com,Stoddard,Blackborow,aisvya71
dsimoninihm,dsimoninihm@fc2.com,Delores,Simonini,zmayhg42
vtealhn,vtealhn@bbb.org,Valeria,Teal,ndameb57
pmannsho,pmannsho@github.com,Prentiss,Manns,ojfybs53
cstriplinghp,cstriplinghp@fastcompany.com,Carleton,Stripling,onhgjg07
bhambeltonhq,bhambeltonhq@apple.com,Beale,Hambelton,dhdqje62
kfilyushkinhr,kfilyushkinhr@wikia.com,Kimmi,Filyushkin,ffbjph73
jsurcombehs,jsurcombehs@geocities.com,Jerry,Surcombe,ymtrej47
ostonemanht,ostonemanht@ameblo.jp,Olav,Stoneman,aeslzt73
estolworthyhu,estolworthyhu@omniture.com,Eadie,Stolworthy,ysoctu48
ebartaluccihv,ebartaluccihv@mediafire.com,Euphemia,Bartalucci,gjtkhp35
bmcritchiehw,bmcritchiehw@biblegateway.com,Biddy,McRitchie,lcpmuf59
mbrockethx,mbrockethx@123-reg.co.uk,Malanie,Brocket,oviddq99
cfermoyhy,cfermoyhy@nhs.uk,Clarissa,Fermoy,ppkkmk32
hheelishz,hheelishz@wikia.com,Haskel,Heelis,wdnjjr18
jgwillimi0,jgwillimi0@cocolog-nifty.com,Judon,Gwillim,ubpqun20
fpercivali1,fpercivali1@mtv.com,Fernando,Percival,lgeqrd26
jfaldoi2,jfaldoi2@homestead.com,Junia,Faldo,edufhq96
rmerrilli3,rmerrilli3@topsy.com,Richardo,Merrill,gxtssi02
szealeyi4,szealeyi4@tumblr.com,Sabine,Zealey,vwagpj26
ktootingi5,ktootingi5@bing.com,Karina,Tooting,akjjyl04
scorderoi6,scorderoi6@gnu.org,Steffi,Cordero,zizmio41
sparmeri7,sparmeri7@sphinn.com,Sophi,Parmer,oudnez64
smoulei8,smoulei8@people.com.cn,Sid,Moule,xhuodx30
nwixi9,nwixi9@imageshack.us,Noam,Wix,ivphpf48
cboyenia,cboyenia@comcast.net,Chet,Boyen,vzycbg54
acorwinib,acorwinib@1688.com,Abbott,Corwin,auimkp15
qwalbrookic,qwalbrookic@fc2.com,Quintina,Walbrook,ijvdvk64
gugoliniid,gugoliniid@ed.gov,Grata,Ugolini,sfwakn73
jstermanie,jstermanie@pinterest.com,Johna,Sterman,xrwbcc77
aatheyif,aatheyif@apache.org,Andriette,Athey,pryzbf31
egouldenig,egouldenig@msu.edu,Ekaterina,Goulden,llcmfh73
sfairbankih,sfairbankih@instagram.com,Sabine,Fairbank,xxavvz40
dcuddehyii,dcuddehyii@booking.com,Dorella,Cuddehy,oyposx49
amayouij,amayouij@g.co,Alisha,Mayou,nulvgt98
hcargenik,hcargenik@theguardian.com,Humfrid,Cargen,zrozkz07
hcheatleil,hcheatleil@reverbnation.com,Hillary,Cheatle,efbekz09
tbucknerim,tbucknerim@wordpress.com,Tyrus,Buckner,xjdkrp86
mocannanin,mocannanin@joomla.org,Mavra,O'Cannan,lkmtmo49
msumshonio,msumshonio@columbia.edu,Merralee,Sumshon,lwiavp50
koutlawip,koutlawip@dagondesign.com,Karalee,Outlaw,mqelga14
smccaughraniq,smccaughraniq@barnesandnoble.com,Simmonds,McCaughran,dmakjk80
kmcquorkellir,kmcquorkellir@dailymotion.com,Korrie,McQuorkell,qsvsfv76
csenettis,csenettis@dailymail.co.uk,Carline,Senett,ldvlsz70
hbenyanit,hbenyanit@histats.com,Hughie,Benyan,uzdyic46
jmarquandiu,jmarquandiu@mtv.com,Jack,Marquand,tenyqo18
smawiv,smawiv@gizmodo.com,Sula,Maw,pezclp21
vbrittiniw,vbrittiniw@java.com,Vilhelmina,Brittin,xhxaay85
aenricix,aenricix@shinystat.com,Angelica,Enric,chlhkz36
bwalsomiy,bwalsomiy@wikimedia.org,Blinni,Walsom,lmlyla36
tnorthidgeiz,tnorthidgeiz@webnode.com,Tandie,Northidge,qkctum85
ddomerquej0,ddomerquej0@icq.com,Damien,Domerque,ewfejp13
mhannanj1,mhannanj1@dedecms.com,Maridel,Hannan,ldaeqb43
rtregidgaj2,rtregidgaj2@adobe.com,Richy,Tregidga,xarrck04
smizzenj3,smizzenj3@slashdot.org,Sherri,Mizzen,fzrisa97
selgoodj4,selgoodj4@howstuffworks.com,Sidoney,Elgood,myilxa91
csimej5,csimej5@artisteer.com,Candis,Sime,hpesdf39
iwoosnamj6,iwoosnamj6@naver.com,Ingamar,Woosnam,swptek62
fheindlj7,fheindlj7@nyu.edu,Franny,Heindl,ewuiym53
dlecornuj8,dlecornuj8@ameblo.jp,Darlleen,Le Cornu,wnumtq96
clandrieuj9,clandrieuj9@sbwire.com,Clarance,Landrieu,zeryux18
akasmanja,akasmanja@arizona.edu,Alair,Kasman,rtohss82
mvenablesjb,mvenablesjb@telegraph.co.uk,Mary,Venables,olfqok00
fcleverjc,fcleverjc@tmall.com,Fawn,Clever,ntlqnq68
kseymourjd,kseymourjd@nature.com,Kermit,Seymour,wrsjkt88
ctowellje,ctowellje@studiopress.com,Callida,Towell,rzpjev14
drankmorejf,drankmorejf@t-online.de,Dorita,Rankmore,igfjbq66
soakenfieldjg,soakenfieldjg@acquirethisname.com,Sergeant,Oakenfield,inpjbt09
itutherjh,itutherjh@dell.com,Irving,Tuther,ftdqlm35
okohrsji,okohrsji@noaa.gov,Orville,Kohrs,qjiccz62
pwheelbandjj,pwheelbandjj@taobao.com,Pammie,Wheelband,qdbimx28
bskillettjk,bskillettjk@mac.com,Benson,Skillett,ttrxht37
clethibridgejl,clethibridgejl@umich.edu,Catherin,Lethibridge,kirptp89
lstapelejm,lstapelejm@forbes.com,Laure,Stapele,qqdkeu10
ealexsandrowiczjn,ealexsandrowiczjn@msn.com,Ellynn,Alexsandrowicz,rgmepr71
abohljo,abohljo@amazon.co.uk,Amata,Bohl,ysfiqg71
tmaylingjp,tmaylingjp@cargocollective.com,Tersina,Mayling,gmtmps83
ocomriejq,ocomriejq@pagesperso-orange.fr,Olympia,Comrie,fgkcmd71
acudjr,acudjr@feedburner.com,Amelita,Cud,kinpsb24
pbraffertonjs,pbraffertonjs@ucla.edu,Prudi,Brafferton,ricjvt36
bmazdonjt,bmazdonjt@washingtonpost.com,Barclay,Mazdon,usyzmh04
mbohinju,mbohinju@feedburner.com,Mill,Bohin,youmqc73
graymondjv,graymondjv@mapy.cz,Gerta,Raymond,tzkfol17
gfatharlyjw,gfatharlyjw@wp.com,Gregory,Fatharly,sgyrsf07
dmargerisonjx,dmargerisonjx@paypal.com,Dianemarie,Margerison,taswld99
rfeareyjy,rfeareyjy@moonfruit.com,Raimundo,Fearey,rlrzrn32
clidgleyjz,clidgleyjz@devhub.com,Chevy,Lidgley,tedbsy43
erudderhamk0,erudderhamk0@sfgate.com,Enriqueta,Rudderham,cavvud71
pmatczakk1,pmatczakk1@cornell.edu,Paulina,Matczak,pohpzw04
rjoretk2,rjoretk2@mac.com,Renard,Joret,riyrtw57
vmahedyk3,vmahedyk3@smh.com.au,Vannie,Mahedy,pvhrhy73
sstuddeardk4,sstuddeardk4@godaddy.com,Sandy,Studdeard,suekaw07
ijurekk5,ijurekk5@mit.edu,Ina,Jurek,absfdv49
oconibeerk6,oconibeerk6@blogger.com,Ottilie,Conibeer,nrpkpq84
focahsedyk7,focahsedyk7@naver.com,Fianna,O'Cahsedy,ydouip14
mgratrixk8,mgratrixk8@myspace.com,Melissa,Gratrix,brjldw50
lsmalecombek9,lsmalecombek9@mysql.com,Lib,Smalecombe,yufzps55
agrisardka,agrisardka@discuz.net,Alix,Grisard,nhiosn43
gwildtkb,gwildtkb@gov.uk,Galen,Wildt,niaxzm26
bandrejevickc,bandrejevickc@blinklist.com,Benito,Andrejevic,fxqkiu88
lfaleykd,lfaleykd@tinypic.com,Lanette,Faley,hiecyv38
fsmallske,fsmallske@nifty.com,Fernande,Smalls,loydbo04
smcallasterkf,smcallasterkf@netvibes.com,Sydelle,McAllaster,swhvcb85
kkardosstowekg,kkardosstowekg@cyberchimps.com,Kingsly,Kardos-Stowe,ybvmee08
coheneghankh,coheneghankh@ed.gov,Cassius,O'Heneghan,gwphpe65
lstollenbeckki,lstollenbeckki@cocolog-nifty.com,Lydie,Stollenbeck,dlybrg25
ebruckentalkj,ebruckentalkj@stanford.edu,Estrellita,Bruckental,uiyjle74
fbrandenburgkk,fbrandenburgkk@xing.com,Fin,Brandenburg,srkcjr56
icluelowkl,icluelowkl@oakley.com,Ines,Cluelow,lmseoq81
ehagwoodkm,ehagwoodkm@techcrunch.com,Eddy,Hagwood,opmxnh86
ccreerkn,ccreerkn@behance.net,Cecile,Creer,hcyszk95
ebraniganko,ebraniganko@imdb.com,Eula,Branigan,meghsc26
pbalfekp,pbalfekp@scribd.com,Percival,Balfe,hcvbay25
fmillwardkq,fmillwardkq@ftc.gov,Florette,Millward,hciibx25
rlemmenkr,rlemmenkr@mozilla.com,Raoul,Lemmen,yemktp67
kshearsbyks,kshearsbyks@omniture.com,Kial,Shearsby,spagxm45
ayarringtonkt,ayarringtonkt@facebook.com,Ashli,Yarrington,kmccxb86
lmckennaku,lmckennaku@github.com,Lolita,McKenna,xoqlpb16
sthreadgallkv,sthreadgallkv@cargocollective.com,Sibyl,Threadgall,qedeof02
msidlekw,msidlekw@harvard.edu,Miner,Sidle,ltmqse47
ltemplekx,ltemplekx@fastcompany.com,Lida,Temple,jfzopz62
abannardky,abannardky@blogtalkradio.com,Alfy,Bannard,cpvirb24
cfrierkz,cfrierkz@parallels.com,Caritta,Frier,eblchh17
mvoicel0,mvoicel0@mapquest.com,Manda,Voice,nsblxh36
sgoodreidl1,sgoodreidl1@ibm.com,Sanders,Goodreid,jyffmx72
sarnaudinl2,sarnaudinl2@icq.com,Stacey,Arnaudin,vkilrq09
lwoofl3,lwoofl3@cdc.gov,Lianne,Woof,amnmzm19
tcraykerl4,tcraykerl4@blogspot.com,Tiphanie,Crayker,innpkx93
tjaanl5,tjaanl5@shop-pro.jp,Tildi,Jaan,vmqfyw09
aiviel6,aiviel6@uol.com.br,Amandi,Ivie,utkton86
lgoscombl7,lgoscombl7@chron.com,Leeann,Goscomb,lptnyd15
wkeeleyl8,wkeeleyl8@ask.com,Winnifred,Keeley,uvttml16
coatsl9,coatsl9@google.co.jp,Candi,Oats,clyfkx62
smiklemla,smiklemla@goo.gl,Siward,Miklem,zylxyo02
wpalklb,wpalklb@adobe.com,Weston,Palk,skpbuk90
cdekeyserlc,cdekeyserlc@diigo.com,Colet,de Keyser,fyswcp76
ashaylerld,ashaylerld@usnews.com,Almeda,Shayler,tsuwqo70
dstaleyle,dstaleyle@blogger.com,Dewie,Staley,dsoghu31
lmannocklf,lmannocklf@time.com,Lilian,Mannock,xjdozk70
hmccartneylg,hmccartneylg@bloomberg.com,Hamel,McCartney,vfejaj76
jdanilchevlh,jdanilchevlh@reference.com,Jeanine,Danilchev,khpdfh04
obruntjeli,obruntjeli@imageshack.us,Oneida,Bruntje,hgawwx50
nburgonlj,nburgonlj@hibu.com,Nadeen,Burgon,qsfvnl16
emarvelleylk,emarvelleylk@merriam-webster.com,Edyth,Marvelley,aonhqk03
somearall,somearall@imgur.com,Saunder,O'Meara,yacmsm27
carrowsmithlm,carrowsmithlm@dmoz.org,Cosette,Arrowsmith,hysbxb12
cfrearsonln,cfrearsonln@mysql.com,Christopher,Frearson,uadumx36
rgwillimlo,rgwillimlo@paypal.com,Randy,Gwillim,uvxcct89
mbococklp,mbococklp@tuttocitta.it,Morena,Bocock,wzbjco46
bheaysmanlq,bheaysmanlq@pbs.org,Betteann,Heaysman,giujty06
dmerguelr,dmerguelr@dailymotion.com,Dalia,Mergue,oqagro41
mgiacobinils,mgiacobinils@latimes.com,Marty,Giacobini,ttftuw08
fchettoelt,fchettoelt@wikispaces.com,Floria,Chettoe,xrmqmr64
pmacallisterlu,pmacallisterlu@qq.com,Penny,MacAllister,swjusv05
fbreconlv,fbreconlv@livejournal.com,Fenelia,Brecon,wxjvyn71
jpeyelw,jpeyelw@google.nl,Johannes,Peye,adzzel10
mfriettlx,mfriettlx@craigslist.org,Merry,Friett,yoenxn19
rpizeyly,rpizeyly@geocities.com,Romona,Pizey,zfcthz43
mbrezlawlz,mbrezlawlz@hao123.com,Morry,Brezlaw,tpnuhb59
bgreguolm0,bgreguolm0@nyu.edu,Beverie,Greguol,gvtadx36
ttuerm1,ttuerm1@time.com,Terrye,Tuer,eztuca61
rgrinsteadm2,rgrinsteadm2@google.com.br,Romona,Grinstead,ulfuop34
dhoodlessm3,dhoodlessm3@narod.ru,Dewey,Hoodless,rsgoim05
cfilipyevm4,cfilipyevm4@joomla.org,Cedric,Filipyev,tyqqmy29
lpandiem5,lpandiem5@stumbleupon.com,Lombard,Pandie,rcyzaz51
khalfheadm6,khalfheadm6@ebay.co.uk,Kamila,Halfhead,mxtjef61
eyongem7,eyongem7@seattletimes.com,Elysia,Yonge,wiymoz95
lmckelveym8,lmckelveym8@businessweek.com,Loni,McKelvey,rkboeo68
pgeharkem9,pgeharkem9@1688.com,Patrizia,Geharke,qavkci95
ethunnercliffema,ethunnercliffema@trellian.com,Erma,Thunnercliffe,nauloi73
acamplenmb,acamplenmb@mail.ru,Allene,Camplen,fusgbi46
sprossermc,sprossermc@samsung.com,Salvador,Prosser,fwxlqk72
kfraschinimd,kfraschinimd@seesaa.net,Ky,Fraschini,dguzpb08
sbrunstanme,sbrunstanme@marketwatch.com,Sonnie,Brunstan,vswdhj26
nburdmf,nburdmf@diigo.com,Nanine,Burd,ophzzx31
adeabillmg,adeabillmg@ezinearticles.com,Ardelis,Deabill,eyacdp08
ttrussellmh,ttrussellmh@icq.com,Thedric,Trussell,awowmt65
lpetofimi,lpetofimi@ameblo.jp,Lind,Petofi,tkehcy17
nhamlingtonmj,nhamlingtonmj@microsoft.com,Nevsa,Hamlington,olkczi07
wmoubraymk,wmoubraymk@vinaora.com,Wright,Moubray,omcemf46
jtrevainsml,jtrevainsml@w3.org,Jonathon,Trevains,jjejnj93
wcoughmm,wcoughmm@biblegateway.com,Willis,Cough,kqkhnx14
avereymn,avereymn@usgs.gov,Adams,Verey,jsbcol28
dpopleymo,dpopleymo@moonfruit.com,Dione,Popley,fyaffg79
apersentmp,apersentmp@mozilla.org,Alejandro,Persent,vljhsd28
solekmq,solekmq@google.cn,Stormie,Olek,ldxiln44
tchatanmr,tchatanmr@webs.com,Trish,Chatan,xgjqvg62
dkernems,dkernems@washingtonpost.com,Devinne,Kerne,rwyryo34
eyurchenkomt,eyurchenkomt@microsoft.com,Ernesto,Yurchenko,sdjmvg19
adaniellsmu,adaniellsmu@nymag.com,Aland,Daniells,xwtvvy01
fkarbymv,fkarbymv@imdb.com,Franni,Karby,ykngvn66
sstarmontmw,sstarmontmw@pinterest.com,Skipp,Starmont,boudnz70
mgaythormx,mgaythormx@google.com,Mikaela,Gaythor,qlooqy71
cmollettmy,cmollettmy@ustream.tv,Craggie,Mollett,kqdbao43
hfredimz,hfredimz@behance.net,Horacio,Fredi,raktsh49
jcourtenayn0,jcourtenayn0@senate.gov,Judd,Courtenay,vdcmld13
fkemstonn1,fkemstonn1@netvibes.com,Friedrich,Kemston,dnqlni02
mdumbaren2,mdumbaren2@businessweek.com,Marice,Dumbare,uxzpvt86
dshawcrossn3,dshawcrossn3@nih.gov,Dewey,Shawcross,msldni82
hbaldenn4,hbaldenn4@360.cn,Hortense,Balden,xulvhw22
jkernarn5,jkernarn5@blinklist.com,Jeffy,Kernar,fiaboz44
bpottipharn6,bpottipharn6@arstechnica.com,Brendan,Pottiphar,xagjwg48
nmcgeen7,nmcgeen7@va.gov,Neala,McGee,ztewkv40
soduanen8,soduanen8@cdc.gov,Sawyer,O'Duane,ivsomi55
mjakoubn9,mjakoubn9@usda.gov,Mahmoud,Jakoub,dmhipm23
dmcnabbna,dmcnabbna@umich.edu,Dayle,McNabb,laisia47
swestrawnb,swestrawnb@slate.com,Starlene,Westraw,ljsfxn36
dcoxnc,dcoxnc@microsoft.com,Druci,Cox,grobrd17
gjenknd,gjenknd@google.es,Gail,Jenk,zrwtnu68
dkyngdonne,dkyngdonne@fda.gov,Doloritas,Kyngdon,soobhg84
lboaternf,lboaternf@hatena.ne.jp,Loleta,Boater,pcvwol54
sbrickseyng,sbrickseyng@engadget.com,Shane,Bricksey,qvihfu63
rconringnh,rconringnh@is.gd,Rodney,Conring,iugheu72
hduckittni,hduckittni@bigcartel.com,Henderson,Duckitt,grjlnj72
gbracegirdlenj,gbracegirdlenj@patch.com,Gwynne,Bracegirdle,eesetl61
swykesnk,swykesnk@nymag.com,Sibley,Wykes,rlehcj47
tauchinlecknl,tauchinlecknl@hp.com,Therese,Auchinleck,fwzhva80
wbikkernm,wbikkernm@skyrock.com,Waylan,Bikker,arsumj89
dmorpheynn,dmorpheynn@cyberchimps.com,Dulciana,Morphey,dmdbvx76
rstillgoeno,rstillgoeno@mapquest.com,Rozelle,Stillgoe,swsudn47
ttattersallnp,ttattersallnp@google.ru,Tamma,Tattersall,ylmaad55
kgrollmannnq,kgrollmannnq@newyorker.com,Kendricks,Grollmann,ekhqfi34
ekaretnr,ekaretnr@is.gd,Emmett,Karet,hwmljn15
mderbyns,mderbyns@jigsy.com,Magdaia,Derby,wjzdih91
mmacwhirternt,mmacwhirternt@homestead.com,Margette,MacWhirter,xsjupp64
mbunkernu,mbunkernu@quantcast.com,Meggie,Bunker,udkfzj93
dlargennv,dlargennv@unicef.org,Debera,Largen,wyhlpe49
bfahynw,bfahynw@bing.com,Bev,Fahy,mhrdwy17
dfrymannx,dfrymannx@issuu.com,Dennet,Fryman,yomkqk28
kgoodersonny,kgoodersonny@ustream.tv,Kort,Gooderson,aqyrde58
ithickpennynz,ithickpennynz@senate.gov,Isabeau,Thickpenny,abryyg46
mvanbrugho0,mvanbrugho0@cnet.com,Maighdiln,VanBrugh,idoacq26
fbelchamberso1,fbelchamberso1@china.com.cn,Fredericka,Belchambers,lsfxhy61
bosbistono2,bosbistono2@discuz.net,Brooks,Osbiston,lgzysq19
uellero3,uellero3@sakura.ne.jp,Uriah,Eller,uqdjmv44
mloxdaleo4,mloxdaleo4@wisc.edu,Madelle,Loxdale,gvgpwv00
msigmundo5,msigmundo5@typepad.com,Marlowe,Sigmund,jtcuyc05
opapezo6,opapezo6@phoca.cz,Otes,Papez,yprqhg33
acullino7,acullino7@mtv.com,Alleyn,Cullin,kooglj86
cbeatono8,cbeatono8@virginia.edu,Cornie,Beaton,nushia51
ldeareso9,ldeareso9@pbs.org,Leila,Deares,biiqig83
wrandlesoa,wrandlesoa@edublogs.org,Whitney,Randles,wyetpw62
chanshaweob,chanshaweob@ustream.tv,Cicily,Hanshawe,kzxcfm82
gfraynoc,gfraynoc@example.com,Gib,Frayn,wfhumy20
adegoeyod,adegoeyod@engadget.com,Alard,De Goey,qzraih68
apachecooe,apachecooe@printfriendly.com,Arther,Pacheco,xsxbbf45
debbrellof,debbrellof@ezinearticles.com,Dolly,Ebbrell,fzreuz26
fchomleyog,fchomleyog@1688.com,Filberte,Chomley,ygwbfb12
jyuilleoh,jyuilleoh@google.es,Julian,Yuille,yrnrwv96
cstirtonoi,cstirtonoi@redcross.org,Claudell,Stirton,qjrzyw98
lyakunikovoj,lyakunikovoj@mac.com,Laney,Yakunikov,xxfikc04
jchadbournok,jchadbournok@baidu.com,Jennie,Chadbourn,ddmgfq07
cblazeyol,cblazeyol@cyberchimps.com,Celeste,Blazey,kybzqx05
ksedgerom,ksedgerom@baidu.com,Kylie,Sedger,xznmee07
gthalmannon,gthalmannon@phoca.cz,Guillemette,Thalmann,xwxywo73
ceilhersenoo,ceilhersenoo@cloudflare.com,Cosme,Eilhersen,jovcwm21
rlightbownop,rlightbownop@boston.com,Rufus,Lightbown,zcjgxh40
vfranssonoq,vfranssonoq@e-recht24.de,Vincenty,Fransson,yfpgis64
dstonmanor,dstonmanor@ihg.com,Dick,Stonman,gxhldn70
ulunnonos,ulunnonos@t.co,Ulric,Lunnon,gmxozw51
mviveashot,mviveashot@zimbio.com,Micheline,Viveash,ydizfq87
adilkesou,adilkesou@biblegateway.com,Agretha,Dilkes,vylpof86
erotgeov,erotgeov@google.ru,Ernest,Rotge,comght06
nmcnultyow,nmcnultyow@prweb.com,Nedda,McNulty,xnnwuy87
dgibsonox,dgibsonox@va.gov,Debbie,Gibson,eshmcd10
ebillanieoy,ebillanieoy@purevolume.com,Edward,Billanie,dnejxy68
hplewsoz,hplewsoz@irs.gov,Hinda,Plews,oqwkeo95
kseedp0,kseedp0@google.pl,Kele,Seed,rwpmvz80
jfidockp1,jfidockp1@acquirethisname.com,Jennine,Fidock,enwctb28
rsindersonp2,rsindersonp2@csmonitor.com,Rolando,Sinderson,zxkmqe34
mjoanp3,mjoanp3@booking.com,Morgan,Joan,gobzve83
hgabbitusp4,hgabbitusp4@phpbb.com,Hillel,Gabbitus,ffhgjv90
lguppeyp5,lguppeyp5@omniture.com,Laney,Guppey,xxtdzh98
kboanasp6,kboanasp6@nih.gov,Katee,Boanas,npdxwb59
nmullyp7,nmullyp7@theatlantic.com,Nannie,Mully,yqzefu79
mpickervancep8,mpickervancep8@paginegialle.it,Merilyn,Pickervance,watzzr03
aslopierp9,aslopierp9@g.co,Aubert,Slopier,wpucet72
dmadderspa,dmadderspa@example.com,Dollie,Madders,yjhyzy18
rredmellpb,rredmellpb@livejournal.com,Rhonda,Redmell,byytvk55
hreucastlepc,hreucastlepc@squarespace.com,Helsa,Reucastle,hzlgyx10
hduffettpd,hduffettpd@istockphoto.com,Hestia,Duffett,rgflya12
acortonpe,acortonpe@google.co.uk,Augy,Corton,cuqvud51
cskepperpf,cskepperpf@gmpg.org,Carlos,Skepper,oxkjxj02
urookepg,urookepg@wikia.com,Urbanus,Rooke,ezvoin89
mlammieph,mlammieph@ifeng.com,Malvina,Lammie,lprsuo42
lpowlettpi,lpowlettpi@smh.com.au,Les,Powlett,ekziwu41
jskonepj,jskonepj@hud.gov,Jo-ann,Skone,swnakv53
rchillpk,rchillpk@forbes.com,Rayner,Chill,cjavpq05
ugallamorepl,ugallamorepl@shop-pro.jp,Udale,Gallamore,gqfped88
rvarleypm,rvarleypm@gnu.org,Rutledge,Varley,wqucvr04
afarndalepn,afarndalepn@discovery.com,Antony,Farndale,fnctzo04
hnorsterpo,hnorsterpo@ca.gov,Hadley,Norster,aytrag27
fshemmingpp,fshemmingpp@businesswire.com,Farrel,Shemming,urdtpb93
sboudapq,sboudapq@wsj.com,Shurwood,Bouda,flqesk22
cmangerpr,cmangerpr@weebly.com,Caryl,Manger,gprldd07
atumpaneps,atumpaneps@wisc.edu,Annabel,Tumpane,fivdel24
mreddihoughpt,mreddihoughpt@t.co,Marlo,Reddihough,dkzoqm52
zgaddaspu,zgaddaspu@va.gov,Zonnya,Gaddas,wskqyz72
alaverenzpv,alaverenzpv@dyndns.org,Andrea,Laverenz,awasth16
rjehaespw,rjehaespw@e-recht24.de,Rosabella,Jehaes,pnujpo02
mcredlandpx,mcredlandpx@mashable.com,Magdalene,Credland,domabn00
lbrownsettpy,lbrownsettpy@soundcloud.com,Louella,Brownsett,vciuos25
bmarcuspz,bmarcuspz@columbia.edu,Briano,Marcus,jaiuhp89
zrollinsonq0,zrollinsonq0@amazon.com,Zackariah,Rollinson,bubcvl67
jcarslakeq1,jcarslakeq1@bloglovin.com,Jillana,Carslake,kpaaln65
scamidgeq2,scamidgeq2@scientificamerican.com,Shelley,Camidge,wmtxbb37
lmounceq3,lmounceq3@abc.net.au,Leopold,Mounce,hmveyw36
ssaggersq4,ssaggersq4@hibu.com,Sarita,Saggers,fwuuiy28
kchurchq5,kchurchq5@bigcartel.com,Kamila,Church,jaxjua57
ewallmanq6,ewallmanq6@bizjournals.com,Evelina,Wallman,zgfprp14
gdebellq7,gdebellq7@intel.com,Gayle,De Bell,jyxowv77
ldandq8,ldandq8@e-recht24.de,Leia,Dand,jbvstk00
pmcgeneayq9,pmcgeneayq9@cyberchimps.com,Polly,McGeneay,lafipv82
dmogganqa,dmogganqa@apple.com,Dalenna,Moggan,wbtlis64
ebellerqb,ebellerqb@soup.io,Emmerich,Beller,ebqvgj84
nallumqc,nallumqc@symantec.com,Noach,Allum,eudqqt93
ndevinqd,ndevinqd@ycombinator.com,Nanette,Devin,vscysp43
zzumfeldeqe,zzumfeldeqe@blogger.com,Zorah,Zum Felde,vulmph26
jbeechenoqf,jbeechenoqf@yellowpages.com,Josefa,Beecheno,tyhzvq06
gebsworthqg,gebsworthqg@dailymotion.com,Gibby,Ebsworth,mssyzn17
vstickleyqh,vstickleyqh@virginia.edu,Virgie,Stickley,hzljtk24
lpileqi,lpileqi@xing.com,Les,Pile,whkzwt49
dklebesqj,dklebesqj@joomla.org,Demetra,Klebes,ejineu08
esyresqk,esyresqk@imgur.com,Elsinore,Syres,ahqwnw02
fmowattql,fmowattql@dropbox.com,Freda,Mowatt,qjvtxx34
nbunchqm,nbunchqm@xinhuanet.com,Nicky,Bunch,nzhveb96
mmuschetteqn,mmuschetteqn@w3.org,Matti,Muschette,zjqceb82
ofairholmqo,ofairholmqo@about.me,Odilia,Fairholm,pdgbxo92
cpeltzerqp,cpeltzerqp@so-net.ne.jp,Cecily,Peltzer,fjnqhz71
gclueqq,gclueqq@artisteer.com,Gardy,Clue,ttbzps36
wgreerqr,wgreerqr@vistaprint.com,Warren,Greer,lhrakz04
bboyleqs,bboyleqs@altervista.org,Byrle,Boyle,arsrap73
kdrustqt,kdrustqt@bing.com,Kelcie,Drust,uuuvez36
fpopequ,fpopequ@edublogs.org,Floris,Pope,wxmfrv70
smouatqv,smouatqv@sciencedaily.com,Shaine,Mouat,ttetci48
ksandisonqw,ksandisonqw@google.pl,Korie,Sandison,kzwfak53
bmcallqx,bmcallqx@cafepress.com,Berta,Mcall,tahzgk02
ehammelbergqy,ehammelbergqy@amazonaws.com,Etti,Hammelberg,mpqqzo92
skingscottqz,skingscottqz@gmpg.org,Sal,Kingscott,zhxolf90
scarlettr0,scarlettr0@sun.com,Sigvard,Carlett,eeqyaj82
lhafnerr1,lhafnerr1@patch.com,Lyndell,Hafner,tonyqc36
ageavesr2,ageavesr2@over-blog.com,Aline,Geaves,wellkl65
dcoker3,dcoker3@eepurl.com,Duncan,Coke,yknhde72
amcneilr4,amcneilr4@shop-pro.jp,Aaron,McNeil,qljcdd58
cleylandr5,cleylandr5@hatena.ne.jp,Claus,Leyland,vkgqgk82
kgatwardr6,kgatwardr6@senate.gov,Katinka,Gatward,itvumu77
tkempsonr7,tkempsonr7@deliciousdays.com,Timothy,Kempson,eitbgo13
bdeambrosisr8,bdeambrosisr8@columbia.edu,Bunnie,De Ambrosis,kivqho66
gjahnischr9,gjahnischr9@shinystat.com,Gaultiero,Jahnisch,gzrvjr12
dpinckneyra,dpinckneyra@fema.gov,Dorie,Pinckney,ajqgyk55
opetrellirb,opetrellirb@indiatimes.com,Othello,Petrelli,fidtvf10
mmarfieldrc,mmarfieldrc@nsw.gov.au,Mollie,Marfield,ioqbci82
mphysicrd,mphysicrd@google.fr,Maurie,Physic,bxngmp26
fdrummondre,fdrummondre@mayoclinic.com,Fanya,Drummond,eviuue18
tmcneillierf,tmcneillierf@technorati.com,Tailor,McNeillie,osldoc87
mtroucherrg,mtroucherrg@whitehouse.gov,Margette,Troucher,iaclqd80
zhindmoorrh,zhindmoorrh@gravatar.com,Zuzana,Hindmoor,owlqid23
abardayri,abardayri@addtoany.com,Alyosha,Barday,ysxjzd39
zdraysonrj,zdraysonrj@bing.com,Zedekiah,Drayson,ukhzad64
hoxburyrk,hoxburyrk@domainmarket.com,Hollis,Oxbury,upaixf40
bgoodaylerl,bgoodaylerl@dell.com,Benyamin,Goodayle,plfczg40
aburvillrm,aburvillrm@army.mil,Anna-maria,Burvill,lsviek77
mfiggenrn,mfiggenrn@gov.uk,Monty,Figgen,ghyaul52
kcoatmanro,kcoatmanro@wikimedia.org,Krystal,Coatman,ldwfjq82
acharletrp,acharletrp@theguardian.com,Adrienne,Charlet,evgkni16
cebertzrq,cebertzrq@histats.com,Courtney,Ebertz,szsppa18
bweetchrr,bweetchrr@usatoday.com,Briana,Weetch,zqseum14
