username,email,firstname,lastname,password
bpinilla0,bpinilla0@vistaprint.com,Borden,Pinilla,qfmoia54
gheyfield1,gheyfield1@live.com,Gabe,Heyfield,gefhqr65
ekilalea2,ekilalea2@people.com.cn,Essie,Kilalea,gyxirl12
rciccotto3,rciccotto3@marketwatch.com,Ross,Ciccotto,vzpwnq26
eoriordan4,eoriordan4@blog.com,Emmott,O'Riordan,msqxuh34
chankinson5,chankinson5@ed.gov,Cissy,Hankinson,zkpcfb58
ehare6,ehare6@shareasale.com,Edouard,Hare,ahszfj30
scosterd7,scosterd7@slideshare.net,Shannen,Costerd,fgzsyn34
cgenicke8,cgenicke8@shop-pro.jp,Carrol,Genicke,cbdzgi64
afost9,afost9@1und1.de,Allx,Fost,vegmkx71
darmita,darmita@google.cn,Dane,Armit,xxfwmb12
hdielhennb,hdielhennb@amazon.com,Holly,Dielhenn,uiqufe89
epetroulisc,epetroulisc@mashable.com,Em,Petroulis,iasnfz64
bkickd,bkickd@sfgate.com,Bern,Kick,oygedd77
rburforde,rburforde@economist.com,Ronalda,Burford,qihass31
lmckeatingf,lmckeatingf@blog.com,Liam,McKeating,lgewnu29
rnanettig,rnanettig@sourceforge.net,Rosemary,Nanetti,euumyq96
mmatchetth,mmatchetth@archive.org,Moises,Matchett,zmuzcp82
dfrancelloi,dfrancelloi@1und1.de,Dolli,Francello,rdfvov80
ddarrachj,ddarrachj@google.es,Dex,Darrach,tebhqv24
clownek,clownek@mapy.cz,Chelsy,Lowne,xsokam96
bgarricl,bgarricl@google.it,Basil,Garric,bbukgp55
sbradnockm,sbradnockm@mashable.com,Shandie,Bradnock,wtkmtq76
gpennern,gpennern@php.net,Gabriele,Penner,docmul46
mkeviso,mkeviso@merriam-webster.com,Maxwell,Kevis,ajlhyp02
hprenticep,hprenticep@mysql.com,Holly-anne,Prentice,psiopz32
atonkinsonq,atonkinsonq@soup.io,Alexandros,Tonkinson,ljpgma51
hdancyr,hdancyr@goo.ne.jp,Hagan,Dancy,nikvel19
dburrens,dburrens@vistaprint.com,Denis,Burren,cvmfrg33
equenellt,equenellt@accuweather.com,Essy,Quenell,ejizkh05
cmathouu,cmathouu@indiatimes.com,Charles,Mathou,xqoajz00
mbraysherv,mbraysherv@theatlantic.com,Mignon,Braysher,bnhcpy84
hmaywoodw,hmaywoodw@bbc.co.uk,Hewett,Maywood,iqmeji23
bbiaggix,bbiaggix@plala.or.jp,Bonni,Biaggi,pcmppw73
pstuchberyy,pstuchberyy@wikispaces.com,Peterus,Stuchbery,zokaph00
dmacascaidhz,dmacascaidhz@ucoz.ru,Donnamarie,MacAscaidh,ewqcti12
tradoux10,tradoux10@epa.gov,Tabbie,Radoux,vtrpkd54
eboffin11,eboffin11@rediff.com,Emili,Boffin,erdukt02
freiners12,freiners12@cmu.edu,Florina,Reiners,udlmyo88
cskechley13,cskechley13@reddit.com,Cliff,Skechley,xidlbx10
gcrame14,gcrame14@imageshack.us,Grethel,Crame,wcoynq28
glowfill15,glowfill15@guardian.co.uk,Ginnifer,Lowfill,nguefv82
lswalwell16,lswalwell16@topsy.com,Linette,Swalwell,cpenwq84
bmalinowski17,bmalinowski17@themeforest.net,Brandy,Malinowski,xrtpmb61
ckilian18,ckilian18@google.pl,Courtnay,Kilian,pqyjcq39
rsoigne19,rsoigne19@discuz.net,Roxane,Soigne,rxqjnn07
ggrumley1a,ggrumley1a@epa.gov,Grenville,Grumley,vovtvq00
kkryzhov1b,kkryzhov1b@wp.com,Karia,Kryzhov,iwwkau37
vdecaville1c,vdecaville1c@sakura.ne.jp,Vonny,De Caville,zxgdfd39
bforgan1d,bforgan1d@exblog.jp,Brnaba,Forgan,bxouij04
kabramamovh1e,kabramamovh1e@admin.ch,Kristin,Abramamovh,qqfzfb30
apettecrew1f,apettecrew1f@reuters.com,Athena,Pettecrew,bkvyqb86
astoate1g,astoate1g@woothemes.com,Angelle,Stoate,vrirtc20
fricks1h,fricks1h@exblog.jp,Felisha,Ricks,klwbtb14
sfildes1i,sfildes1i@nps.gov,Stillman,Fildes,ygximm25
nducarel1j,nducarel1j@usgs.gov,Norbert,Ducarel,ylpjje75
msaipy1k,msaipy1k@usda.gov,Mildred,Saipy,vpdykj68
rosirin1l,rosirin1l@naver.com,Rycca,O'Sirin,adjgma69
kwyre1m,kwyre1m@howstuffworks.com,Katina,Wyre,cpqcpd61
ispurritt1n,ispurritt1n@reuters.com,Irv,Spurritt,ailvdv83
mliggens1o,mliggens1o@dmoz.org,Mechelle,Liggens,sgykvk21
fsellars1p,fsellars1p@woothemes.com,Filmore,Sellars,umnixv19
dlofthouse1q,dlofthouse1q@state.gov,Dene,Lofthouse,bpuqpv81
hhincham1r,hhincham1r@netvibes.com,Holly-anne,Hincham,dinkkq20
cjentgens1s,cjentgens1s@patch.com,Claus,Jentgens,nneygg16
gbenwell1t,gbenwell1t@java.com,Geoffry,Benwell,iicdeo88
rwhithalgh1u,rwhithalgh1u@huffingtonpost.com,Roderigo,Whithalgh,foilza32
lfishleigh1v,lfishleigh1v@slideshare.net,Lancelot,Fishleigh,rewagd45
klongstaffe1w,klongstaffe1w@friendfeed.com,Kat,Longstaffe,azddlv28
nmacnelly1x,nmacnelly1x@prweb.com,Nana,MacNelly,kxjhxx08
lheak1y,lheak1y@cafepress.com,Lon,Heak,yvdppn36
dscyone1z,dscyone1z@360.cn,Dulcy,Scyone,ewjiuv43
shallibone20,shallibone20@java.com,Steve,Hallibone,axiumx87
rshrieves21,rshrieves21@shinystat.com,Rycca,Shrieves,vsgqev01
zolivey22,zolivey22@hibu.com,Zacherie,Olivey,lgfqvs83
dleeson23,dleeson23@cisco.com,Devan,Leeson,xatcnx68
sboss24,sboss24@yelp.com,Sasha,Boss,tweorz80
slivingston25,slivingston25@nih.gov,Shayla,Livingston,couqlc30
lneary26,lneary26@technorati.com,Lemar,Neary,vhebzu43
adizlie27,adizlie27@bloglines.com,Annabelle,Dizlie,utwazt02
cbenediktsson28,cbenediktsson28@ustream.tv,Conni,Benediktsson,ozrqlh65
driggulsford29,driggulsford29@angelfire.com,Dietrich,Riggulsford,zaboao38
hocurrine2a,hocurrine2a@ustream.tv,Hamlin,O'Currine,wggwfz14
omawd2b,omawd2b@skyrock.com,Orin,Mawd,npewga44
cmickelwright2c,cmickelwright2c@wordpress.org,Codi,Mickelwright,kmpppz95
pvowell2d,pvowell2d@qq.com,Patrice,Vowell,rcxuip00
lkerrich2e,lkerrich2e@newsvine.com,Lorrie,Kerrich,vklmlp05
wsavil2f,wsavil2f@creativecommons.org,Willie,Savil,gkxwkw37
ldimmick2g,ldimmick2g@so-net.ne.jp,Lorilee,Dimmick,bcuaph11
flightbourn2h,flightbourn2h@independent.co.uk,Fredek,Lightbourn,ovxanv77
seadie2i,seadie2i@admin.ch,Shannen,Eadie,qevgse44
oendricci2j,oendricci2j@wordpress.com,Ossie,Endricci,cplygx43
hrosenbaum2k,hrosenbaum2k@biblegateway.com,Hedwiga,Rosenbaum,rdopnq38
echitson2l,echitson2l@mtv.com,Eloise,Chitson,fadyvu81
vrowley2m,vrowley2m@washington.edu,Valery,Rowley,kkgnrf46
wdawber2n,wdawber2n@facebook.com,Ward,Dawber,awhmbk56
goverbury2o,goverbury2o@tinyurl.com,Gratia,Overbury,klpicy85
ncastangia2p,ncastangia2p@rediff.com,Nanon,Castangia,dswbnn75
hjuleff2q,hjuleff2q@mozilla.com,Helaine,Juleff,dqcnku20
aculross2r,aculross2r@smugmug.com,Amata,Culross,comwlc96
gwiggington2s,gwiggington2s@ehow.com,Gifford,Wiggington,qxuzmt78
omerryweather2t,omerryweather2t@1688.com,Olav,Merryweather,ddjidm66
fwinfield2u,fwinfield2u@domainmarket.com,Ferrell,Winfield,fpdnpp01
mlube2v,mlube2v@sakura.ne.jp,Marley,Lube,jqqwwa40
khawe2w,khawe2w@google.ca,Kurtis,Hawe,vgsfeg01
ilayhe2x,ilayhe2x@yandex.ru,Inger,Layhe,bnvyce88
dblaschek2y,dblaschek2y@qq.com,Dolph,Blaschek,fpmvqk21
hfayter2z,hfayter2z@wikipedia.org,Hedvige,Fayter,jjuutj93
hlockton30,hlockton30@ox.ac.uk,Hakim,Lockton,dsvjns93
ckilian31,ckilian31@uiuc.edu,Conny,Kilian,nfvrth86
eeberle32,eeberle32@hhs.gov,Erv,Eberle,oqhado55
hgoghin33,hgoghin33@mozilla.com,Harli,Goghin,svivcl54
hbowen34,hbowen34@rediff.com,Harley,Bowen,hmvguy26
jmayhead35,jmayhead35@yelp.com,Jecho,Mayhead,ddsdkm23
hkingsnod36,hkingsnod36@yellowpages.com,Heddie,Kingsnod,geeogc42
cmcgrane37,cmcgrane37@blogspot.com,Claudius,McGrane,yyhxnf26
cromaynes38,cromaynes38@gravatar.com,Camile,Romaynes,otdcxd04
rfawke39,rfawke39@shareasale.com,Rachelle,Fawke,upddla32
achesnut3a,achesnut3a@addthis.com,Arnoldo,Chesnut,dzpthf64
ranglin3b,ranglin3b@hhs.gov,Rora,Anglin,mdfjyn48
edanilyuk3c,edanilyuk3c@tumblr.com,Erika,Danilyuk,jcmwjh40
bcrimmins3d,bcrimmins3d@webnode.com,Bing,Crimmins,pjjnse34
gkauffman3e,gkauffman3e@etsy.com,Gillian,Kauffman,tmobqa99
hyes3f,hyes3f@spiegel.de,Hatti,Yes,ratazl28
kmuffen3g,kmuffen3g@blog.com,Karlen,Muffen,rgliky55
gkilmurry3h,gkilmurry3h@tripadvisor.com,Gabbie,Kilmurry,snlhdr01
gchasemoore3i,gchasemoore3i@comsenz.com,Gasper,Chasemoore,wwbewm34
mlaingmaid3j,mlaingmaid3j@auda.org.au,Mariquilla,Laingmaid,ankuth29
klangstaff3k,klangstaff3k@google.fr,Kele,Langstaff,oqranu66
awenman3l,awenman3l@rambler.ru,Ardine,Wenman,pqiztz55
mkennedy3m,mkennedy3m@rambler.ru,Milissent,Kennedy,iynvji53
mmaunder3n,mmaunder3n@narod.ru,Melvin,Maunder,rynuic95
atimpany3o,atimpany3o@lycos.com,Abigael,Timpany,uxuith77
gvaneev3p,gvaneev3p@hibu.com,Gilligan,Vaneev,juwkrb03
gtrace3q,gtrace3q@dot.gov,Gabbey,Trace,irbdyg93
nphilippon3r,nphilippon3r@clickbank.net,Normie,Philippon,uqunuo32
themstead3s,themstead3s@ezinearticles.com,Torrie,Hemstead,fmemhz07
losesnane3t,losesnane3t@walmart.com,Luca,O'Sesnane,qfnugy81
jshakelady3u,jshakelady3u@whitehouse.gov,Joan,Shakelady,ueihyc44
iireson3v,iireson3v@boston.com,Inglis,Ireson,esnvbd07
icona3w,icona3w@goodreads.com,Ichabod,Cona,wlrmue21
lmccloch3x,lmccloch3x@sciencedaily.com,Lisa,McCloch,nxfbeh69
rmellers3y,rmellers3y@earthlink.net,Roderigo,Mellers,wyytne94
ksemonin3z,ksemonin3z@a8.net,Karia,Semonin,nkkxhe42
gzanettini40,gzanettini40@dell.com,Gwenni,Zanettini,rvguox36
mgimert41,mgimert41@chron.com,Mata,Gimert,huayfc40
srapp42,srapp42@bandcamp.com,Sandy,Rapp,lvucpk41
apeyro43,apeyro43@goo.gl,Ann,Peyro,qrmfxp49
pkantor44,pkantor44@barnesandnoble.com,Peyter,Kantor,ippfqf70
dshorey45,dshorey45@icq.com,Doreen,Shorey,hwnlic05
bromain46,bromain46@cdbaby.com,Beaufort,Romain,ajbjps04
igrafom47,igrafom47@blinklist.com,Issiah,Grafom,nsdpml82
gfarny48,gfarny48@usa.gov,Gallard,Farny,jydphe27
tbonus49,tbonus49@omniture.com,Torin,Bonus,osqzsw93
croskeilly4a,croskeilly4a@vkontakte.ru,Cinderella,Roskeilly,xubglw48
gdanielian4b,gdanielian4b@blogtalkradio.com,Gasparo,Danielian,lfuizd38
gscroggins4c,gscroggins4c@aboutads.info,Giorgi,Scroggins,mujvaw38
cwison4d,cwison4d@ovh.net,Christean,Wison,uyioee37
ranwyl4e,ranwyl4e@miibeian.gov.cn,Rodrique,Anwyl,amxdtw45
lgertz4f,lgertz4f@icq.com,Lesya,Gertz,epezwc04
amcausland4g,amcausland4g@wordpress.com,Alwyn,McAusland,lrklqo67
epeachey4h,epeachey4h@webs.com,Edee,Peachey,yonvly42
jibert4i,jibert4i@odnoklassniki.ru,Justis,Ibert,nbxffd59
aheggs4j,aheggs4j@mozilla.com,Alice,Heggs,kwdpfg48
kkeig4k,kkeig4k@ihg.com,Konstanze,Keig,fauowd91
eundrill4l,eundrill4l@newyorker.com,Elsy,Undrill,hpcvaq01
ggillow4m,ggillow4m@vinaora.com,Giana,Gillow,jhlnwj98
odarwen4n,odarwen4n@hubpages.com,Odelinda,Darwen,yicgfk91
bmangam4o,bmangam4o@netscape.com,Barn,Mangam,yniaxy73
imccalister4p,imccalister4p@skyrock.com,Imogene,McCalister,phwixg04
oelvins4q,oelvins4q@wp.com,Olav,Elvins,qwarqf61
edonnan4r,edonnan4r@chicagotribune.com,Ernst,Donnan,psxoin48
carstingall4s,carstingall4s@i2i.jp,Cecil,Arstingall,dtpgjk10
epolycote4t,epolycote4t@tripod.com,Elton,Polycote,wvufst60
wshead4u,wshead4u@time.com,Will,Shead,kdzmuo83
yassiter4v,yassiter4v@goo.ne.jp,Yolande,Assiter,irtgrb11
kdavidovsky4w,kdavidovsky4w@guardian.co.uk,Kordula,Davidovsky,efodlq87
wcorner4x,wcorner4x@webs.com,Wainwright,Corner,grscsk37
lmompesson4y,lmompesson4y@hostgator.com,Leonid,Mompesson,yoqwau28
tmeysham4z,tmeysham4z@independent.co.uk,Tibold,Meysham,qbzupf37
lrushmere50,lrushmere50@artisteer.com,Lola,Rushmere,lqxghv30
dhansom51,dhansom51@newyorker.com,Darby,Hansom,tznlou80
lcanto52,lcanto52@indiatimes.com,Lennie,Canto,lhrumf40
rgladbach53,rgladbach53@people.com.cn,Rem,Gladbach,xlpfge91
uaxelbey54,uaxelbey54@cnbc.com,Ulrich,Axelbey,ykbhif33
vhazelby55,vhazelby55@forbes.com,Vita,Hazelby,ziimpz32
csmewin56,csmewin56@disqus.com,Camila,Smewin,spdfmk13
rgianullo57,rgianullo57@chronoengine.com,Raynell,Gianullo,rsxklk07
kgreatbank58,kgreatbank58@nymag.com,Klement,Greatbank,rmybnh97
gfutty59,gfutty59@flickr.com,Gasper,Futty,wpefhx42
dwiszniewski5a,dwiszniewski5a@bbb.org,Deloris,Wiszniewski,hbfevq66
mreeder5b,mreeder5b@mail.ru,Martin,Reeder,rtrfat91
cmacneilly5c,cmacneilly5c@cisco.com,Culver,MacNeilly,tgbnka35
csparrow5d,csparrow5d@icio.us,Cly,Sparrow,laxsii66
scossem5e,scossem5e@stumbleupon.com,Shurlock,Cossem,cjqkqi13
ssouthway5f,ssouthway5f@spiegel.de,Sigrid,Southway,lklpib55
rfattore5g,rfattore5g@github.io,Robena,Fattore,ugprcb11
sbarnhill5h,sbarnhill5h@addthis.com,Sheelah,Barnhill,ucrfew32
mhenfre5i,mhenfre5i@epa.gov,Melisse,Henfre,jakqwm77
bdalgety5j,bdalgety5j@gizmodo.com,Bobina,Dalgety,lwveji47
dburree5k,dburree5k@phoca.cz,Delphine,Burree,cgbqse07
adebnam5l,adebnam5l@businesswire.com,Aggie,Debnam,wjjvhw33
gmarcussen5m,gmarcussen5m@vk.com,Grant,Marcussen,gucepp65
vnewcomb5n,vnewcomb5n@tinypic.com,Vito,Newcomb,gedrlk44
gbaroche5o,gbaroche5o@eventbrite.com,Glyn,Baroche,qwnock37
ipeplow5p,ipeplow5p@xrea.com,Ignazio,Peplow,lkbalx10
mcurwood5q,mcurwood5q@examiner.com,Marcelo,Curwood,joagtq49
ntingley5r,ntingley5r@si.edu,Nicol,Tingley,wrfucz98
xivanyutin5s,xivanyutin5s@histats.com,Ximenes,Ivanyutin,cmcvhb13
dhathwood5t,dhathwood5t@washington.edu,Debora,Hathwood,lzygnt77
stumulty5u,stumulty5u@shinystat.com,Stavro,Tumulty,oymjuc31
fmcmeeking5v,fmcmeeking5v@discovery.com,Ferdinande,McMeeking,vcntjn33
nvyel5w,nvyel5w@shareasale.com,Nate,Vyel,zkostl56
gpyatt5x,gpyatt5x@dyndns.org,Gawain,Pyatt,yrklhg18
hdechastelain5y,hdechastelain5y@youku.com,Holly,de Chastelain,gzjemq76
etremble5z,etremble5z@bloglines.com,Elmore,Tremble,dgsfws10
barcase60,barcase60@pcworld.com,Balduin,Arcase,zxudzq50
ascammell61,ascammell61@gizmodo.com,Ahmed,Scammell,klxddj53
gachrameev62,gachrameev62@addthis.com,Glenn,Achrameev,oufzvs11
alars63,alars63@cpanel.net,Adrienne,Lars,wsemuv03
amolden64,amolden64@goodreads.com,Alastair,Molden,zixrkg07
lyurocjhin65,lyurocjhin65@mayoclinic.com,Lina,Yurocjhin,supmmt52
elouche66,elouche66@pbs.org,Eberto,Louche,xpkafx64
nbillborough67,nbillborough67@springer.com,Nonna,Billborough,hgzoiv70
rboman68,rboman68@multiply.com,Ripley,Boman,ulwxji43
nmccaughey69,nmccaughey69@globo.com,Niko,McCaughey,uajoik32
lpearl6a,lpearl6a@utexas.edu,Leif,Pearl,koycoq98
esimoncelli6b,esimoncelli6b@usatoday.com,Edna,Simoncelli,dckrkd88
hrennocks6c,hrennocks6c@miitbeian.gov.cn,Hobey,Rennocks,dlbzlk15
ashiliton6d,ashiliton6d@e-recht24.de,Annemarie,Shiliton,rqlixd06
phawthorne6e,phawthorne6e@pagesperso-orange.fr,Pru,Hawthorne,iawzvz93
iyakebovich6f,iyakebovich6f@fc2.com,Ianthe,Yakebovich,xttgql33
rmungane6g,rmungane6g@godaddy.com,Rickie,Mungane,fuapug79
gmagauran6h,gmagauran6h@dot.gov,Glendon,Magauran,fyvpbm44
bgroucutt6i,bgroucutt6i@g.co,Billie,Groucutt,nvycub47
myanuk6j,myanuk6j@desdev.cn,Mendie,Yanuk,ytqene97
dmanifold6k,dmanifold6k@mashable.com,Danika,Manifold,zzkbkk52
gcristoforo6l,gcristoforo6l@scribd.com,Gar,Cristoforo,loatfz56
klippingwell6m,klippingwell6m@eventbrite.com,Kipp,Lippingwell,qyzvlj41
afishburn6n,afishburn6n@goo.gl,Albertina,Fishburn,egxvmj59
sdmitrichenko6o,sdmitrichenko6o@symantec.com,Sully,Dmitrichenko,ujruvj32
tlesslie6p,tlesslie6p@ox.ac.uk,Terence,Lesslie,gnrjeo39
mpulford6q,mpulford6q@4shared.com,Mariam,Pulford,acxccx99
prushbrooke6r,prushbrooke6r@google.ca,Paige,Rushbrooke,nnqsut94
akeld6s,akeld6s@sphinn.com,Adrianne,Keld,kovwbq95
rdallimore6t,rdallimore6t@storify.com,Riccardo,Dallimore,uyoybc82
cjoscelyn6u,cjoscelyn6u@google.nl,Cob,Joscelyn,jlyigv29
jmcguinley6v,jmcguinley6v@edublogs.org,Jason,McGuinley,wzhdjp56
agoodlud6w,agoodlud6w@google.com,Ariella,Goodlud,vjfqml78
jkershaw6x,jkershaw6x@examiner.com,Jeramey,Kershaw,rnymyb13
veggins6y,veggins6y@theguardian.com,Verene,Eggins,awqauz84
qworviell6z,qworviell6z@yandex.ru,Quintus,Worviell,gqkbtv73
cdyet70,cdyet70@virginia.edu,Charleen,Dyet,qfcdmi28
fwoolsey71,fwoolsey71@moonfruit.com,Fay,Woolsey,gwxgnt39
dabels72,dabels72@google.ca,Daniela,Abels,efgjpq59
tprobin73,tprobin73@redcross.org,Tatiana,Probin,ckkexi21
bweond74,bweond74@reverbnation.com,Bendick,Weond,chfumf50
gfutty75,gfutty75@oracle.com,Gweneth,Futty,mzbbyf30
erosso76,erosso76@macromedia.com,Evangelina,Rosso,wfrvjm94
gattryde77,gattryde77@google.co.jp,Gabi,Attryde,sblnvs75
mfetters78,mfetters78@phpbb.com,Maureen,Fetters,mrfpvh88
mmallan79,mmallan79@oakley.com,Midge,Mallan,ecovqj47
nbrummitt7a,nbrummitt7a@pcworld.com,Nataline,Brummitt,rqpbax02
tmonahan7b,tmonahan7b@i2i.jp,Trenna,Monahan,ieuvkm23
smcquirter7c,smcquirter7c@uiuc.edu,Sharlene,McQuirter,czkxfm25
ctimberlake7d,ctimberlake7d@globo.com,Consalve,Timberlake,hozkeh24
msturney7e,msturney7e@paginegialle.it,Malina,Sturney,mujtjw71
lsplain7f,lsplain7f@springer.com,Lawrence,Splain,chyygs38
vgreenhalgh7g,vgreenhalgh7g@mail.ru,Verile,Greenhalgh,mqjjwk79
gdary7h,gdary7h@csmonitor.com,Godfry,Dary,lszbmk75
dlaetham7i,dlaetham7i@blogspot.com,Delano,Laetham,woajwg90
jshanahan7j,jshanahan7j@stanford.edu,June,Shanahan,tpkuij90
cfleay7k,cfleay7k@usda.gov,Cherin,Fleay,qqquss49
wvakhonin7l,wvakhonin7l@4shared.com,Westleigh,Vakhonin,xjrkti24
yatwater7m,yatwater7m@joomla.org,Yovonnda,Atwater,bpimyo45
renstone7n,renstone7n@weather.com,Ruy,Enstone,pzoyia76
sgooderham7o,sgooderham7o@yandex.ru,Saloma,Gooderham,evgids34
yhastewell7p,yhastewell7p@mlb.com,Yul,Hastewell,czicrg76
jsantorini7q,jsantorini7q@walmart.com,Jonie,Santorini,dwbinl23
anode7r,anode7r@epa.gov,Amaleta,Node,kopfbv67
wdunseath7s,wdunseath7s@geocities.com,Winifield,Dunseath,oxsmia24
amackison7t,amackison7t@ucoz.ru,Abagael,Mackison,gaxsaf99
redgecombe7u,redgecombe7u@latimes.com,Rosie,Edgecombe,meeamh60
jlouiset7v,jlouiset7v@nps.gov,Jermaine,Louiset,eqvwjb92
fwillgress7w,fwillgress7w@nydailynews.com,Franky,Willgress,iysrtn27
cbriance7x,cbriance7x@adobe.com,Con,Briance,bxmxay74
asquire7y,asquire7y@vkontakte.ru,Alberik,Squire,xcdkyb48
hhebbes7z,hhebbes7z@gmpg.org,Harwilll,Hebbes,ngrrwe83
jmcgahy80,jmcgahy80@oakley.com,Jasen,McGahy,ixjxtj80
ebohlin81,ebohlin81@digg.com,Eadith,Bohlin,hfeidz30
rguillet82,rguillet82@umich.edu,Rowe,Guillet,poczdj09
scracie83,scracie83@comsenz.com,Shelton,Cracie,bhxfex08
aiskowitz84,aiskowitz84@rambler.ru,Anatole,Iskowitz,zyidat23
cabbado85,cabbado85@sciencedaily.com,Celestia,Abbado,zesqzw35
whourihan86,whourihan86@boston.com,Wake,Hourihan,ndjwvn93
lhappert87,lhappert87@wikispaces.com,Lori,Happert,daixpd81
alanger88,alanger88@reddit.com,Adiana,Langer,xtejrz57
rdarnbrough89,rdarnbrough89@hatena.ne.jp,Rosanna,Darnbrough,fjdjbw86
apelham8a,apelham8a@1688.com,Arvy,Pelham,exdcsj95
wplumer8b,wplumer8b@mozilla.org,Wynny,Plumer,lefjui79
pcarbert8c,pcarbert8c@printfriendly.com,Persis,Carbert,nlitwc70
ameco8d,ameco8d@moonfruit.com,Adda,Meco,pforrx98
mrealy8e,mrealy8e@boston.com,Mala,Realy,ihlimk18
dcringle8f,dcringle8f@hc360.com,Dell,Cringle,qlncax70
smeier8g,smeier8g@statcounter.com,Starr,Meier,vwmcvc41
ctoffel8h,ctoffel8h@guardian.co.uk,Caitrin,Toffel,vzrxcq92
mprewer8i,mprewer8i@ted.com,Mervin,Prewer,ksajom81
ljanjic8j,ljanjic8j@dagondesign.com,Lira,Janjic,fpkgsr27
lporker8k,lporker8k@edublogs.org,Lotty,Porker,yjvbmy55
kclewarth8l,kclewarth8l@java.com,Kristy,Clewarth,ubgmiz15
sbignell8m,sbignell8m@ustream.tv,Shirlee,Bignell,qeofxi97
ssalling8n,ssalling8n@hexun.com,Sandie,Salling,fwwewr92
ndoolan8o,ndoolan8o@nymag.com,Nathalie,Doolan,pnjdsh07
lruberti8p,lruberti8p@wikispaces.com,Linnell,Ruberti,zguucr12
cadie8q,cadie8q@google.fr,Clementia,Adie,xrgdwn48
bgreatbach8r,bgreatbach8r@japanpost.jp,Bing,Greatbach,xazyej20
ilezemere8s,ilezemere8s@artisteer.com,Ignazio,Lezemere,iedxdo85
klavelle8t,klavelle8t@baidu.com,Kaia,Lavelle,fupoil89
ebeckitt8u,ebeckitt8u@smugmug.com,Emalee,Beckitt,rqfkod44
gvirgin8v,gvirgin8v@moonfruit.com,Griffith,Virgin,znuqah57
mcanner8w,mcanner8w@naver.com,Marijo,Canner,xjwjup12
fvirr8x,fvirr8x@time.com,Fidelity,Virr,clnxui40
sdeeth8y,sdeeth8y@desdev.cn,Shelia,Deeth,xiqdfb37
wrubke8z,wrubke8z@japanpost.jp,Welbie,Rubke,bdcwma91
nleedal90,nleedal90@acquirethisname.com,Nev,Leedal,tlxiul26
cglowach91,cglowach91@google.fr,Chance,Glowach,ngyima91
rocurrine92,rocurrine92@fastcompany.com,Rivalee,O'Currine,erycyk53
khuc93,khuc93@geocities.com,Karrie,Huc,dcvhzc77
fveitch94,fveitch94@columbia.edu,Frances,Veitch,zuglsi91
fbiasotti95,fbiasotti95@privacy.gov.au,Fleming,Biasotti,ycxjtv20
aborleace96,aborleace96@webmd.com,Averil,Borleace,tleyxj14
eappleton97,eappleton97@illinois.edu,Emmet,Appleton,ckngtt22
cjuschke98,cjuschke98@sakura.ne.jp,Chip,Juschke,sbqzmc83
llanmeid99,llanmeid99@globo.com,Lacie,Lanmeid,fzbtww47
akryzhov9a,akryzhov9a@topsy.com,Adrian,Kryzhov,fgglff26
mengley9b,mengley9b@networksolutions.com,Marillin,Engley,glnase96
mscritch9c,mscritch9c@guardian.co.uk,Mabelle,Scritch,dqqgdj23
tgosnall9d,tgosnall9d@dyndns.org,Tuckie,Gosnall,cnqphf02
sduguid9e,sduguid9e@bandcamp.com,Samuel,Duguid,gjbvty78
mhelmke9f,mhelmke9f@nyu.edu,Monroe,Helmke,wisawx41
mbucknill9g,mbucknill9g@cargocollective.com,Mikel,Bucknill,xmppgv06
rmoretto9h,rmoretto9h@guardian.co.uk,Roxana,Moretto,ifsoqu80
sogelsby9i,sogelsby9i@netlog.com,Stoddard,Ogelsby,voinlj11
ccatcheside9j,ccatcheside9j@nyu.edu,Chad,Catcheside,gjynwy98
gfernan9k,gfernan9k@admin.ch,Gunner,Fernan,ajhayn90
gstanistrete9l,gstanistrete9l@exblog.jp,Georgiana,Stanistrete,ulsyfr12
epenhalurick9m,epenhalurick9m@tripadvisor.com,Elfrieda,Penhalurick,slzwhb16
bfinlayson9n,bfinlayson9n@illinois.edu,Benny,Finlayson,xcozto48
ysellek9o,ysellek9o@artisteer.com,Yoshiko,Sellek,xywnmw36
kstileman9p,kstileman9p@nature.com,Kizzie,Stileman,moaaoz99
krotham9q,krotham9q@bbc.co.uk,Karlan,Rotham,dedpeb07
mcromwell9r,mcromwell9r@cocolog-nifty.com,Mel,Cromwell,yqgqpr92
mducket9s,mducket9s@purevolume.com,Mendel,Ducket,lmblym27
dhuggett9t,dhuggett9t@google.com.au,Debby,Huggett,yzmhpr03
rbruineman9u,rbruineman9u@baidu.com,Rich,Bruineman,zrtywi79
lstanaway9v,lstanaway9v@homestead.com,Lurleen,Stanaway,osoydk57
amorales9w,amorales9w@google.ru,Abbot,Morales,ypeolf27
dhynam9x,dhynam9x@sogou.com,Dasha,Hynam,iwqwui23
acaldero9y,acaldero9y@devhub.com,Asher,Caldero,lsqwsx75
yallcock9z,yallcock9z@live.com,Ynez,Allcock,aqccvw82
sornelesa0,sornelesa0@cnet.com,Shanon,Orneles,kvoljf87
cbraithwaitea1,cbraithwaitea1@cpanel.net,Carla,Braithwaite,tfypce19
renterleina2,renterleina2@icq.com,Remington,Enterlein,lzsgsp04
sondraseka3,sondraseka3@hatena.ne.jp,Sunny,Ondrasek,ziuzmb18
lsigginsa4,lsigginsa4@wunderground.com,Lutero,Siggins,apwpzd91
jpontena5,jpontena5@cnbc.com,Joshuah,Ponten,xbgvoo06
reagella6,reagella6@irs.gov,Robers,Eagell,mxkncu36
ashiera7,ashiera7@noaa.gov,Audie,Shier,rbfzod39
vdewicka8,vdewicka8@cpanel.net,Valery,Dewick,mkgubc07
cdoctora9,cdoctora9@engadget.com,Clyde,Doctor,xkkyef00
sjohnstonaa,sjohnstonaa@eventbrite.com,Selle,Johnston,smksko82
ddudmanab,ddudmanab@auda.org.au,Darby,Dudman,jiskmy89
maskinac,maskinac@berkeley.edu,Malcolm,Askin,hljquw01
ekerfodad,ekerfodad@constantcontact.com,Emlyn,Kerfod,rdyhzz03
cwaldronae,cwaldronae@google.nl,Cordie,Waldron,vjijqc57
acainaf,acainaf@chicagotribune.com,Augy,Cain,ilkxkf29
nmoresideag,nmoresideag@businessweek.com,North,Moreside,bynknt74
mkleynenah,mkleynenah@livejournal.com,Marietta,Kleynen,pxcgzi98
tsaladineai,tsaladineai@yellowbook.com,Tammy,Saladine,qxrzfz29
ptuplingaj,ptuplingaj@i2i.jp,Pavia,Tupling,bcvatf93
lwollacottak,lwollacottak@xing.com,Lennie,Wollacott,ebdgwe62
nbarthelmeal,nbarthelmeal@nationalgeographic.com,Nadean,Barthelme,gkbakd91
cbabberam,cbabberam@w3.org,Clyde,Babber,zouwqk56
fdimentan,fdimentan@hostgator.com,Filbert,Diment,thxcvh85
cbennitao,cbennitao@mlb.com,Christal,Bennit,kkgjfj81
nspinellaap,nspinellaap@slate.com,Nikki,Spinella,gneofi35
tdemancheaq,tdemancheaq@youtu.be,Tuesday,Demanche,ohwxel31
bfennyar,bfennyar@google.com.hk,Berna,Fenny,oudohj27
jsellandas,jsellandas@cbslocal.com,Johann,Selland,anjozf77
sgayforthat,sgayforthat@virginia.edu,Shirlene,Gayforth,lyfish15
mgoldspinkau,mgoldspinkau@ebay.com,Mead,Goldspink,aajnum16
gbeiderbeckav,gbeiderbeckav@wikimedia.org,Guinna,Beiderbeck,mssbdx55
dsemradaw,dsemradaw@moonfruit.com,Donielle,Semrad,smjrza01
gmurgatroydax,gmurgatroydax@intel.com,Garwood,Murgatroyd,xpmvho33
yfroschaueray,yfroschaueray@cisco.com,Yehudi,Froschauer,yggqoq55
lkleesaz,lkleesaz@umn.edu,Lorine,Klees,njacjz37
hsatyfordb0,hsatyfordb0@fc2.com,Hastie,Satyford,pwxhpx38
imoreinisb1,imoreinisb1@craigslist.org,Irena,Moreinis,cvovgo21
gdunstoneb2,gdunstoneb2@spotify.com,Gena,Dunstone,ypkqbp09
gpeddoweb3,gpeddoweb3@spiegel.de,Grannie,Peddowe,kryamh28
wsaunterb4,wsaunterb4@virginia.edu,Westleigh,Saunter,dbuhbe47
htonksb5,htonksb5@mail.ru,Hardy,Tonks,wkivvg69
ysemarkeb6,ysemarkeb6@macromedia.com,Yvonne,Semarke,btziwe43
rlevib7,rlevib7@blog.com,Rasia,Levi,lkfdmn60
zgatelyb8,zgatelyb8@imgur.com,Zonda,Gately,akrube00
ekettlestringesb9,ekettlestringesb9@rambler.ru,Earlie,Kettlestringes,kypyaw15
eteacyba,eteacyba@fda.gov,Etti,Teacy,nbrrtj12
abaymanbb,abaymanbb@virginia.edu,Ailina,Bayman,mtogqo43
kcamachobc,kcamachobc@goo.gl,Kaylee,Camacho,yehngs51
gmuzzollobd,gmuzzollobd@berkeley.edu,Gerda,Muzzollo,gfsbub30
aflecknoebe,aflecknoebe@ehow.com,Ann,Flecknoe,wzkbrz53
fashwoodbf,fashwoodbf@msn.com,Florence,Ashwood,tfhmgk75
ccawsybg,ccawsybg@deliciousdays.com,Carlota,Cawsy,oiblqs68
mnoldabh,mnoldabh@booking.com,Mozes,Nolda,wppkyt95
bmajorbi,bmajorbi@yandex.ru,Bea,Major,zepyik87
dcattemullbj,dcattemullbj@mozilla.org,Duane,Cattemull,tgmnqk22
jvallentinbk,jvallentinbk@pbs.org,Jackelyn,Vallentin,qyvdrk70
fgounotbl,fgounotbl@bbc.co.uk,Faina,Gounot,jmivln94
osouleybm,osouleybm@sbwire.com,Olly,Souley,gihpln90
ngranvillebn,ngranvillebn@amazon.de,Nonnah,Granville,pcgcmb65
bguitebo,bguitebo@infoseek.co.jp,Benedick,Guite,neotjv82
lniavesbp,lniavesbp@chronoengine.com,Livvy,Niaves,kqkkqw40
dbarhemsbq,dbarhemsbq@google.pl,Dicky,Barhems,ynuupr92
ibankesbr,ibankesbr@ovh.net,Isabelita,Bankes,bonrqo08
mshitliffebs,mshitliffebs@paginegialle.it,Mariam,Shitliffe,illiob97
rdooganbt,rdooganbt@google.pl,Reina,Doogan,jknlhb05
tnoicebu,tnoicebu@netvibes.com,Trixy,Noice,rkmowk90
cmidlarbv,cmidlarbv@businessinsider.com,Clemmie,Midlar,wpctjf21
ctomsonbw,ctomsonbw@spiegel.de,Carney,Tomson,ewgcrp77
sstetlyebx,sstetlyebx@reverbnation.com,Seumas,Stetlye,kazris87
emillhillby,emillhillby@springer.com,Egor,Millhill,gfogom75
clyddiattbz,clyddiattbz@usnews.com,Charis,Lyddiatt,xbuoyg00
ywarykc0,ywarykc0@cnbc.com,Yankee,Waryk,csqqxd69
twarlowc1,twarlowc1@jugem.jp,Tedi,Warlow,suzkjd89
smcgookinc2,smcgookinc2@deliciousdays.com,Simeon,McGookin,vyilxu86
mpingstonc3,mpingstonc3@bluehost.com,Mikkel,Pingston,trtoes98
zdowneyc4,zdowneyc4@dedecms.com,Zollie,Downey,sdqner43
rbolesmac5,rbolesmac5@flavors.me,Rhonda,Bolesma,trqqre52
zgrocuttc6,zgrocuttc6@woothemes.com,Zitella,Grocutt,iikbfv62
lchippindalec7,lchippindalec7@timesonline.co.uk,Lianna,Chippindale,wttjsj54
bhargreavesc8,bhargreavesc8@smh.com.au,Bartholomeo,Hargreaves,gbooen76
rbofieldc9,rbofieldc9@google.com.au,Rhoda,Bofield,libcsm47
hivimeyca,hivimeyca@stumbleupon.com,Hercule,Ivimey,yepkzw94
cmartinhocb,cmartinhocb@ameblo.jp,Cordula,Martinho,qcqstr51
bclevecc,bclevecc@themeforest.net,Budd,Cleve,bkqvhr05
ntrembletcd,ntrembletcd@blinklist.com,Nickolaus,Tremblet,bhqzfr37
dwestleyce,dwestleyce@theatlantic.com,Dane,Westley,eyjzeo56
hblemencf,hblemencf@youku.com,Harbert,Blemen,upjmdm28
ascutcheoncg,ascutcheoncg@ucoz.ru,Allistir,Scutcheon,bygokf00
kjancikch,kjancikch@creativecommons.org,Kimbell,Jancik,odgmks04
mmadocjonesci,mmadocjonesci@tiny.cc,Milzie,Madoc-Jones,privsq55
aravenscrofttcj,aravenscrofttcj@nhs.uk,Aubine,Ravenscroftt,feswsl93
hmelmarck,hmelmarck@msn.com,Helene,Melmar,rufgkw36
jandriolicl,jandriolicl@mashable.com,Jessamyn,Andrioli,ekszhb54
zjannexcm,zjannexcm@fc2.com,Zelig,Jannex,ulxjtt75
shairsnapecn,shairsnapecn@wiley.com,Skylar,Hairsnape,ewrlri20
ashatfordco,ashatfordco@tinypic.com,Amara,Shatford,yqdxkp95
twhitehornecp,twhitehornecp@vimeo.com,Titos,Whitehorne,lqigbl38
amalafecq,amalafecq@canalblog.com,Adela,Malafe,ahmgvn02
nbarthrupcr,nbarthrupcr@hao123.com,Nert,Barthrup,gmbmkq80
kmaccrossoncs,kmaccrossoncs@blogger.com,Keene,MacCrosson,bmukgj14
gmattosoffct,gmattosoffct@phpbb.com,Gabe,Mattosoff,osctzh02
eothamcu,eothamcu@google.cn,Elmira,Otham,arxsdx60
rstanistreetcv,rstanistreetcv@discovery.com,Rickey,Stanistreet,ixumic63
shaugehcw,shaugehcw@dropbox.com,Smith,Haugeh,imizwx99
mthurlbycx,mthurlbycx@guardian.co.uk,Minta,Thurlby,pqbvev27
imckeaneycy,imckeaneycy@google.ru,Imelda,McKeaney,walzpy62
eheadcz,eheadcz@wisc.edu,Elvina,Head,qehkhh42
tharringtond0,tharringtond0@princeton.edu,Timmy,Harrington,ewzbtg00
asalsbergd1,asalsbergd1@sbwire.com,Aryn,Salsberg,ylemoc97
ndufourd2,ndufourd2@cam.ac.uk,Nealson,Dufour,liimvw91
ajeggod3,ajeggod3@smh.com.au,Adella,Jeggo,vcrwbo81
kbeckerlegd4,kbeckerlegd4@soup.io,Kincaid,Beckerleg,jpuyeb72
ytregaskisd5,ytregaskisd5@google.com.au,Yul,Tregaskis,urytgv22
barnoldd6,barnoldd6@independent.co.uk,Bethena,Arnold,vdglrm95
rkeffordd7,rkeffordd7@cdc.gov,Roobbie,Kefford,lafzxf12
dtongsd8,dtongsd8@oracle.com,Dewey,Tongs,zvhwzp15
eskeggsd9,eskeggsd9@springer.com,Elfrieda,Skeggs,qwjzyd93
spenwrightda,spenwrightda@so-net.ne.jp,Samara,Penwright,mftfst30
mprantldb,mprantldb@ebay.com,Margery,Prantl,rpjckq47
lmattiuzzidc,lmattiuzzidc@tinypic.com,Lonni,Mattiuzzi,clgdlh55
apembertondd,apembertondd@gnu.org,Adele,Pemberton,bmahvr70
ringersonde,ringersonde@123-reg.co.uk,Rolph,Ingerson,ynflvn25
kwilmutdf,kwilmutdf@live.com,Keene,Wilmut,wvudld21
esynderdg,esynderdg@blogtalkradio.com,Erhard,Synder,cxfwax39
ppriddledh,ppriddledh@un.org,Perceval,Priddle,dgzlou56
daronindi,daronindi@sciencedaily.com,Dilly,Aronin,dsbtpa91
tpegdendj,tpegdendj@economist.com,Terrance,Pegden,jaamou12
jmechandk,jmechandk@blogtalkradio.com,Jimmy,Mechan,mxyddb32
kbignaldl,kbignaldl@xing.com,Kerstin,Bignal,qqwhfj17
esykoradm,esykoradm@cyberchimps.com,Evelin,Sykora,wresop57
adearedn,adearedn@e-recht24.de,Angel,Deare,mhzomy40
ubathdo,ubathdo@foxnews.com,Udall,Bath,suutax61
amarskelldp,amarskelldp@com.com,Andres,Marskell,cwevoq67
adunniomdq,adunniomdq@merriam-webster.com,Adair,Dunniom,qwpdil69
kwaterstonedr,kwaterstonedr@sun.com,Kirby,Waterstone,wplele33
npitceathlyds,npitceathlyds@ca.gov,Ninnette,Pitceathly,ndfuis63
hsimoncellidt,hsimoncellidt@irs.gov,Hollyanne,Simoncelli,eixemr32
tcuffedu,tcuffedu@globo.com,Thomasin,Cuffe,uzapno78
ewebbendv,ewebbendv@quantcast.com,Ernesto,Webben,tqnxdl03
dgullefantdw,dgullefantdw@state.tx.us,Drud,Gullefant,pxzmuo59
amcquaidedx,amcquaidedx@cnet.com,Adeline,McQuaide,ddytbf70
cboikdy,cboikdy@intel.com,Christine,Boik,ixitcp56
lcourtneydz,lcourtneydz@samsung.com,Latashia,Courtney,bmczuc29
nfouldse0,nfouldse0@gmpg.org,Nicolina,Foulds,qimgcs85
bhansleye1,bhansleye1@cloudflare.com,Buiron,Hansley,afbmhf22
draywoode2,draywoode2@forbes.com,Debera,Raywood,rjlqmq43
jdjokice3,jdjokice3@blog.com,Julee,Djokic,ljmtys74
dhinkene4,dhinkene4@opensource.org,Drucie,Hinken,ujaieo03
cmanvellee5,cmanvellee5@t.co,Cherice,Manvelle,mrodny66
sfrankcome6,sfrankcome6@mozilla.com,Sharon,Frankcom,ikeetc94
mbighame7,mbighame7@omniture.com,Marion,Bigham,ttkqhu96
ceastere8,ceastere8@java.com,Colet,Easter,jkbzrk11
amichielie9,amichielie9@reddit.com,Anjela,Michieli,ugndma53
erapseyea,erapseyea@nymag.com,Elvina,Rapsey,tgykcq29
gboluseb,gboluseb@auda.org.au,Gerek,Bolus,xvwtbs77
lajeanec,lajeanec@purevolume.com,Laurie,Ajean,asjsia28
sarcharded,sarcharded@slideshare.net,Scarface,Archard,qkwfkb14
bdochartyee,bdochartyee@whitehouse.gov,Billie,Docharty,lcmzjl90
faughtonef,faughtonef@paginegialle.it,Faye,Aughton,eesdyr88
vphillipseg,vphillipseg@twitpic.com,Verge,Phillips,yxgfhn50
jbarbieeh,jbarbieeh@hao123.com,Joni,Barbie,dyxezg91
cpeschkaei,cpeschkaei@mtv.com,Conchita,Peschka,sbwpoh50
dupfoldej,dupfoldej@xrea.com,Domini,Upfold,oathfj62
tsparryek,tsparryek@cafepress.com,Thea,Sparry,hksqvf06
lsobeyel,lsobeyel@nationalgeographic.com,Lelah,Sobey,zvsxtc08
crendbaekem,crendbaekem@trellian.com,Clyde,Rendbaek,bcmdjl11
rmunningen,rmunningen@auda.org.au,Randie,Munning,tyyfsb24
lawcockeo,lawcockeo@google.nl,Lavinia,Awcock,rdmxrl04
mmaidlowep,mmaidlowep@addthis.com,Marlo,Maidlow,zxluif57
bgraineeq,bgraineeq@japanpost.jp,Broddie,Graine,fphhbr01
glanghamer,glanghamer@sciencedaily.com,Gasper,Langham,qgjzpt55
lblaguees,lblaguees@statcounter.com,Lacey,Blague,vjigsg17
aosbanet,aosbanet@time.com,Adler,Osban,qkdnyw42
cscrannyeu,cscrannyeu@latimes.com,Cassie,Scranny,whufpo66
eguilloudev,eguilloudev@reference.com,Elisabeth,Guilloud,lwksdf12
hbarukhew,hbarukhew@hc360.com,Humphrey,Barukh,snazoj42
iquickex,iquickex@addtoany.com,Ira,Quick,zkccqm21
jmoraley,jmoraley@illinois.edu,Jeremias,Moral,hntzux56
maspitalez,maspitalez@globo.com,Mersey,Aspital,ayuuke89
jcostif0,jcostif0@jugem.jp,Joel,Costi,rnmtsc14
loverellf1,loverellf1@newyorker.com,Lem,Overell,szegyg88
kstpierref2,kstpierref2@java.com,Kimbra,St. Pierre,hpkzgw72
cokeyf3,cokeyf3@about.com,Calypso,Okey,lxfbyd35
dcritchlowf4,dcritchlowf4@surveymonkey.com,Dorene,Critchlow,bubhdj38
ieastopf5,ieastopf5@bloomberg.com,Ingra,Eastop,tbnpgx09
mwybornf6,mwybornf6@cam.ac.uk,Morganica,Wyborn,jsefvg28
saseef7,saseef7@topsy.com,Sammie,Asee,vzdfmd50
mbouchierf8,mbouchierf8@webmd.com,Mabel,Bouchier,qkppdf77
hmacdowallf9,hmacdowallf9@eepurl.com,Hastings,MacDowall,oxzesr70
vbuffhamfa,vbuffhamfa@live.com,Viole,Buffham,butnph30
hpriestfb,hpriestfb@illinois.edu,Halsey,Priest,txkwuk69
sseabridgefc,sseabridgefc@e-recht24.de,Smith,Seabridge,bhezis97
drabjohnsfd,drabjohnsfd@geocities.com,Danyette,Rabjohns,ajamgd13
gsailerfe,gsailerfe@yandex.ru,Gustave,Sailer,dpajbu82
rcloustonff,rcloustonff@si.edu,Rogers,Clouston,bqizwk25
qdugaldfg,qdugaldfg@go.com,Quillan,Dugald,golgsi69
ffacchinifh,ffacchinifh@china.com.cn,Freedman,Facchini,dqokgl39
cstetlyefi,cstetlyefi@nps.gov,Carmon,Stetlye,xypgky49
sschadefj,sschadefj@sogou.com,Simonne,Schade,hshdqw35
kpopworthfk,kpopworthfk@addthis.com,Koressa,Popworth,ywuwiu40
dagneyfl,dagneyfl@storify.com,Dorena,Agney,tvlwlj66
svicarfm,svicarfm@a8.net,Shantee,Vicar,oyieal79
gratrayfn,gratrayfn@japanpost.jp,Gearalt,Ratray,ywuubf73
jcoatmanfo,jcoatmanfo@eventbrite.com,Jeffrey,Coatman,poqsmp83
bdominifp,bdominifp@salon.com,Byrom,Domini,iinynq66
osparshattfq,osparshattfq@cnn.com,Odetta,Sparshatt,qiwxws22
twagenfr,twagenfr@washingtonpost.com,Trumaine,Wagen,lgxrws88
ckaesmakersfs,ckaesmakersfs@com.com,Chicky,Kaesmakers,gqxcdb38
rkupkaft,rkupkaft@cbc.ca,Rhett,Kupka,gccwke23
asideryfu,asideryfu@chronoengine.com,Angel,Sidery,etvddm62
jlagadufv,jlagadufv@cnn.com,Jemmie,Lagadu,lgozcw91
bbalfefw,bbalfefw@aol.com,Billy,Balfe,mibxcf49
pyvenfx,pyvenfx@over-blog.com,Pietro,Yven,peexyg94
fspeddinfy,fspeddinfy@people.com.cn,Faber,Speddin,ywxphd69
mwildberfz,mwildberfz@taobao.com,Melonie,Wildber,ynswhc77
sburgissg0,sburgissg0@gmpg.org,Sandra,Burgiss,dhcvat72
sguerrerog1,sguerrerog1@google.co.jp,Sharona,Guerrero,rgwytj73
jredingg2,jredingg2@histats.com,Jacquie,Reding,kserag37
wheinzlerg3,wheinzlerg3@typepad.com,Worthington,Heinzler,odxxfd28
faudleyg4,faudleyg4@pagesperso-orange.fr,Frants,Audley,zmoljy55
hchicchettog5,hchicchettog5@networksolutions.com,Helen,Chicchetto,awxwmj93
ceykelg6,ceykelg6@latimes.com,Cord,Eykel,xrfrya36
mdearesg7,mdearesg7@prnewswire.com,Marcelle,Deares,amgopi77
mmacconneelyg8,mmacconneelyg8@ucsd.edu,Mercedes,MacConneely,xnyrhh32
bpuntg9,bpuntg9@hhs.gov,Boony,Punt,nvugav10
bsanciasga,bsanciasga@blogspot.com,Beauregard,Sancias,fjfzho71
fshottergb,fshottergb@pbs.org,Findley,Shotter,fejpck96
dboggc,dboggc@tamu.edu,Dimitry,Bog,rphqnm81
cmyallgd,cmyallgd@cbslocal.com,Clarita,Myall,fpoctv00
dburfittge,dburfittge@shutterfly.com,Doreen,Burfitt,gwonbp62
aisakovgf,aisakovgf@cam.ac.uk,Ashley,Isakov,ckqphv89
bhedlestonegg,bhedlestonegg@ask.com,Bendix,Hedlestone,ugvkqw23
egladinggh,egladinggh@kickstarter.com,Ellerey,Glading,hycxfe60
cgoodbygi,cgoodbygi@angelfire.com,Colleen,Goodby,tvxihx05
rpothergillgj,rpothergillgj@comcast.net,Roseanne,Pothergill,gohavb86
mmcgeachiegk,mmcgeachiegk@addtoany.com,Merrilee,McGeachie,rufbrl25
lechalliegl,lechalliegl@fc2.com,Lonnie,Echallie,tmvvoc27
oloudegm,oloudegm@sogou.com,Olly,Loude,pkrakw88
bbutsongn,bbutsongn@bbc.co.uk,Belicia,Butson,mxrjly23
scollingwoodgo,scollingwoodgo@java.com,Sheri,Collingwood,emylem81
halveygp,halveygp@weebly.com,Hoyt,Alvey,ypxgcz16
cwaygq,cwaygq@amazon.de,Cristen,Way,gfftyr28
ajaniakgr,ajaniakgr@yandex.ru,Annecorinne,Janiak,ixbjbn85
gfarnellgs,gfarnellgs@ow.ly,Genevra,Farnell,wyvluz88
dbattiegt,dbattiegt@pcworld.com,Domeniga,Battie,rfnqzr94
vtallentgu,vtallentgu@engadget.com,Veronique,Tallent,kujrpm30
hellgv,hellgv@engadget.com,Hanna,Ell,vvjnja44
sdennissgw,sdennissgw@dropbox.com,Slade,Denniss,cecfzr13
mcaplingx,mcaplingx@utexas.edu,Martie,Caplin,kjhebj45
jsudygy,jsudygy@goodreads.com,Jennilee,Sudy,rytxgj78
sswansongz,sswansongz@columbia.edu,Shanda,Swanson,nrxzrz66
kshaddickh0,kshaddickh0@purevolume.com,Karalee,Shaddick,rxpugd71
mskarinh1,mskarinh1@ibm.com,Minda,Skarin,qtozhg95
hhinchcliffeh2,hhinchcliffeh2@behance.net,Hilary,Hinchcliffe,qcgznk23
bwellerh3,bwellerh3@slashdot.org,Bryce,Weller,sklfvb95
tskateh4,tskateh4@alexa.com,Theressa,Skate,rdoftp54
kconibereh5,kconibereh5@nationalgeographic.com,Kit,Conibere,lnxntb73
wbarsamh6,wbarsamh6@usa.gov,Ware,Barsam,iuotia93
ugirdlerh7,ugirdlerh7@blogs.com,Ula,Girdler,smdroa64
kbertheleth8,kbertheleth8@symantec.com,Karlotte,Berthelet,kbrvya45
sboutellierh9,sboutellierh9@reuters.com,Sidonia,Boutellier,vmyepn86
lsurrha,lsurrha@miitbeian.gov.cn,Leela,Surr,ozikds78
rmishowhb,rmishowhb@deviantart.com,Regan,Mishow,qqvaer49
dpatingtonhc,dpatingtonhc@dagondesign.com,Dermot,Patington,einruw06
mhuxleyhd,mhuxleyhd@ning.com,Magdalen,Huxley,jeylkm06
blandrieuhe,blandrieuhe@freewebs.com,Benji,Landrieu,zsvhuw02
agillimghamhf,agillimghamhf@symantec.com,Arlina,Gillimgham,qhdnxq08
scrossonhg,scrossonhg@jugem.jp,Simonne,Crosson,brkggw96
cpantryhh,cpantryhh@oakley.com,Clarabelle,Pantry,tmqqan50
hshoobridgehi,hshoobridgehi@howstuffworks.com,Holden,Shoobridge,ikwwov12
ssnelsonhj,ssnelsonhj@kickstarter.com,Suzy,Snelson,cceuhb26
slissemorehk,slissemorehk@ask.com,Sibyl,Lissemore,sfgsij02
chaightonhl,chaightonhl@statcounter.com,Coleman,Haighton,pnemto55
jmoringhm,jmoringhm@php.net,Jehu,Moring,vgdtbj99
tcourtinhn,tcourtinhn@xing.com,Thorny,Courtin,tgkmph71
fingermanho,fingermanho@ted.com,Faye,Ingerman,ktqkph92
rgourlayhp,rgourlayhp@goo.gl,Richmound,Gourlay,cjdcdo74
ccompforthq,ccompforthq@google.co.uk,Christa,Compfort,pwifls93
jbeetonhr,jbeetonhr@bloomberg.com,Jehanna,Beeton,lfvmul87
rawmackhs,rawmackhs@opensource.org,Rikki,Awmack,xomgeq68
dgoodbarneht,dgoodbarneht@ocn.ne.jp,Darleen,Goodbarne,dlnbcs52
ksimonatohu,ksimonatohu@harvard.edu,Kingsly,Simonato,uitekj90
dcurmanhv,dcurmanhv@icq.com,Duncan,Curman,zextub84
knockleshw,knockleshw@ebay.co.uk,Keene,Nockles,epjino22
dstronghx,dstronghx@t.co,Darb,Strong,kogzyy49
slesaunierhy,slesaunierhy@auda.org.au,Sena,Lesaunier,txaeaf92
tpengilleyhz,tpengilleyhz@reuters.com,Teodoor,Pengilley,nvldwm92
ichamperleni0,ichamperleni0@newyorker.com,Isador,Champerlen,eqwjbu89
npflegeri1,npflegeri1@google.com.br,Ned,Pfleger,alldwa13
sbarbricki2,sbarbricki2@altervista.org,Sylvia,Barbrick,agfbfs21
ptitfordi3,ptitfordi3@hostgator.com,Porty,Titford,zbqild71
ocrosheri4,ocrosheri4@godaddy.com,Odella,Crosher,avuucc05
ashutti5,ashutti5@vk.com,Armando,Shutt,diiwta02
cgresswelli6,cgresswelli6@friendfeed.com,Cart,Gresswell,fubrgg20
djeunei7,djeunei7@dailymail.co.uk,Debi,Jeune,hvbtxw15
pnorcliffei8,pnorcliffei8@china.com.cn,Pru,Norcliffe,vosiuj06
rhursthousei9,rhursthousei9@seesaa.net,Rodrique,Hursthouse,wxnayn13
jmacfadzania,jmacfadzania@soundcloud.com,Jacques,MacFadzan,ibomct15
cjorgensenib,cjorgensenib@stumbleupon.com,Costanza,Jorgensen,njvedx75
craffic,craffic@canalblog.com,Claire,Raff,gjgjwg10
wgabottiid,wgabottiid@so-net.ne.jp,Winnifred,Gabotti,yqcuzi55
ajarretie,ajarretie@topsy.com,Archaimbaud,Jarret,tcmvca97
tpickif,tpickif@gnu.org,Tye,Pick,kcruct61
gbernakiewiczig,gbernakiewiczig@cdc.gov,Georgianna,Bernakiewicz,rwxklr95
skybirdih,skybirdih@yolasite.com,Salaidh,Kybird,blioyw49
wperhamii,wperhamii@github.com,Waverley,Perham,xrbczp14
dedsallij,dedsallij@indiatimes.com,David,Edsall,bxizee24
kgreenroaik,kgreenroaik@php.net,Klara,Greenroa,djezzw29
cpoddil,cpoddil@earthlink.net,Christy,Podd,jbktft74
ajanssensim,ajanssensim@lulu.com,Aaren,Janssens,wiovkt85
pgussinin,pgussinin@free.fr,Paddie,Gussin,zrwuvc80
edebullionio,edebullionio@hexun.com,Edyth,de Bullion,xyavlk97
pmawdsleyip,pmawdsleyip@utexas.edu,Prudence,Mawdsley,vkqadp72
glindblomiq,glindblomiq@newyorker.com,Gallagher,Lindblom,xgkfxi04
ogilcriestir,ogilcriestir@craigslist.org,Oswald,Gilcriest,gtvjsa04
lballaamis,lballaamis@craigslist.org,Lucien,Ballaam,szably98
tbarhamit,tbarhamit@ihg.com,Torrance,Barham,tnfvgv65
grenyardiu,grenyardiu@vistaprint.com,Giustino,Renyard,uoizzh41
lrawlcliffeiv,lrawlcliffeiv@ustream.tv,Liz,Rawlcliffe,stsyic45
ieasterbyiw,ieasterbyiw@washingtonpost.com,Ilysa,Easterby,wicvxz00
hmacrinnix,hmacrinnix@dropbox.com,Haley,MacRinn,ukwmfa45
sgrimestoneiy,sgrimestoneiy@businesswire.com,Sephira,Grimestone,aqtqoy72
eselliz,eselliz@reverbnation.com,Efrem,Sell,aprfaw28
tfilkinj0,tfilkinj0@reddit.com,Tabatha,Filkin,jaffsu05
cpiscopielloj1,cpiscopielloj1@canalblog.com,Correy,Piscopiello,qfqxnz38
sklosgesj2,sklosgesj2@unblog.fr,Samara,Klosges,wzxanv84
tattackj3,tattackj3@reuters.com,Tadio,Attack,hjkncv52
iassurj4,iassurj4@unblog.fr,Ilaire,Assur,zxcfpk62
drakej5,drakej5@youku.com,Dora,Rake,owrhjh40
bcammishj6,bcammishj6@usgs.gov,Belle,Cammish,gryugy73
vsawdayj7,vsawdayj7@gravatar.com,Viva,Sawday,eyrvwf10
epuffettj8,epuffettj8@netlog.com,Estrella,Puffett,quenbq45
agoddingj9,agoddingj9@de.vu,Arlie,Godding,nqdmxg46
twalentynowiczja,twalentynowiczja@hostgator.com,Terence,Walentynowicz,nnqjcm76
darmourjb,darmourjb@dedecms.com,Dallas,Armour,gqulvo09
vhutcheonjc,vhutcheonjc@aboutads.info,Valma,Hutcheon,yybjas22
wfarriesjd,wfarriesjd@thetimes.co.uk,Wilt,Farries,sijwjw65
lbeenje,lbeenje@indiatimes.com,Layton,Been,bxofuo94
kvaneedenjf,kvaneedenjf@i2i.jp,Knox,Van Eeden,qcnolt60
atogherjg,atogherjg@apache.org,Agnola,Togher,rsbwff46
dfilkovjh,dfilkovjh@oracle.com,Dante,Filkov,ffxgrr18
pchretienji,pchretienji@altervista.org,Penelopa,Chretien,atxeoo19
cbrungerjj,cbrungerjj@example.com,Cristionna,Brunger,xgkklh62
mdundridgejk,mdundridgejk@wired.com,Meaghan,Dundridge,nhtdrd05
gocklinjl,gocklinjl@cyberchimps.com,Gordan,Ocklin,jlomwa00
wmacneelyjm,wmacneelyjm@etsy.com,Willie,MacNeely,npwnwi15
zcornessjn,zcornessjn@europa.eu,Zachery,Corness,bdfqgr04
zharvettjo,zharvettjo@state.tx.us,Zeb,Harvett,irgldp56
bclissoldjp,bclissoldjp@lulu.com,Burtie,Clissold,erahzg30
rfidgejq,rfidgejq@furl.net,Reidar,Fidge,ojxrar69
sstqueintainjr,sstqueintainjr@people.com.cn,Shaun,St. Queintain,joqwtb47
jfeigejs,jfeigejs@tinypic.com,Jule,Feige,hbtngp79
esanneyjt,esanneyjt@stanford.edu,Ellen,Sanney,wijkcd27
wnavarijoju,wnavarijoju@imgur.com,Wiley,Navarijo,mkimuf12
gmccobbjv,gmccobbjv@shareasale.com,Genia,McCobb,yqyvxd69
yodwyerjw,yodwyerjw@technorati.com,Yvonne,O'Dwyer,xbqhxo12
sellamjx,sellamjx@google.cn,Sasha,Ellam,wgvvio04
mmacranaldjy,mmacranaldjy@ifeng.com,Marlon,MacRanald,ojuoyt18
dtalkingtonjz,dtalkingtonjz@w3.org,Damien,Talkington,hjolqa58
oiacopettik0,oiacopettik0@digg.com,Oliy,Iacopetti,hofukz47
lparrisk1,lparrisk1@fotki.com,Lovell,Parris,nabphv77
chamberstonek2,chamberstonek2@last.fm,Clement,Hamberstone,ntwnzj41
dhowlink3,dhowlink3@phoca.cz,Devon,Howlin,fdummq62
ptrowk4,ptrowk4@sciencedaily.com,Palmer,Trow,vxvfyr48
cnaultyk5,cnaultyk5@addthis.com,Clint,Naulty,heyyds35
rarisk6,rarisk6@npr.org,Rozella,Aris,eddfvc62
ndigmank7,ndigmank7@addthis.com,Nani,Digman,wezfev31
bgrabertk8,bgrabertk8@bing.com,Bren,Grabert,oujfqm95
tlinkk9,tlinkk9@myspace.com,Terrell,Link,lcseko18
dbabbeka,dbabbeka@hostgator.com,Denney,Babbe,nmebor03
mcasarinokb,mcasarinokb@timesonline.co.uk,Madelene,Casarino,hcdpju62
aalennikovkc,aalennikovkc@pen.io,Allyn,Alennikov,vuzrdh91
schasmorkd,schasmorkd@sun.com,Steffie,Chasmor,aeugsc43
hhatcherke,hhatcherke@tripadvisor.com,Hube,Hatcher,zkbdgh13
bwindibankkf,bwindibankkf@huffingtonpost.com,Bonnibelle,Windibank,fhsfda34
mwestmarlandkg,mwestmarlandkg@dailymail.co.uk,Merrilee,Westmarland,dzgpik73
lmacpakekh,lmacpakekh@360.cn,Linzy,MacPake,wzuyeu71
chaironki,chaironki@usgs.gov,Chaunce,Hairon,txzxqv77
ldearlekj,ldearlekj@geocities.com,Lizette,Dearle,kvfrdo71
cwalkingshawkk,cwalkingshawkk@histats.com,Casey,Walkingshaw,jrholp00
treddishkl,treddishkl@prlog.org,Tiphany,Reddish,jqkrop98
sjustunkm,sjustunkm@usda.gov,Son,Justun,cgitkr61
aremnantkn,aremnantkn@engadget.com,Arleen,Remnant,chfyjv80
kcottemko,kcottemko@amazon.com,Kare,Cottem,plbyqq37
gjohnssonkp,gjohnssonkp@ibm.com,Glenda,Johnsson,ousknt65
mfrodsamkq,mfrodsamkq@sourceforge.net,Modestine,Frodsam,ehdjea96
acottonkr,acottonkr@nature.com,Arliene,Cotton,btgaco97
dmayfieldks,dmayfieldks@geocities.jp,Dante,Mayfield,airyni78
cmcgrudderkt,cmcgrudderkt@noaa.gov,Cindee,McGrudder,lfqrji45
nhospitalku,nhospitalku@typepad.com,Nestor,Hospital,uhlgrb71
bgoldbergkv,bgoldbergkv@adobe.com,Blayne,Goldberg,wzmwwk92
mstratzkw,mstratzkw@artisteer.com,Mordecai,Stratz,gnktyh05
dtosdevinkx,dtosdevinkx@paginegialle.it,Darrel,Tosdevin,rhwcpa29
rfrancescoccioky,rfrancescoccioky@moonfruit.com,Rica,Francescoccio,qsjvhp69
kprazerkz,kprazerkz@hibu.com,Kimberlee,Prazer,wybapg88
romullanel0,romullanel0@addthis.com,Rogers,O' Mullane,gxpvmc33
ewhittleseel1,ewhittleseel1@clickbank.net,Erna,Whittlesee,khrdcj80
cazemal2,cazemal2@feedburner.com,Candy,Azema,fwnqae93
mcurtaynel3,mcurtaynel3@weibo.com,Madelene,Curtayne,arisde46
sostl4,sostl4@blogtalkradio.com,Shellie,Ost,dbiflm67
skeell5,skeell5@smugmug.com,Sonia,Keel,mguqpd92
aeykelhofl6,aeykelhofl6@tumblr.com,Ardys,Eykelhof,urucua01
jingrahaml7,jingrahaml7@google.com,Jacob,Ingraham,clzltd77
dbintonl8,dbintonl8@hao123.com,Dugald,Binton,kstncz80
khaywoodl9,khaywoodl9@bravesites.com,Karla,Haywood,ugfrvt76
ccordeaula,ccordeaula@eepurl.com,Catarina,Cordeau],hxmynp47
fripsherlb,fripsherlb@accuweather.com,Florida,Ripsher,iwlfsk32
cmaccomiskeylc,cmaccomiskeylc@elpais.com,Carmine,MacComiskey,kgagjk58
pboonld,pboonld@google.com.hk,Phip,Boon,xxaxyl06
zcromackle,zcromackle@flavors.me,Zulema,Cromack,znuggz04
eabelovitzlf,eabelovitzlf@jiathis.com,Emogene,Abelovitz,aawoww28
llewinslg,llewinslg@diigo.com,Lydon,Lewins,rygghn33
pdunstanlh,pdunstanlh@smh.com.au,Penny,Dunstan,tuwnca67
cnoseworthyli,cnoseworthyli@mlb.com,Crystal,Noseworthy,dijdfe33
rgouninlj,rgouninlj@netlog.com,Rosalie,Gounin,qkxtal14
niacovideslk,niacovideslk@hostgator.com,Nickie,Iacovides,ecciiv29
mkearll,mkearll@gizmodo.com,Miguela,Kear,aihsou15
tashbrooklm,tashbrooklm@google.com,Trever,Ashbrook,cyhlev67
mgowryln,mgowryln@ftc.gov,Micki,Gowry,albedl68
clohdenlo,clohdenlo@wordpress.com,Ceciley,Lohden,cqeqwr01
kheightlp,kheightlp@gov.uk,Kariotta,Height,igeftx45
kdudmanlq,kdudmanlq@etsy.com,Karena,Dudman,pkhzhj96
gfillerlr,gfillerlr@moonfruit.com,Gorden,Filler,embsen09
clyffels,clyffels@prlog.org,Clare,Lyffe,apndfd59
clappinlt,clappinlt@amazonaws.com,Candie,Lappin,yudidh23
dchomiszewskilu,dchomiszewskilu@list-manage.com,Doralynn,Chomiszewski,zosjum52
dklimkinlv,dklimkinlv@blogtalkradio.com,Dore,Klimkin,opdpgh65
aesleylw,aesleylw@networksolutions.com,Albrecht,Esley,axefgf88
rdanilenkolx,rdanilenkolx@multiply.com,Ransell,Danilenko,ymquhx84
jtunyly,jtunyly@hostgator.com,Judy,Tuny,pijzkq07
mdunnettlz,mdunnettlz@google.it,Myrvyn,Dunnett,uhsdiq70
nchallinorm0,nchallinorm0@symantec.com,Nicolette,Challinor,ewxrnz68
rdoggettm1,rdoggettm1@artisteer.com,Ransell,Doggett,fandmz71
mkernerm2,mkernerm2@usda.gov,Murry,Kerner,mrkxgw55
bdalgardnom3,bdalgardnom3@sphinn.com,Berkie,Dalgardno,qfpusa72
cwilprechtm4,cwilprechtm4@gmpg.org,Cassie,Wilprecht,gxgyjw14
ahamlingtonm5,ahamlingtonm5@addthis.com,Antone,Hamlington,xkpnwh63
vbellworthym6,vbellworthym6@cpanel.net,Vail,Bellworthy,xavqsl77
ewhithalghm7,ewhithalghm7@devhub.com,Elenore,Whithalgh,dmjwai93
kcarressm8,kcarressm8@sitemeter.com,Kendal,Carress,fcdpyw18
kwederellm9,kwederellm9@craigslist.org,Kyle,Wederell,vgfvyt76
bbunhillma,bbunhillma@usda.gov,Boot,Bunhill,whcctg01
pferraromb,pferraromb@flavors.me,Peyter,Ferraro,avekqg15
cpaolimc,cpaolimc@sina.com.cn,Celle,Paoli,zpiude48
arussemd,arussemd@pbs.org,Agustin,Russe,izmevm03
gpetraitisme,gpetraitisme@smugmug.com,Gabby,Petraitis,qnolew74
edibernardomf,edibernardomf@dyndns.org,Eudora,Di Bernardo,maerfl61
cchappellmg,cchappellmg@fotki.com,Cati,Chappell,rctyfe72
dpheaseymh,dpheaseymh@about.com,Dorice,Pheasey,irpncr71
apalffreymi,apalffreymi@si.edu,Aubry,Palffrey,iudios47
akeelinmj,akeelinmj@huffingtonpost.com,Angeline,Keelin,qvlagx04
calflattmk,calflattmk@github.com,Cecilio,Alflatt,sfanbl45
qcricketml,qcricketml@ca.gov,Quinton,Cricket,hqmste94
finchcombmm,finchcombmm@vinaora.com,Frasquito,Inchcomb,qcipad92
dbrokemn,dbrokemn@yellowbook.com,Dinah,Broke,ggeuoc82
swalfordmo,swalfordmo@youtube.com,Saleem,Walford,bdoows19
lsmuthmp,lsmuthmp@eepurl.com,Lefty,Smuth,ucsquo51
jfarhertymq,jfarhertymq@wikimedia.org,Jobi,Farherty,nwwjwt96
alicciardellomr,alicciardellomr@g.co,Anny,Licciardello,xucmld10
shefferonms,shefferonms@pcworld.com,Shepherd,Hefferon,fpvshq46
mearingeymt,mearingeymt@gmpg.org,Misha,Earingey,asrysk34
amoffetmu,amoffetmu@github.com,Alyssa,Moffet,lbwgos61
mtallantmv,mtallantmv@youtube.com,Merrilee,Tallant,pnndac00
craybouldmw,craybouldmw@wp.com,Carilyn,Raybould,iijmnd53
ldodimeadmx,ldodimeadmx@ibm.com,Link,Dodimead,faadhs02
hpeggremmy,hpeggremmy@yahoo.co.jp,Hana,Peggrem,ajfupz37
abarnbymz,abarnbymz@exblog.jp,Annabela,Barnby,akosue26
tsacklern0,tsacklern0@tmall.com,Thebault,Sackler,yujjbj75
aandresn1,aandresn1@adobe.com,Aryn,Andres,jsxiau47
dhabbertn2,dhabbertn2@comsenz.com,Devy,Habbert,avoupd80
ebartozzin3,ebartozzin3@columbia.edu,Elnora,Bartozzi,ptlgnn26
sfilippuccin4,sfilippuccin4@fc2.com,Sandy,Filippucci,cwyzpt10
carbern5,carbern5@skyrock.com,Chaunce,Arber,hakitk23
kdurnilln6,kdurnilln6@va.gov,Kasper,Durnill,nchare03
sjaksicn7,sjaksicn7@pinterest.com,Shandee,Jaksic,boxcfb33
jbutterfieldn8,jbutterfieldn8@comcast.net,Jacky,Butterfield,xbgvcv84
dmargiottan9,dmargiottan9@forbes.com,Drusy,Margiotta,wiyzlo98
hpesterna,hpesterna@nature.com,Hobey,Pester,ozvopz89
emcasgillnb,emcasgillnb@harvard.edu,Emmeline,McAsgill,hplzvj37
bwilbudnc,bwilbudnc@linkedin.com,Britney,Wilbud,yayzjb89
jshovlinnd,jshovlinnd@mozilla.com,Jemmy,Shovlin,hfrcva36
bbleuene,bbleuene@wunderground.com,Budd,Bleue,zqqpjn85
amowsdillnf,amowsdillnf@ycombinator.com,Ashby,Mowsdill,vmjnck68
zchiecong,zchiecong@opensource.org,Zacharie,Chieco,bhtniu06
mbillingnh,mbillingnh@1und1.de,Maryanna,Billing,hpgsia96
clevisonni,clevisonni@theatlantic.com,Cass,Levison,ipqdye36
elorensnj,elorensnj@dmoz.org,Ethyl,Lorens,yffaad08
ddeerynk,ddeerynk@bloglovin.com,Demott,Deery,dyikti49
hbonarnl,hbonarnl@simplemachines.org,Hillary,Bonar,cdjclw70
dhorningnm,dhorningnm@wp.com,Deck,Horning,dqbihh62
cmacgauhynn,cmacgauhynn@cmu.edu,Claudian,MacGauhy,wgovvs97
vscrauniageno,vscrauniageno@t-online.de,Valentina,Scrauniage,yxievf39
dliddellnp,dliddellnp@theglobeandmail.com,Dave,Liddell,pdmyhb52
gwinknq,gwinknq@nydailynews.com,Gae,Wink,myghog86
bnortheastnr,bnortheastnr@dagondesign.com,Billi,Northeast,rrxjzq18
ckindlens,ckindlens@nydailynews.com,Cairistiona,Kindle,mcpcqv04
gdellenbrooknt,gdellenbrooknt@163.com,Gizela,Dellenbrook,qzgvtd56
rjuzeknu,rjuzeknu@example.com,Rhodie,Juzek,jjhudm50
jtollfreenv,jtollfreenv@github.com,Justis,Tollfree,pectrj13
akalkernw,akalkernw@hhs.gov,Arne,Kalker,glstdu62
lguillondnx,lguillondnx@wikipedia.org,Lane,Guillond,bxtopv51
crowesny,crowesny@netlog.com,Chloe,Rowes,vqoxlr67
peilhermannnz,peilhermannnz@prweb.com,Paton,Eilhermann,vfnbbt08
lrosenauero0,lrosenauero0@mit.edu,Lucila,Rosenauer,ftxvof41
hcaveo1,hcaveo1@biblegateway.com,Henrietta,Cave,jldbed22
fdeppero2,fdeppero2@rambler.ru,Florrie,Depper,cwmkcn09
svicento3,svicento3@reverbnation.com,Scott,Vicent,wggonf92
skeyo4,skeyo4@domainmarket.com,Sybille,Key,jbuyox35
eledgero5,eledgero5@soundcloud.com,Enrique,Ledger,iwlynr93
ydearello6,ydearello6@whitehouse.gov,Yorker,Dearell,nuzpvg04
kfilchakovo7,kfilchakovo7@youtu.be,Karisa,Filchakov,wbzrfl48
hgallaharo8,hgallaharo8@google.com.au,Hubey,Gallahar,nnrzzn53
hdupreeo9,hdupreeo9@rakuten.co.jp,Hilda,Dupree,rxeoma64
sburmasteroa,sburmasteroa@friendfeed.com,Sam,Burmaster,tnmolt74
hpatisob,hpatisob@wikispaces.com,Hayden,Patis,wvpebv48
thouseagooc,thouseagooc@wordpress.com,Timmie,Houseago,lyruof63
tworthyod,tworthyod@amazon.com,Taryn,Worthy,fnsqrn05
eeskriggoe,eeskriggoe@ucoz.com,Erinn,Eskrigg,tefhps39
cgreenheadof,cgreenheadof@myspace.com,Catlee,Greenhead,cxniam40
jstraussog,jstraussog@cyberchimps.com,Jyoti,Strauss,epbpti09
umeriotoh,umeriotoh@nifty.com,Ulick,Meriot,xccuzr97
bjuliffoi,bjuliffoi@technorati.com,Bertina,Juliff,gdypft07
rneilandsoj,rneilandsoj@google.com.br,Ryon,Neilands,swhuii63
nblakeleyok,nblakeleyok@etsy.com,Noelyn,Blakeley,uwpfgg22
mhughmanol,mhughmanol@dyndns.org,Miran,Hughman,tokdgs62
rlightbodyom,rlightbodyom@wikispaces.com,Rustin,Lightbody,jvhgvh92
ftrussellon,ftrussellon@soup.io,Ferdinande,Trussell,xrfuux63
lsurmeiroo,lsurmeiroo@netscape.com,Linc,Surmeir,tbkcba81
fprallop,fprallop@sun.com,Fulvia,Prall,pnjlqg20
bgullisoq,bgullisoq@msu.edu,Bessy,Gullis,opxphv47
medwinsor,medwinsor@alibaba.com,Marylinda,Edwins,dxrqeb16
nbomanos,nbomanos@reference.com,Noami,Boman,zqzskw03
acockburnot,acockburnot@slate.com,Amelia,Cockburn,riunvd91
ikedgeou,ikedgeou@globo.com,Ingra,Kedge,hrfkku49
jbensleyov,jbensleyov@livejournal.com,Jaclyn,Bensley,pvencs89
jkolushevow,jkolushevow@utexas.edu,Jada,Kolushev,lrngwk14
afanceox,afanceox@berkeley.edu,Angelia,Fance,ulrwoz55
jpiegromeoy,jpiegromeoy@stanford.edu,Jacinthe,Piegrome,njggar50
lsirmonoz,lsirmonoz@soundcloud.com,Layton,Sirmon,diowjs55
fdotsonp0,fdotsonp0@nymag.com,Florinda,Dotson,mkdmdj74
mcullinanep1,mcullinanep1@cdc.gov,Maible,Cullinane,orodtm19
mrabbetp2,mrabbetp2@princeton.edu,Maxwell,Rabbet,lkqied23
srowthornp3,srowthornp3@zdnet.com,Sampson,Rowthorn,hyfctj43
echazellep4,echazellep4@freewebs.com,Eleonora,Chazelle,mjfojf21
pyellp5,pyellp5@moonfruit.com,Pate,Yell,twspna63
dmcgeneayp6,dmcgeneayp6@jalbum.net,Dodie,McGeneay,gphgtg46
jgrindallp7,jgrindallp7@google.de,Jimmie,Grindall,xcenee44
apavierp8,apavierp8@go.com,Averil,Pavier,afwvov40
lreutherp9,lreutherp9@ycombinator.com,Leonidas,Reuther,zhivub41
hfloatpa,hfloatpa@berkeley.edu,Helaine,Float,rgqhdi31
jadamopb,jadamopb@hud.gov,Jazmin,Adamo,oylssf17
ahutchesonpc,ahutchesonpc@feedburner.com,Ainslee,Hutcheson,crlcfo84
novendonpd,novendonpd@netlog.com,Nollie,Ovendon,vhaeif98
mmongerpe,mmongerpe@mediafire.com,Merrel,Monger,keyeew59
rboornpf,rboornpf@com.com,Reade,Boorn,nboxuh80
crickabypg,crickabypg@chronoengine.com,Chandra,Rickaby,yknllf92
umcilmorowph,umcilmorowph@free.fr,Ursulina,McIlmorow,knokol73
hchildespi,hchildespi@webeden.co.uk,Helsa,Childes,uxrpzw82
dgerranspj,dgerranspj@google.ca,Delphine,Gerrans,ltsnmc08
kallrightpk,kallrightpk@diigo.com,Kerianne,Allright,uqpmkj76
coliffepl,coliffepl@photobucket.com,Clerkclaude,Oliffe,huzcgl51
nmontfortpm,nmontfortpm@odnoklassniki.ru,Niven,Montfort,wcnrcl23
jwelbelovepn,jwelbelovepn@slideshare.net,Jeanelle,Welbelove,nbgzxn01
ccoombspo,ccoombspo@blinklist.com,Carny,Coombs,yynqvo92
abulfordpp,abulfordpp@netscape.com,Angeline,Bulford,sysywt70
bpotterilpq,bpotterilpq@time.com,Bertrando,Potteril,hxtqko11
eboydellpr,eboydellpr@odnoklassniki.ru,Edlin,Boydell,esubeh03
dturfusps,dturfusps@ning.com,Darline,Turfus,zdbebf64
nrontreept,nrontreept@yahoo.com,Nicky,Rontree,mdorir62
aandersenpu,aandersenpu@google.com.au,Angelique,Andersen,ztklkx48
bcharlickpv,bcharlickpv@t.co,Betsy,Charlick,suoxjc00
dcurreenpw,dcurreenpw@forbes.com,Donaugh,Curreen,gzrrou15
blordpx,blordpx@squidoo.com,Babita,Lord,iifnmx09
msandeverpy,msandeverpy@princeton.edu,Mariska,Sandever,mkmier64
ndelacourtpz,ndelacourtpz@etsy.com,Normy,Delacourt,sbqnuv80
ejupeq0,ejupeq0@ibm.com,Eugenie,Jupe,mkxfoy67
gscreatonq1,gscreatonq1@spotify.com,Gaylene,Screaton,dctmnu26
chorderq2,chorderq2@mysql.com,Caleb,Horder,gbfhff64
dostickq3,dostickq3@jimdo.com,Doe,Ostick,dtojbq78
searlesq4,searlesq4@dot.gov,Skelly,Earles,bctwla69
uantalffyq5,uantalffyq5@tuttocitta.it,Uriah,Antalffy,devpyd06
smccoryq6,smccoryq6@freewebs.com,Sonnie,McCory,kverqw83
zterrazzoq7,zterrazzoq7@weebly.com,Zoe,Terrazzo,xnimgl28
rlaydonq8,rlaydonq8@rakuten.co.jp,Roberto,Laydon,fjxggp35
ujannq9,ujannq9@globo.com,Ulises,Jann,crfsyt26
dyerringtonqa,dyerringtonqa@friendfeed.com,Dyan,Yerrington,beuxno72
lgascarqb,lgascarqb@salon.com,Linnell,Gascar,mzdbbo97
jpetersqc,jpetersqc@a8.net,Johnnie,Peters,xeqqya82
ascandwrightqd,ascandwrightqd@is.gd,Amata,Scandwright,bcpxar49
cmagnusqe,cmagnusqe@issuu.com,Christian,Magnus,oboltr25
ocarnalanqf,ocarnalanqf@disqus.com,Ogdon,Carnalan,mwzpge48
hglaysherqg,hglaysherqg@aol.com,Hortense,Glaysher,hljzcx56
atomeiqh,atomeiqh@upenn.edu,Aguie,Tomei,mahjhs95
rbottrellqi,rbottrellqi@cnn.com,Roxana,Bottrell,wlcdkn48
anorthcliffeqj,anorthcliffeqj@bloglines.com,Ansley,Northcliffe,tvkrgu33
jscocroftqk,jscocroftqk@hhs.gov,Jarrad,Scocroft,rbeijs53
lchoppenql,lchoppenql@springer.com,Lockwood,Choppen,yeoqjc91
cwalthallqm,cwalthallqm@google.cn,Creigh,Walthall,rmztiw29
lpolsonqn,lpolsonqn@g.co,Luciana,Polson,qyvuda62
vvanderkruysqo,vvanderkruysqo@bloglines.com,Virgie,Van der Kruys,qfeoje49
jdmitrievskiqp,jdmitrievskiqp@bloglines.com,Jannel,Dmitrievski,gotuzv50
jbagnellqq,jbagnellqq@youku.com,Judy,Bagnell,vzffyk06
hjerroltqr,hjerroltqr@upenn.edu,Helsa,Jerrolt,qgslor06
cattonqs,cattonqs@upenn.edu,Carney,Atton,agwpoi54
legleqt,legleqt@google.com,Lloyd,Egle,ldybaz01
ecrudgintonqu,ecrudgintonqu@nbcnews.com,Eachelle,Crudginton,shucwb72
gelderqv,gelderqv@ox.ac.uk,Glenn,Elder,soiagk58
esidawayqw,esidawayqw@w3.org,Ephraim,Sidaway,sgvhxl13
eelsmereqx,eelsmereqx@amazonaws.com,Estell,Elsmere,wjdncq83
mosuairdqy,mosuairdqy@umn.edu,Marius,O'Suaird,iqnsmb13
bjexqz,bjexqz@blogspot.com,Betsy,Jex,nwtvfj82
rbatcockr0,rbatcockr0@dailymotion.com,Robinson,Batcock,kdolvr34
cironr1,cironr1@scribd.com,Carma,Iron,sijmvo10
dhabbeshawr2,dhabbeshawr2@taobao.com,Demetri,Habbeshaw,rftlki57
ahourstanr3,ahourstanr3@flickr.com,Anallese,Hourstan,lzaoza97
mwallenr4,mwallenr4@tmall.com,Mose,Wallen,lbrfor85
cmarrer5,cmarrer5@imageshack.us,Corrie,Marre,kanguq76
candrer6,candrer6@hatena.ne.jp,Chrysa,Andre,jwnwqb09
estonnerr7,estonnerr7@geocities.com,Elnore,Stonner,qsgaet28
trosbothamr8,trosbothamr8@cnn.com,Tamar,Rosbotham,rknkwy33
mmercerr9,mmercerr9@merriam-webster.com,Michail,Mercer,abscbp76
gdivera,gdivera@cornell.edu,Genni,Dive,cuxtbj83
fgeraldorb,fgeraldorb@forbes.com,Fanni,Geraldo,ihsfln76
sverrillsrc,sverrillsrc@fc2.com,Sherlocke,Verrills,jzzpuz32
ckinclard,ckinclard@icio.us,Clair,Kincla,qblgrh04
abuglassre,abuglassre@dailymail.co.uk,Aldis,Buglass,geieqy70
askellingtonrf,askellingtonrf@bandcamp.com,Alecia,Skellington,eguqse29
mdartherg,mdartherg@twitpic.com,Maxwell,Darthe,ecjdwd56
rselwynrh,rselwynrh@aboutads.info,Rosetta,Selwyn,mxebry43
dwillsmoreri,dwillsmoreri@topsy.com,Donny,Willsmore,elsypx34
tburehillrj,tburehillrj@devhub.com,Tabina,Burehill,dhqwlg91
afairheadrk,afairheadrk@kickstarter.com,Angelique,Fairhead,sbzwfv80
bspreadrl,bspreadrl@amazon.de,Brien,Spread,yyymyb12
lsiggrm,lsiggrm@soundcloud.com,Lisbeth,Sigg,wswwfz58
imantzrn,imantzrn@globo.com,Ines,Mantz,raksgj34
lbrounfieldro,lbrounfieldro@devhub.com,Layla,Brounfield,yghqyg83
tscoonrp,tscoonrp@bloomberg.com,Tabbi,Scoon,uqhycp73
jburgynrq,jburgynrq@dot.gov,Jorrie,Burgyn,ttqjul11
akoppelrr,akoppelrr@eventbrite.com,Allyn,Koppel,llckdn80
