username,email,firstname,lastname,password
llindroos0,llindroos0@usa.gov,Leelah,Lindroos,rsinuy71
tgoadby1,tgoadby1@discovery.com,Trixy,Goadby,llwprm24
jaish2,jaish2@cdbaby.com,Jehu,Aish,imeexc40
mhartop3,mhartop3@hud.gov,Mohandas,Hartop,hpoqzl26
zkobpal4,zkobpal4@oracle.com,Zared,Kobpal,aaavub58
tfanner5,tfanner5@marketwatch.com,Tabbi,Fanner,vipptg85
pdiegan6,pdiegan6@umn.edu,Porty,Diegan,lrfjes59
pglowach7,pglowach7@ed.gov,Parker,Glowach,bxhrvq21
adosdale8,adosdale8@flickr.com,Adham,Dosdale,fvxbpx15
slangstone9,slangstone9@diigo.com,Stacia,Langstone,lvjnpd18
pkochela,pkochela@networkadvertising.org,Philippine,Kochel,vwuwuy81
bbilneyb,bbilneyb@cisco.com,Bastien,Bilney,tttobc15
wstutelyc,wstutelyc@angelfire.com,Wynne,Stutely,kvhgqy62
cseresd,cseresd@shinystat.com,Carrissa,Seres,rqxard31
dforme,dforme@bravesites.com,Davita,Form,gnxksh83
bimessonf,bimessonf@go.com,Bert,Imesson,owznjl59
bivanitsag,bivanitsag@gravatar.com,Burt,Ivanitsa,ixsjaa53
tbottjerh,tbottjerh@rediff.com,Tammy,Bottjer,jawtjs98
dfranci,dfranci@youtu.be,Dennison,Franc,hyusfl94
amckerronj,amckerronj@netvibes.com,Aviva,McKerron,tioadq50
rcantopherk,rcantopherk@weebly.com,Reggi,Cantopher,ksaspw39
ctennickl,ctennickl@qq.com,Carma,Tennick,ekntcv64
sgrishuninm,sgrishuninm@flavors.me,Sergei,Grishunin,xbtvxa56
lflatmann,lflatmann@answers.com,Letitia,Flatman,djwxax00
jfazano,jfazano@china.com.cn,Josefa,Fazan,fwkpwn52
dmcgookinp,dmcgookinp@surveymonkey.com,Dulciana,McGookin,cmdkkp46
drenggerq,drenggerq@artisteer.com,Danell,Rengger,vvbzei90
rsewterr,rsewterr@is.gd,Rockey,Sewter,pdtqhj54
lwilkersons,lwilkersons@census.gov,Lou,Wilkerson,eabnmh07
bloost,bloost@princeton.edu,Baillie,Loos,ltophu05
eburgoinu,eburgoinu@over-blog.com,Elnore,Burgoin,lvcbbl47
arowatv,arowatv@last.fm,Anton,Rowat,mwlwoh84
cjacquemyw,cjacquemyw@princeton.edu,Cory,Jacquemy,cuwvhl80
rwearnx,rwearnx@chron.com,Ruthann,Wearn,uqahqs26
gnewy,gnewy@blogtalkradio.com,Gregg,New,ejtgnk84
mmongetz,mmongetz@usnews.com,Moses,Monget,txpwgj45
dwegenen10,dwegenen10@tamu.edu,Delphinia,Wegenen,mkqtyb11
dpeascod11,dpeascod11@symantec.com,Doro,Peascod,gvxkdj94
kwillingham12,kwillingham12@google.co.uk,Ketty,Willingham,jolugp44
cbelchem13,cbelchem13@imdb.com,Cary,Belchem,qsjoqd21
hveljes14,hveljes14@adobe.com,Harriett,Veljes,rjkhrd45
jceresa15,jceresa15@howstuffworks.com,Jacky,Ceresa,hwsoof03
barrell16,barrell16@cnet.com,Bartholomeus,Arrell,xxngbb11
aalleyn17,aalleyn17@nationalgeographic.com,Alfy,Alleyn,qdrztr06
cbispham18,cbispham18@seattletimes.com,Cord,Bispham,haneri32
yjenkison19,yjenkison19@hugedomains.com,Yul,Jenkison,sskzru29
bgaggen1a,bgaggen1a@homestead.com,Blancha,Gaggen,wlfuzr20
vpittham1b,vpittham1b@g.co,Vergil,Pittham,kprlou56
tflay1c,tflay1c@buzzfeed.com,Tiena,Flay,gchiac47
fmckaile1d,fmckaile1d@1688.com,Ferguson,McKaile,oovcqq95
targrave1e,targrave1e@oracle.com,Tadd,Argrave,inoyvv35
fcarvell1f,fcarvell1f@sina.com.cn,Faun,Carvell,zyqktq89
nallix1g,nallix1g@acquirethisname.com,Nyssa,Allix,oyxblc72
dswancott1h,dswancott1h@stanford.edu,Deck,Swancott,ftoxwl90
aspridgen1i,aspridgen1i@cdc.gov,Aubry,Spridgen,iroixv71
ggrafham1j,ggrafham1j@posterous.com,Gena,Grafham,obgpim62
cgrote1k,cgrote1k@smh.com.au,Christos,Grote,eahnmr37
bashmore1l,bashmore1l@mit.edu,Bald,Ashmore,avhezu69
amedeway1m,amedeway1m@wikispaces.com,Aggy,Medeway,ocymio37
rpaulusch1n,rpaulusch1n@army.mil,Renato,Paulusch,nmeejz70
mrochford1o,mrochford1o@nba.com,Mark,Rochford,mhnvay95
bdrewes1p,bdrewes1p@reuters.com,Boyd,Drewes,kgboeh18
cdanit1q,cdanit1q@ezinearticles.com,Chrissy,Danit,yzmsts82
banear1r,banear1r@geocities.jp,Barny,Anear,jsbktg56
nstoves1s,nstoves1s@nba.com,Nickolai,Stoves,jwoymk82
aallix1t,aallix1t@ibm.com,Aurlie,Allix,blwhgc21
reim1u,reim1u@mysql.com,Rurik,Eim,thsulv77
cmccaughey1v,cmccaughey1v@stanford.edu,Chicky,McCaughey,zztcos43
wdoe1w,wdoe1w@dropbox.com,Wayne,Doe,pzwlop17
lmcgaughey1x,lmcgaughey1x@furl.net,Lacey,Mc Gaughey,oqcucz01
yblodgetts1y,yblodgetts1y@npr.org,Yorke,Blodgetts,ukcafa20
bsterman1z,bsterman1z@indiatimes.com,Barret,Sterman,jultes51
boylett20,boylett20@webmd.com,Bernadene,Oylett,rcydku57
npetto21,npetto21@gmpg.org,Nevins,Petto,ehoiub94
ifarrimond22,ifarrimond22@a8.net,Iolanthe,Farrimond,riswvk18
btrevallion23,btrevallion23@disqus.com,Brietta,Trevallion,szanfa07
mphilpot24,mphilpot24@trellian.com,Marv,Philpot,fkcuzn92
missitt25,missitt25@ifeng.com,Munroe,Issitt,hwrfpv39
ycull26,ycull26@admin.ch,Yvonne,Cull,ktlkse34
bpallatina27,bpallatina27@opera.com,Benny,Pallatina,tzzgls12
vhammerman28,vhammerman28@toplist.cz,Verile,Hammerman,aatlyg48
rjamison29,rjamison29@bigcartel.com,Roscoe,Jamison,kqdrwt78
iswynley2a,iswynley2a@guardian.co.uk,Inger,Swynley,gzjmsd78
bcoutthart2b,bcoutthart2b@intel.com,Brennen,Coutthart,fwrotp40
lhursey2c,lhursey2c@usgs.gov,Lorilyn,Hursey,uuxagx32
kmatthesius2d,kmatthesius2d@shareasale.com,Kiri,Matthesius,xstsdq00
fblennerhassett2e,fblennerhassett2e@dropbox.com,Faith,Blennerhassett,ugorie85
mmorit2f,mmorit2f@cafepress.com,Mariann,Morit,cpbhoa56
hjee2g,hjee2g@tripod.com,Hernando,Jee,vucaot80
gmusprat2h,gmusprat2h@vkontakte.ru,Gareth,Musprat,raszeo35
eskitteral2i,eskitteral2i@nydailynews.com,Erma,Skitteral,nmzcbl49
gbenbow2j,gbenbow2j@tumblr.com,Greggory,Benbow,bgibsv69
rchappelow2k,rchappelow2k@desdev.cn,Reginauld,Chappelow,ltldgt73
ehenrys2l,ehenrys2l@infoseek.co.jp,Emma,Henrys,toljoj85
msimcox2m,msimcox2m@networkadvertising.org,Mychal,Simcox,htfvkz62
ihurdman2n,ihurdman2n@diigo.com,Iorgos,Hurdman,zdyhxs66
ymartinovsky2o,ymartinovsky2o@reference.com,Yancy,Martinovsky,siqjxp63
sorgill2p,sorgill2p@skyrock.com,Sheila-kathryn,Orgill,cjwgwd44
cheasman2q,cheasman2q@apple.com,Charlotte,Heasman,fdmdra51
bcanfield2r,bcanfield2r@joomla.org,Barbara-anne,Canfield,mxovny21
ameys2s,ameys2s@google.com.au,Ada,Meys,hjmzsn59
ubeteriss2t,ubeteriss2t@topsy.com,Umeko,Beteriss,utixxu46
cscutt2u,cscutt2u@opensource.org,Cortney,Scutt,etyihl17
rbourcq2v,rbourcq2v@chicagotribune.com,Renata,Bourcq,nxesny59
mcubbini2w,mcubbini2w@umn.edu,Maible,Cubbini,usbhko60
faleksandrikin2x,faleksandrikin2x@examiner.com,Frances,Aleksandrikin,ijmlcw29
kbraidman2y,kbraidman2y@cmu.edu,Kellsie,Braidman,qaalls92
rgalbreath2z,rgalbreath2z@economist.com,Rawley,Galbreath,ctlriw44
bmchardy30,bmchardy30@shutterfly.com,Barnebas,McHardy,ojauuv40
adeye31,adeye31@prlog.org,Anna-maria,d' Eye,dfkqip42
edanzelman32,edanzelman32@networkadvertising.org,Elliott,Danzelman,clmhwo70
karnoult33,karnoult33@desdev.cn,Kippar,Arnoult,raxbpz39
rbreacher34,rbreacher34@reference.com,Rutledge,Breacher,zwjhhz22
ldilawey35,ldilawey35@stanford.edu,Lexie,Dilawey,kyfdrr94
gbohlingolsen36,gbohlingolsen36@reverbnation.com,Gayleen,BoHlingolsen,vikgqo76
gcapps37,gcapps37@symantec.com,Gabi,Capps,nsqbvd38
jphelips38,jphelips38@tinypic.com,Job,Phelips,zthipa46
tkeyme39,tkeyme39@gov.uk,Teddie,Keyme,wtdlbs45
acopplestone3a,acopplestone3a@cocolog-nifty.com,Adams,Copplestone,bkynhb58
ealbutt3b,ealbutt3b@mapquest.com,Edna,Albutt,rleruh05
zgladtbach3c,zgladtbach3c@princeton.edu,Zacharias,Gladtbach,lgbdvj10
nbaxendale3d,nbaxendale3d@photobucket.com,Nonna,Baxendale,ddvmzz35
nbetancourt3e,nbetancourt3e@cpanel.net,Nahum,Betancourt,xxthij36
acaulliere3f,acaulliere3f@ezinearticles.com,Aggy,Caulliere,zzbncq64
fcamelin3g,fcamelin3g@latimes.com,Frederick,Camelin,esftmu66
fdelf3h,fdelf3h@sogou.com,Franciskus,Delf,kymtwe46
fspensley3i,fspensley3i@ox.ac.uk,Farica,Spensley,zaacpf66
dbrabyn3j,dbrabyn3j@hud.gov,Demetri,Brabyn,ictoqe29
djenicek3k,djenicek3k@hao123.com,Dylan,Jenicek,poovgu29
cheed3l,cheed3l@purevolume.com,Charmane,Heed,rfrcwz48
fmoatt3m,fmoatt3m@technorati.com,Francis,Moatt,nwvkrz83
agiabucci3n,agiabucci3n@163.com,Andrea,Giabucci,yuvsii80
hjosh3o,hjosh3o@cnbc.com,Hube,Josh,tthsri18
bpadley3p,bpadley3p@wordpress.org,Berenice,Padley,flmxge90
igrealish3q,igrealish3q@baidu.com,Ina,Grealish,vxnaic87
jtollit3r,jtollit3r@xing.com,Junina,Tollit,fuvjlr09
hmcquilliam3s,hmcquilliam3s@seesaa.net,Hagan,McQuilliam,mjhuha60
kcorish3t,kcorish3t@prweb.com,Kinnie,Corish,knjsdp69
jbessey3u,jbessey3u@gravatar.com,Josh,Bessey,ahaxjv81
gsandilands3v,gsandilands3v@loc.gov,Gaynor,Sandilands,gteabw02
gjohnstone3w,gjohnstone3w@japanpost.jp,Griselda,Johnstone,cwogdj78
cmatthias3x,cmatthias3x@gizmodo.com,Cly,Matthias,zamiwd20
tfranken3y,tfranken3y@samsung.com,Tine,Franken,usrysp50
amccorley3z,amccorley3z@soundcloud.com,Annette,McCorley,leqklm20
rhalling40,rhalling40@cbc.ca,Rania,Halling,jrpgta68
sderrell41,sderrell41@taobao.com,Stanislaus,Derrell,rpmqfn35
edrawmer42,edrawmer42@twitter.com,Earvin,Drawmer,fjcatz19
jspraggon43,jspraggon43@opera.com,Juliann,Spraggon,vmzicl02
dtanton44,dtanton44@vistaprint.com,Donna,Tanton,qybtkp83
eshanks45,eshanks45@salon.com,Elfie,Shanks,skqtzb74
jkirimaa46,jkirimaa46@ox.ac.uk,Jori,Kirimaa,ploiwg19
hlegate47,hlegate47@blogger.com,Henka,Legate,ytqogd83
gcarmel48,gcarmel48@java.com,Graham,Carmel,hchkus34
alalor49,alalor49@biglobe.ne.jp,Aksel,Lalor,fijjvw57
bellerington4a,bellerington4a@sourceforge.net,Beltran,Ellerington,qhnlws24
rardern4b,rardern4b@gov.uk,Ranna,Ardern,khqwur64
efoxley4c,efoxley4c@msu.edu,Etheline,Foxley,fkuehq98
obernat4d,obernat4d@delicious.com,Ode,Bernat,jzuqvz28
gkieran4e,gkieran4e@google.co.jp,Granny,Kieran,ezcfmp58
mgonin4f,mgonin4f@hostgator.com,Michel,Gonin,xeulmv06
pluquet4g,pluquet4g@sina.com.cn,Perice,Luquet,vhffmh43
ctwitchings4h,ctwitchings4h@istockphoto.com,Carlita,Twitchings,bgcijb13
dcarbry4i,dcarbry4i@sourceforge.net,Delores,Carbry,eadfsf98
astockau4j,astockau4j@seesaa.net,Alexandr,Stockau,mrncis57
gfinnis4k,gfinnis4k@geocities.jp,Gwenore,Finnis,mrnruj56
dsheers4l,dsheers4l@jimdo.com,Damian,Sheers,hjskyg91
ascrimgeour4m,ascrimgeour4m@unblog.fr,Abbot,Scrimgeour,qhngtb87
cchestney4n,cchestney4n@wix.com,Cami,Chestney,kjvaky48
divain4o,divain4o@hao123.com,Dulcine,Ivain,zjrzgh48
ageggie4p,ageggie4p@alibaba.com,Almeda,Geggie,xrdfli64
cjosefson4q,cjosefson4q@printfriendly.com,Casar,Josefson,lsnqii55
mkeri4r,mkeri4r@digg.com,Marina,Keri,tgmsha44
emadison4s,emadison4s@mtv.com,Ebenezer,Madison,pgqdfm48
aolwen4t,aolwen4t@hostgator.com,Ardella,Olwen,qmvgsd39
cainsley4u,cainsley4u@digg.com,Christan,Ainsley,cagcvp97
spusill4v,spusill4v@forbes.com,Sibby,Pusill,vimjwl61
tjancic4w,tjancic4w@acquirethisname.com,Tobi,Jancic,brxkaj49
apetr4x,apetr4x@issuu.com,Alon,Petr,hseyoa94
bdismore4y,bdismore4y@comcast.net,Brier,Dismore,atgfvc48
bboissier4z,bboissier4z@newyorker.com,Blinnie,Boissier,opggqs53
sheddan50,sheddan50@desdev.cn,Stephan,Heddan,pfgzpm96
gcourtois51,gcourtois51@a8.net,Georgie,Courtois,bymvei85
schalcroft52,schalcroft52@google.co.jp,Saundra,Chalcroft,emqmqo02
jhaacker53,jhaacker53@typepad.com,Jacqui,Haacker,puwbuf80
rblakiston54,rblakiston54@163.com,Robinet,Blakiston,fovbiq97
shassur55,shassur55@xrea.com,Seline,Hassur,uzxcew82
finde56,finde56@networksolutions.com,Frasier,Inde,pdydbi75
mbream57,mbream57@angelfire.com,Mikkel,Bream,oifhou58
dbront58,dbront58@epa.gov,Dannye,Bront,tzoxjc09
dbleasdale59,dbleasdale59@rediff.com,Delmer,Bleasdale,jkinqm51
hswarbrick5a,hswarbrick5a@china.com.cn,Halli,Swarbrick,mihnoj96
mmaccollom5b,mmaccollom5b@surveymonkey.com,Michal,MacCollom,yglwku05
csteane5c,csteane5c@walmart.com,Christabel,Steane,glccmo96
tcarver5d,tcarver5d@t-online.de,Tessy,Carver,ujtkex38
hcavy5e,hcavy5e@umn.edu,Hanna,Cavy,dvoepf63
ewhittles5f,ewhittles5f@weather.com,Edita,Whittles,bbwaok10
cedleston5g,cedleston5g@over-blog.com,Cobby,Edleston,omuggf51
dviall5h,dviall5h@com.com,Dena,Viall,lfspth71
blambswood5i,blambswood5i@mayoclinic.com,Barth,Lambswood,jurktb95
bdezamora5j,bdezamora5j@sun.com,Butch,de Zamora,ltauph06
amccaughran5k,amccaughran5k@reverbnation.com,Analiese,McCaughran,agtizv49
ldegg5l,ldegg5l@wikimedia.org,Lorin,Degg,efxvpr21
qtellenbrook5m,qtellenbrook5m@last.fm,Quentin,Tellenbrook,tucktf25
mwells5n,mwells5n@google.cn,Merrilee,Wells,iaalnc85
mpinnock5o,mpinnock5o@noaa.gov,Maurizia,Pinnock,tdnoql78
ncuttler5p,ncuttler5p@china.com.cn,Nathalie,Cuttler,rumwqv31
sgreg5q,sgreg5q@wordpress.org,Stefanie,Greg,fyfrii12
psall5r,psall5r@photobucket.com,Pavel,Sall,qhecyg97
fdutton5s,fdutton5s@blogs.com,Felice,Dutton,owdnbo03
fgatheral5t,fgatheral5t@weebly.com,Fred,Gatheral,obmnfz62
bbutterick5u,bbutterick5u@odnoklassniki.ru,Billye,Butterick,mhtktv61
ejaquet5v,ejaquet5v@si.edu,Emyle,Jaquet,tuabob53
cfoottit5w,cfoottit5w@umich.edu,Cory,Foottit,hijhoy97
zwickrath5x,zwickrath5x@google.cn,Zachariah,Wickrath,tqqkgb52
jpionter5y,jpionter5y@tinyurl.com,Jonie,Pionter,anqzkv40
dmacvicar5z,dmacvicar5z@canalblog.com,Dill,MacVicar,fmmrmu88
idanick60,idanick60@slashdot.org,Ivory,Danick,iaoxpw47
tcolthard61,tcolthard61@umn.edu,Thomasa,Colthard,aulbcc44
dmountain62,dmountain62@list-manage.com,Donall,Mountain,xkqfnu39
gortiger63,gortiger63@ihg.com,Gerry,Ortiger,ixhrnj56
dninnis64,dninnis64@mashable.com,Dominik,Ninnis,vixqii28
jeastbury65,jeastbury65@shinystat.com,Jolene,Eastbury,dyroas10
hweston66,hweston66@pinterest.com,Hadleigh,Weston,ghfcwy88
wedison67,wedison67@springer.com,Walker,Edison,wmxblg28
cferfulle68,cferfulle68@wikimedia.org,Chuck,Ferfulle,exukpl74
rkitcherside69,rkitcherside69@netvibes.com,Ruggiero,Kitcherside,tyznqg93
wdegoey6a,wdegoey6a@opera.com,Wileen,De Goey,cwykkx13
mdarragh6b,mdarragh6b@google.de,Mel,Darragh,alnzmv57
rsellner6c,rsellner6c@liveinternet.ru,Rica,Sellner,dassoo34
dbresland6d,dbresland6d@jalbum.net,Delmar,Bresland,pctdej30
bbeloe6e,bbeloe6e@newyorker.com,Bell,Beloe,vjfphu15
fgladbeck6f,fgladbeck6f@cdbaby.com,Faustina,Gladbeck,cllxgy26
sgumn6g,sgumn6g@disqus.com,Sula,Gumn,hrgiuc40
cyacobsohn6h,cyacobsohn6h@washington.edu,Camella,Yacobsohn,ruyalj27
bhaskew6i,bhaskew6i@fema.gov,Boone,Haskew,xcfxve34
sfellis6j,sfellis6j@oracle.com,Saundra,Fellis,qkpxul90
lcuttin6k,lcuttin6k@nih.gov,Lucina,Cuttin,xsrwuj51
dbunworth6l,dbunworth6l@forbes.com,Dionis,Bunworth,djcdsh52
kiaduccelli6m,kiaduccelli6m@squarespace.com,Kingsly,Iaduccelli,ymqsvg46
kcominotti6n,kcominotti6n@wunderground.com,Khalil,Cominotti,zcmygf51
hjopke6o,hjopke6o@weebly.com,Harbert,Jopke,tgbvuj15
okumaar6p,okumaar6p@twitpic.com,Oralia,Kumaar,kytwzv59
aobrallaghan6q,aobrallaghan6q@cafepress.com,Alonzo,O'Brallaghan,gfuesj77
mdarlington6r,mdarlington6r@ihg.com,Mallory,Darlington,ffxzdq80
dwinchcombe6s,dwinchcombe6s@naver.com,Doralyn,Winchcombe,lrinhb22
wduddy6t,wduddy6t@mozilla.org,Worthington,Duddy,pdomdi83
hbodycote6u,hbodycote6u@china.com.cn,Hercule,Bodycote,epeubt74
mvinsen6v,mvinsen6v@live.com,Myrna,Vinsen,uvifxf34
ccoomber6w,ccoomber6w@4shared.com,Craggie,Coomber,tstwpz21
dosselton6x,dosselton6x@umn.edu,Dillon,Osselton,sbrizy49
gmoogan6y,gmoogan6y@soundcloud.com,Gray,Moogan,ddqnbt87
apykerman6z,apykerman6z@printfriendly.com,Alphonso,Pykerman,uhqmbm60
sbront70,sbront70@pbs.org,Sayres,Bront,cyrxen30
aealles71,aealles71@businesswire.com,Arnuad,Ealles,oivkmw90
pelbourn72,pelbourn72@businessweek.com,Peri,Elbourn,vhwpgb62
ggloyens73,ggloyens73@theglobeandmail.com,Goddard,Gloyens,mqoinc36
sfairlaw74,sfairlaw74@rambler.ru,Silvanus,Fairlaw,ttvuqf16
rcrispin75,rcrispin75@themeforest.net,Ronnie,Crispin,odrvfc02
ckornyshev76,ckornyshev76@twitpic.com,Celle,Kornyshev,zzyqay10
mstower77,mstower77@phpbb.com,Mamie,Stower,wzlnki87
nlowin78,nlowin78@wired.com,Nisse,Lowin,qqrmdu70
sjurisic79,sjurisic79@newyorker.com,Siffre,Jurisic,hjzicv62
mcato7a,mcato7a@opera.com,Michel,Cato,mxukzj08
atomala7b,atomala7b@narod.ru,Amory,Tomala,wntuor69
ctaffurelli7c,ctaffurelli7c@photobucket.com,Corrie,Taffurelli,gthyma04
abowman7d,abowman7d@marketwatch.com,Alphonso,Bowman,epzgmg95
tvaughanhughes7e,tvaughanhughes7e@illinois.edu,Tori,Vaughan-Hughes,pymwrt93
qbernon7f,qbernon7f@nbcnews.com,Quinn,Bernon,ecmwyx97
trosendale7g,trosendale7g@com.com,Tiebout,Rosendale,idfyxu95
mshuttle7h,mshuttle7h@biblegateway.com,Melisenda,Shuttle,dsgydp28
ggoody7i,ggoody7i@desdev.cn,Grover,Goody,pwazrp71
bdobbin7j,bdobbin7j@ovh.net,Billi,Dobbin,kstyvq97
bnoel7k,bnoel7k@paypal.com,Blanca,Noel,vtviau40
apudsey7l,apudsey7l@blogs.com,Ame,Pudsey,dxvxyn46
bmeeny7m,bmeeny7m@netlog.com,Britni,Meeny,tqmyyk50
ldepka7n,ldepka7n@unesco.org,Lanni,Depka,wuwrkf41
bwalkden7o,bwalkden7o@unicef.org,Bryn,Walkden,yzjrqp99
jchadbourne7p,jchadbourne7p@boston.com,Julienne,Chadbourne,lyqtaw01
mmussen7q,mmussen7q@phoca.cz,Markos,Mussen,zgnvqj78
bbirkett7r,bbirkett7r@lulu.com,Burtie,Birkett,mkwfvx31
npendlenton7s,npendlenton7s@macromedia.com,Nanine,Pendlenton,swsqmo18
lotto7t,lotto7t@reddit.com,Laurette,Otto,ndrynv67
hblackway7u,hblackway7u@ow.ly,Hillery,Blackway,vyqihx56
gfitzpatrick7v,gfitzpatrick7v@wp.com,Gaylene,Fitzpatrick,acdiov18
gpoynser7w,gpoynser7w@friendfeed.com,Garfield,Poynser,mckgrp05
gkennaway7x,gkennaway7x@cornell.edu,Gerry,Kennaway,ijlrqa18
ekuhne7y,ekuhne7y@nationalgeographic.com,Elset,Kuhne,bdqhcd94
dharcarse7z,dharcarse7z@theglobeandmail.com,Drake,Harcarse,vlephe56
tmacpeake80,tmacpeake80@un.org,Toby,MacPeake,qstnku40
goxbie81,goxbie81@shinystat.com,Gertrudis,Oxbie,jpobqc83
mdelboux82,mdelboux82@wikia.com,Mirabel,d' Elboux,mcufwi69
kjaray83,kjaray83@china.com.cn,Karee,Jaray,rrdgvm62
sbuckett84,sbuckett84@networkadvertising.org,Sky,Buckett,lpuclg38
apasfield85,apasfield85@nyu.edu,Augustine,Pasfield,iylhqw62
rnayer86,rnayer86@nih.gov,Rivi,Nayer,prfgzh30
aharrod87,aharrod87@networkadvertising.org,Albert,Harrod,pwptpw58
bpates88,bpates88@auda.org.au,Brit,Pates,dyupfm22
ddavidofski89,ddavidofski89@cbsnews.com,Denny,Davidofski,eramku15
edmitr8a,edmitr8a@howstuffworks.com,Elane,Dmitr,mjlfsk85
bgranleese8b,bgranleese8b@springer.com,Barney,Granleese,uhtlyg77
bmonni8c,bmonni8c@engadget.com,Bonnibelle,Monni,pmpbfa68
ggorgl8d,ggorgl8d@networkadvertising.org,Glenden,Gorgl,zkkkfl43
bfairn8e,bfairn8e@privacy.gov.au,Bryant,Fairn,ntnbky28
rtofano8f,rtofano8f@aol.com,Raphaela,Tofano,bljzqi61
heastes8g,heastes8g@engadget.com,Heidie,Eastes,dbyidy85
tstubbs8h,tstubbs8h@ihg.com,Tybie,Stubbs,aaujlx95
tkrzyzaniak8i,tkrzyzaniak8i@geocities.jp,Tedie,Krzyzaniak,flbipy93
aalfonzo8j,aalfonzo8j@cargocollective.com,Anette,Alfonzo,kxkfkk80
amannix8k,amannix8k@state.gov,Andrea,Mannix,ibkgdn76
slehr8l,slehr8l@smh.com.au,Sherlock,Lehr,hnhhvh33
dtowell8m,dtowell8m@bloglines.com,Durante,Towell,kujiur75
gwarin8n,gwarin8n@narod.ru,Gustavus,Warin,saiggn11
vfulger8o,vfulger8o@wordpress.com,Vivien,Fulger,csbkkv15
acashen8p,acashen8p@discovery.com,Andrey,Cashen,kwovty06
rharmston8q,rharmston8q@google.pl,Robin,Harmston,frpldj73
bdilkes8r,bdilkes8r@cbsnews.com,Britney,Dilkes,pcjigs60
abarbosa8s,abarbosa8s@skype.com,Allyce,Barbosa,qbhloj38
mgrier8t,mgrier8t@blogspot.com,Moss,Grier,hbqihm28
erafter8u,erafter8u@skype.com,Ernst,Rafter,ulzcvm17
chucks8v,chucks8v@newsvine.com,Corene,Hucks,qegbik08
wsamsin8w,wsamsin8w@alexa.com,Wade,Samsin,wdwkjx54
mtidd8x,mtidd8x@nhs.uk,Monro,Tidd,nntslx90
bturland8y,bturland8y@sitemeter.com,Britteny,Turland,qnqnef28
ssachno8z,ssachno8z@house.gov,Symon,Sachno,mhbjdc27
trojas90,trojas90@lycos.com,Tripp,Rojas,ijkkvx64
zcivitillo91,zcivitillo91@issuu.com,Zara,Civitillo,kegjed76
ljessel92,ljessel92@blog.com,Lucio,Jessel,uacksp63
mdegrey93,mdegrey93@gov.uk,Maximilianus,de Grey,jgfhuk15
ctreend94,ctreend94@nbcnews.com,Christen,Treend,sqfeyf99
knewart95,knewart95@cnet.com,Kaela,Newart,wdyiuv52
vrockell96,vrockell96@abc.net.au,Valaree,Rockell,lckdfy23
rpettit97,rpettit97@ifeng.com,Rayna,Pettit,rqaqzr97
tberzin98,tberzin98@usa.gov,Tallulah,Berzin,ofzets66
posipenko99,posipenko99@homestead.com,Perri,Osipenko,zwrgtr91
lkestle9a,lkestle9a@privacy.gov.au,Lorrie,Kestle,uwihxu70
smcgillivray9b,smcgillivray9b@upenn.edu,Shannah,McGillivray,conzdp03
zcosbey9c,zcosbey9c@sina.com.cn,Zedekiah,Cosbey,wijghv57
teassom9d,teassom9d@about.me,Teresina,Eassom,nplcoe02
rhards9e,rhards9e@china.com.cn,Roanne,Hards,jpnege92
galleyne9f,galleyne9f@yahoo.co.jp,Georgianne,Alleyne,nyintx29
abehne9g,abehne9g@is.gd,Angel,Behne,cxhvuu38
pphayre9h,pphayre9h@etsy.com,Pattin,Phayre,iyjfoc18
kcremin9i,kcremin9i@accuweather.com,Keith,Cremin,mdtkmv10
jlumsdall9j,jlumsdall9j@etsy.com,Jeddy,Lumsdall,dwqogc54
ybroseman9k,ybroseman9k@amazonaws.com,Yance,Broseman,xbhgsi47
ysawbridge9l,ysawbridge9l@hud.gov,Yulma,Sawbridge,cbxhon32
pbushel9m,pbushel9m@dailymail.co.uk,Page,Bushel,gapqdw17
qphillipps9n,qphillipps9n@howstuffworks.com,Quinton,Phillipps,tybbtd11
edudill9o,edudill9o@booking.com,Ermanno,Dudill,tlekqr63
edjorevic9p,edjorevic9p@booking.com,Elroy,Djorevic,btbdpa68
lsedgwick9q,lsedgwick9q@bravesites.com,Lolita,Sedgwick,siaacq34
bstreader9r,bstreader9r@youtu.be,Baxie,Streader,mugihr57
mdeamer9s,mdeamer9s@tinyurl.com,Mattheus,Deamer,nhxamk59
ceastabrook9t,ceastabrook9t@g.co,Chance,Eastabrook,rvqoca13
gidle9u,gidle9u@marriott.com,Garrot,Idle,tgljci98
bwagner9v,bwagner9v@globo.com,Berty,Wagner,mpwgdv62
pranklin9w,pranklin9w@goodreads.com,Pietrek,Ranklin,ehwlfj89
spech9x,spech9x@themeforest.net,Sophie,Pech,moogjn19
jjanousek9y,jjanousek9y@google.com.hk,Jewell,Janousek,rgxiby24
iheinsen9z,iheinsen9z@myspace.com,Idaline,Heinsen,mooxwz58
rmacelroya0,rmacelroya0@ebay.co.uk,Roch,MacElroy,urggzq70
rengleya1,rengleya1@bbb.org,Robers,Engley,guyqly47
mjeeksa2,mjeeksa2@tumblr.com,Marlon,Jeeks,vszqbj51
kdinsmorea3,kdinsmorea3@ftc.gov,Kata,Dinsmore,qyzkqf23
ycookmana4,ycookmana4@youtu.be,Yelena,Cookman,xwkspe68
jbramea5,jbramea5@netvibes.com,Jesus,Brame,ovhnsi09
zpallina6,zpallina6@barnesandnoble.com,Zondra,Pallin,ljubjq94
jwakeforda7,jwakeforda7@is.gd,Jeralee,Wakeford,qetkqc67
mstivea8,mstivea8@mac.com,Mable,Stive,yiirzi59
dvedekhina9,dvedekhina9@github.com,Dianna,Vedekhin,slwftq21
cjordiaa,cjordiaa@baidu.com,Casie,Jordi,okuoqy57
bderrellab,bderrellab@biblegateway.com,Boris,Derrell,ofdtrr13
abaddowac,abaddowac@about.me,Averyl,Baddow,unwknj74
afullead,afullead@angelfire.com,Ashlin,Fulle,jguvqz97
oinworthae,oinworthae@biblegateway.com,Olivier,Inworth,bxejtw54
nossultonaf,nossultonaf@de.vu,Nerty,Ossulton,fewqlu56
wfladeag,wfladeag@slideshare.net,Willey,Flade,pxwylg80
ccrottaghah,ccrottaghah@tripadvisor.com,Clarie,Crottagh,cxksuw51
candrysai,candrysai@alibaba.com,Christen,Andrys,gzhiqr42
tknapmanaj,tknapmanaj@amazon.com,Towney,Knapman,lkrnhh17
nsuteak,nsuteak@google.de,Nolly,Sute,jgvson86
lcalfal,lcalfal@mapy.cz,Libby,Calf,nqytgy19
atirkinam,atirkinam@geocities.jp,Ameline,Tirkin,nfjmsj91
sgosslingan,sgosslingan@cpanel.net,Sergent,Gossling,uzczro34
mwinscumao,mwinscumao@thetimes.co.uk,Miof mela,Winscum,atsttq30
tfryeap,tfryeap@google.com,Tildie,Frye,hcqnwu37
iedlingtonaq,iedlingtonaq@alexa.com,Ira,Edlington,nceztq65
hcordelettear,hcordelettear@nbcnews.com,Holli,Cordelette,itojjl09
fpannamanas,fpannamanas@webmd.com,Fairlie,Pannaman,zczdcn96
ppowlesat,ppowlesat@xing.com,Phillie,Powles,ggusse83
wmckeeverau,wmckeeverau@va.gov,Walsh,McKeever,qoueyv14
tvolckerav,tvolckerav@yellowbook.com,Teodoor,Volcker,lnwsdz63
spinyonaw,spinyonaw@amazon.com,Shawnee,Pinyon,jnmmvf23
rcrumax,rcrumax@mtv.com,Ros,Crum,xplgva39
blangrickay,blangrickay@artisteer.com,Brendon,Langrick,gvyuwb40
csessionsaz,csessionsaz@china.com.cn,Crosby,Sessions,cjxhbu51
tpopleeb0,tpopleeb0@reuters.com,Travers,Poplee,sjxxwg25
gmatthisb1,gmatthisb1@yandex.ru,Gloriane,Matthis,aylhfg50
keagleb2,keagleb2@rediff.com,Kaela,Eagle,ymfqvp40
mentwhistleb3,mentwhistleb3@craigslist.org,Meredith,Entwhistle,ktpxqf72
nduckb4,nduckb4@google.co.jp,Natty,Duck,yqojgv29
cokieltb5,cokieltb5@scientificamerican.com,Carl,O'Kielt,hkicgu93
dohanveyb6,dohanveyb6@google.co.jp,Devina,O' Hanvey,ftaeiz85
koconcannonb7,koconcannonb7@ow.ly,Kerrin,O'Concannon,pohwgn55
mdewberryb8,mdewberryb8@washingtonpost.com,Marji,Dewberry,wspbze23
dduetschensb9,dduetschensb9@mediafire.com,Dunn,Duetschens,fefpmc59
rraperba,rraperba@tinypic.com,Rowe,Raper,zsxxsn09
kmellembb,kmellembb@reddit.com,Karolina,Mellem,ymagnz17
zyushkovbc,zyushkovbc@bigcartel.com,Zahara,Yushkov,nwdtex70
hnoorbd,hnoorbd@sina.com.cn,Hyacinth,Noor,varzag33
edragonettebe,edragonettebe@flickr.com,Ethelyn,Dragonette,hxlrhk97
stanseybf,stanseybf@goodreads.com,Sonia,Tansey,vvywjk75
kcorterbg,kcorterbg@xinhuanet.com,Kinny,Corter,keaqtf15
ebillyealdbh,ebillyealdbh@marriott.com,Enrika,Billyeald,bjrbtd08
pdanneilbi,pdanneilbi@livejournal.com,Pauletta,Danneil,sonihg42
trollingbj,trollingbj@washington.edu,Tybie,Rolling,ptmvmy92
aoheneghanbk,aoheneghanbk@t-online.de,Arri,O'Heneghan,xmqfng49
wlindenboimbl,wlindenboimbl@facebook.com,Willie,Lindenboim,cdoxdo50
mgilfoybm,mgilfoybm@github.io,Morie,Gilfoy,unrcza92
rdrewesbn,rdrewesbn@multiply.com,Ricoriki,Drewes,ztopov15
dhyldenbo,dhyldenbo@upenn.edu,Deanna,Hylden,fknynn94
tgaberbp,tgaberbp@ft.com,Terrye,Gaber,jiplob04
smacklambq,smacklambq@histats.com,Stern,Macklam,spdhul12
ncraisterbr,ncraisterbr@uiuc.edu,Noellyn,Craister,wxsudt22
bfollettbs,bfollettbs@stumbleupon.com,Bethina,Follett,qprxrh37
jhoylandbt,jhoylandbt@oakley.com,Jakob,Hoyland,qyeuqx62
mmartuginbu,mmartuginbu@cargocollective.com,Mariele,Martugin,ekccme55
kkiebesbv,kkiebesbv@ycombinator.com,Katrinka,Kiebes,bjrcfw21
epowdrillbw,epowdrillbw@networksolutions.com,Engelbert,Powdrill,nzmtkk16
ereltonbx,ereltonbx@google.com.au,Emmet,Relton,iniamq34
lbembriggby,lbembriggby@tinypic.com,Lief,Bembrigg,jhtssb56
ltembridgebz,ltembridgebz@phoca.cz,Latrina,Tembridge,vqdmmb79
ielphinstonc0,ielphinstonc0@over-blog.com,Imogen,Elphinston,buvuvl21
nmackeaguec1,nmackeaguec1@163.com,Niles,MacKeague,pglchs32
gscholtzc2,gscholtzc2@csmonitor.com,George,Scholtz,lgntbu26
hcraigc3,hcraigc3@intel.com,Hetti,Craig,nacjum16
hchildc4,hchildc4@angelfire.com,Hardy,Child,nvxrfw68
tetockc5,tetockc5@twitter.com,Trista,Etock,waolph59
fharmantc6,fharmantc6@free.fr,Farrah,Harmant,fyzxqh84
amurtellc7,amurtellc7@ycombinator.com,Aymer,Murtell,zuqeko63
tparellc8,tparellc8@pcworld.com,Trstram,Parell,uevubw15
wgoshawkc9,wgoshawkc9@cnet.com,Winifield,Goshawk,rjiczn82
phawthornca,phawthornca@apple.com,Pollyanna,Hawthorn,vrsshd90
sstainingcb,sstainingcb@technorati.com,Shellie,Staining,kboxbl32
jolivaricc,jolivaricc@examiner.com,Jud,Olivari,mhbdeg92
mgeocklecd,mgeocklecd@msu.edu,Mack,Geockle,klichq90
bgioanice,bgioanice@blogspot.com,Byrle,Gioani,vjfuud36
ghisecf,ghisecf@google.ca,Gayleen,Hise,yoyabe88
fwarhurstcg,fwarhurstcg@deviantart.com,Field,Warhurst,bgwuso85
dbeachampch,dbeachampch@reddit.com,Danyette,Beachamp,nzoqhq51
mspeirci,mspeirci@unesco.org,Marielle,Speir,ypulns09
lwannescj,lwannescj@w3.org,Livvie,Wannes,xhmqgf65
sbarrasseck,sbarrasseck@indiatimes.com,Sibby,Barrasse,dtwxxh19
elujancl,elujancl@topsy.com,Eward,Lujan,vxaiaj74
mgatchelcm,mgatchelcm@slate.com,Maryanne,Gatchel,oaymey21
ldelunacn,ldelunacn@digg.com,Lorne,De Luna,sfrmng31
tgiorginico,tgiorginico@va.gov,Tim,Giorgini,aoifdl89
cshawyercp,cshawyercp@fotki.com,Cly,Shawyer,orxacp32
galberycq,galberycq@mapquest.com,Gaby,Albery,coddhw85
dromeicr,dromeicr@wordpress.org,Dory,Romei,bqtyds03
gbenettinics,gbenettinics@uol.com.br,Garwin,Benettini,wevbhd05
scussonsct,scussonsct@independent.co.uk,Simeon,Cussons,dqvqwc01
sturbefieldcu,sturbefieldcu@zimbio.com,Sherwynd,Turbefield,kpcvig85
cwitchcv,cwitchcv@twitter.com,Clio,Witch,oilwce94
nleidlcw,nleidlcw@creativecommons.org,Norman,Leidl,olksra87
pbilneycx,pbilneycx@last.fm,Papagena,Bilney,tnvlrt98
hspracklincy,hspracklincy@naver.com,Hermina,Spracklin,eittqb94
avicarcz,avicarcz@amazon.co.jp,Agathe,Vicar,okewek69
jsteanyngd0,jsteanyngd0@bbb.org,Juli,Steanyng,muctdp01
rguillemd1,rguillemd1@fema.gov,Redd,Guillem,wpzter73
emillmoed2,emillmoed2@trellian.com,Elyse,Millmoe,lxzsao43
jbumpusd3,jbumpusd3@cpanel.net,Jessy,Bumpus,ovdphb17
glarrowayd4,glarrowayd4@php.net,Graham,Larroway,gpqtvi25
dcattermould5,dcattermould5@independent.co.uk,Daune,Cattermoul,ttjrdx24
aoveryd6,aoveryd6@last.fm,Arty,Overy,xynrfi57
aoxtibyd7,aoxtibyd7@paypal.com,Alexia,Oxtiby,ecwfyg49
lberminghamd8,lberminghamd8@reddit.com,Lionel,Bermingham,kipkzo32
askeathd9,askeathd9@theatlantic.com,Alisha,Skeath,xmsghs61
msizzeyda,msizzeyda@wikimedia.org,Marcelo,Sizzey,diyxvs15
ohaugheydb,ohaugheydb@washingtonpost.com,Ofilia,Haughey,gckynu17
jsherwendc,jsherwendc@zdnet.com,Jinny,Sherwen,pivpgr19
rdarwooddd,rdarwooddd@github.com,Reggie,Darwood,icqltn68
rvanellide,rvanellide@vkontakte.ru,Rob,Vanelli,qylgol55
vblanchedf,vblanchedf@oracle.com,Vlad,Blanche,hhyaog37
labraminodg,labraminodg@chronoengine.com,Lorena,Abramino,xqtjth91
kepsleydh,kepsleydh@google.nl,Kerby,Epsley,fnjtnq68
rmaccarddi,rmaccarddi@google.cn,Rianon,MacCard,ljfref97
nbiskupskidj,nbiskupskidj@ted.com,Nisse,Biskupski,xscuyg82
kpaszekdk,kpaszekdk@hp.com,Kassi,Paszek,ovraxj37
ksantedl,ksantedl@umich.edu,Kathryn,Sante,ofivap29
pegentandm,pegentandm@studiopress.com,Peterus,Egentan,whwucw43
nberndn,nberndn@time.com,Nevile,Bern,dqlqxr59
bdallowdo,bdallowdo@prlog.org,Bren,Dallow,yiwart96
kahearnedp,kahearnedp@moonfruit.com,Kean,Ahearne,zncfvq15
kjirousekdq,kjirousekdq@google.de,Kimbell,Jirousek,dgvfqa61
acranagedr,acranagedr@g.co,Aindrea,Cranage,vpvmfw83
obeards,obeards@mlb.com,Obadias,Bear,myfxhl17
ahoytdt,ahoytdt@sina.com.cn,Annabal,Hoyt,axsttn72
mmoncrefedu,mmoncrefedu@umich.edu,Madalena,Moncrefe,ayniun93
mdooledv,mdooledv@statcounter.com,Maryjo,Doole,swjjfs69
bbolesmadw,bbolesmadw@sitemeter.com,Boonie,Bolesma,buygnh14
mghelerdinidx,mghelerdinidx@google.com,Marius,Ghelerdini,nmnkgm54
dpotteridgedy,dpotteridgedy@feedburner.com,Daniella,Potteridge,kagyet67
ghanshawedz,ghanshawedz@etsy.com,Gregorio,Hanshawe,janbrz85
gedwickee0,gedwickee0@cnet.com,Galen,Edwicke,ylchbu82
tchiverstonee1,tchiverstonee1@sogou.com,Tallou,Chiverstone,toyygd98
dwatsonbrowne2,dwatsonbrowne2@wunderground.com,Doralynn,Watson-Brown,rebexx46
spentecuste3,spentecuste3@ehow.com,Stillmann,Pentecust,obfzjd55
ebeumante4,ebeumante4@prweb.com,Elisha,Beumant,vexhqr04
scicuttoe5,scicuttoe5@ox.ac.uk,Sorcha,Cicutto,wvjlhz51
mcaughtee6,mcaughtee6@cargocollective.com,Mallissa,Caughte,uucand74
rbrakespeare7,rbrakespeare7@deviantart.com,Ruthy,Brakespear,ekerwj99
eamphlette8,eamphlette8@mashable.com,Enrika,Amphlett,nylzuq28
rnesterove9,rnesterove9@epa.gov,Rob,Nesterov,cvnxrr61
wbeldersonea,wbeldersonea@ucoz.ru,Washington,Belderson,qzouym66
pglendzaeb,pglendzaeb@goo.gl,Peterus,Glendza,vovzhy24
rsiretec,rsiretec@illinois.edu,Rickey,Siret,zyiquz85
jlonsbroughed,jlonsbroughed@yale.edu,Jsandye,Lonsbrough,gbtrsc51
mquelchee,mquelchee@huffingtonpost.com,Mirabella,Quelch,qylajn58
eoldcoteef,eoldcoteef@unesco.org,Errick,Oldcote,eymyuh45
paggseg,paggseg@live.com,Paulo,Aggs,enejfv46
atrouncereh,atrouncereh@japanpost.jp,Anissa,Trouncer,ecczxw02
mstroobandei,mstroobandei@oracle.com,Malvin,Strooband,wywjkx05
lmccoskerej,lmccoskerej@miitbeian.gov.cn,Lester,McCosker,inrzsz32
mdabbesek,mdabbesek@taobao.com,Marcos,Dabbes,vtgxuz09
lrillattel,lrillattel@miitbeian.gov.cn,Lotti,Rillatt,iztory06
djurasekem,djurasekem@elegantthemes.com,Del,Jurasek,ypoqhs99
cpassinghamen,cpassinghamen@admin.ch,Christin,Passingham,ykulsz41
mcartlidgeeo,mcartlidgeeo@unicef.org,Maryanne,Cartlidge,zkrmuq39
llarterep,llarterep@360.cn,Lauree,Larter,ktijak38
msjollemaeq,msjollemaeq@oakley.com,Mersey,Sjollema,idxobj71
rtattersfielder,rtattersfielder@hubpages.com,Rubetta,Tattersfield,mgumsx44
sszapiroes,sszapiroes@shutterfly.com,Shaughn,Szapiro,ekiole06
bkingsburyet,bkingsburyet@yelp.com,Bartie,Kingsbury,ohelsn77
stommasieu,stommasieu@sfgate.com,Serge,Tommasi,zmiyif10
raldgateev,raldgateev@bing.com,Rahal,Aldgate,kslacw62
abarleeew,abarleeew@woothemes.com,Allister,Barlee,xtsvox85
iarchibouldex,iarchibouldex@networkadvertising.org,Israel,Archibould,vfwwjv91
jcooperey,jcooperey@zdnet.com,Joanne,Cooper,bdilwq86
mwinwrightez,mwinwrightez@cbslocal.com,Melisse,Winwright,efstol00
rmckerronf0,rmckerronf0@ibm.com,Rey,McKerron,zqibdp54
fcumberlandf1,fcumberlandf1@thetimes.co.uk,Frank,Cumberland,cwevff18
fbenkof2,fbenkof2@miibeian.gov.cn,Fiann,Benko,mfjlgn21
wjirucaf3,wjirucaf3@cnet.com,Wilbur,Jiruca,tievqz87
swonesf4,swonesf4@yandex.ru,Salomo,Wones,ubxnhq51
apenimanf5,apenimanf5@hp.com,Ardenia,Peniman,jeqzme90
delementf6,delementf6@cyberchimps.com,Devon,Element,oxqani84
sgershomf7,sgershomf7@webmd.com,Seward,Gershom,knvxwr16
zandragf8,zandragf8@parallels.com,Zaneta,Andrag,yibnzn48
wlangfieldf9,wlangfieldf9@parallels.com,Wylie,Langfield,wmqzaj82
gmahoodfa,gmahoodfa@addthis.com,Gladi,Mahood,nelokx08
rbasketfieldfb,rbasketfieldfb@twitter.com,Rochester,Basketfield,jkkfqj12
mlinnemanfc,mlinnemanfc@yellowpages.com,Marlo,Linneman,hwnbld27
hpenhearowfd,hpenhearowfd@netvibes.com,Hermia,Penhearow,bmlzub27
dolivife,dolivife@feedburner.com,Dorian,Olivi,nriwwn58
swilliscroftff,swilliscroftff@msn.com,Sibby,Williscroft,pzhygl48
gdightonfg,gdightonfg@sciencedirect.com,Gunther,Dighton,pjhzox82
fhayzerfh,fhayzerfh@biglobe.ne.jp,Finlay,Hayzer,uxsqob79
ktiuitfi,ktiuitfi@wikia.com,Kimmi,Tiuit,uehgfv02
lslowgrovefj,lslowgrovefj@cloudflare.com,Leonora,Slowgrove,rpmaqf54
smcmanamenfk,smcmanamenfk@mozilla.com,Sutton,McManamen,ihlncu02
bfurseyfl,bfurseyfl@boston.com,Bride,Fursey,crsvvd13
lsummersidefm,lsummersidefm@soup.io,Laurena,Summerside,nnaezo25
ckeherfn,ckeherfn@bravesites.com,Cathleen,Keher,inqkxh13
mwhittetfo,mwhittetfo@rediff.com,Mallorie,Whittet,poxbbr94
cabramsfp,cabramsfp@loc.gov,Carson,Abrams,bkggdu65
fpurchasefq,fpurchasefq@biblegateway.com,Fonz,Purchase,lirzjy96
bmurricanesfr,bmurricanesfr@csmonitor.com,Bridie,Murricanes,vkuark22
abargefs,abargefs@cbslocal.com,Alys,Barge,ezanpp30
bchattingtonft,bchattingtonft@hugedomains.com,Bard,Chattington,vfztzs50
dmulhallfu,dmulhallfu@amazon.de,De,Mulhall,hpjevh48
dakidfv,dakidfv@booking.com,Dara,Akid,ineilp64
dduchennefw,dduchennefw@princeton.edu,Dione,Duchenne,ljarbq48
jtoffaninifx,jtoffaninifx@yolasite.com,Juan,Toffanini,fjmvpq17
lboicefy,lboicefy@facebook.com,Ly,Boice,stpyrp28
awitterfz,awitterfz@nymag.com,Abigail,Witter,bwrvbj55
virnysg0,virnysg0@tamu.edu,Verene,Irnys,egnzxj57
baksellg1,baksellg1@webeden.co.uk,Bar,Aksell,jgrjnz25
mmcgowingg2,mmcgowingg2@utexas.edu,Mylo,McGowing,fpnvup80
arealphg3,arealphg3@chron.com,Anthiathia,Realph,byglxw33
bhrinchenkog4,bhrinchenkog4@netvibes.com,Brander,Hrinchenko,bsvvvz75
aendricig5,aendricig5@sogou.com,Adriana,Endrici,ohtwao74
kbaldeng6,kbaldeng6@japanpost.jp,Keelby,Balden,nfxonu64
mmatleyg7,mmatleyg7@home.pl,Michaella,Matley,cpjkfi71
pcoraing8,pcoraing8@feedburner.com,Prent,Corain,djzbje51
kcalderg9,kcalderg9@uol.com.br,Kasey,Calder,onpyee17
bgladmanga,bgladmanga@princeton.edu,Berton,Gladman,gdpqrd47
lmcclenangb,lmcclenangb@gmpg.org,Lorri,McClenan,jtiymh54
pcloneygc,pcloneygc@sphinn.com,Pierette,Cloney,qjhzjm23
snoodsgd,snoodsgd@furl.net,Sarita,Noods,alkxjf41
aferrersge,aferrersge@hibu.com,Arvie,Ferrers,kyzmkd63
arobertigf,arobertigf@berkeley.edu,Ailene,Roberti,cnocar92
oroseboroughgg,oroseboroughgg@senate.gov,Osmund,Roseborough,bbkfqm60
dhanlongh,dhanlongh@unicef.org,Dulci,Hanlon,slojad33
nfardongi,nfardongi@over-blog.com,Nev,Fardon,gmqubh30
fspelmangj,fspelmangj@about.me,Fifine,Spelman,mdifyk60
hklaggesgk,hklaggesgk@accuweather.com,Hewe,Klagges,fgmpys12
pdefranciscigl,pdefranciscigl@noaa.gov,Pia,De Francisci,gdnnga00
ecockshttgm,ecockshttgm@yandex.ru,Eudora,Cockshtt,rnbobd68
bvennartgn,bvennartgn@state.gov,Burke,Vennart,lpztoc18
mchurchesgo,mchurchesgo@4shared.com,Marcellus,Churches,mceref03
ccowpegp,ccowpegp@sakura.ne.jp,Clerkclaude,Cowpe,whgkll98
bmurtongq,bmurtongq@pcworld.com,Barrie,Murton,iclwme39
bwilsegr,bwilsegr@vkontakte.ru,Bobbye,Wilse,fntqzh20
mlayborngs,mlayborngs@twitpic.com,Mikael,Layborn,aekdpg19
mmaymangt,mmaymangt@yale.edu,Michel,Mayman,nifftp35
otappergu,otappergu@thetimes.co.uk,Olenolin,Tapper,aehbuf96
mlarcombegv,mlarcombegv@tamu.edu,Madison,Larcombe,iurymo62
sgowriegw,sgowriegw@gmpg.org,Silvana,Gowrie,vigkxf96
ddursleygx,ddursleygx@spotify.com,Dacey,Dursley,unlxmk02
gbohlsengy,gbohlsengy@unblog.fr,Gregg,Bohlsen,ecqegp15
aelsongz,aelsongz@com.com,Alyssa,Elson,expqqw19
rmacfaellh0,rmacfaellh0@naver.com,Rochester,MacFaell,jiuiiu93
foutlawh1,foutlawh1@godaddy.com,Franky,Outlaw,kwlvhf97
dpickuph2,dpickuph2@taobao.com,Dar,Pickup,fykhup25
amirandoh3,amirandoh3@cbc.ca,Ania,Mirando,jjjgvg09
csmileyh4,csmileyh4@nymag.com,Cchaddie,Smiley,ttdwvb34
avandrillh5,avandrillh5@auda.org.au,Amos,Vandrill,ocrccq87
ltinhamh6,ltinhamh6@xing.com,Luci,Tinham,vpotvt50
rridolfih7,rridolfih7@alexa.com,Royall,Ridolfi,wpatnq42
cfeverh8,cfeverh8@homestead.com,Charleen,Fever,qsxxca74
wvalentineh9,wvalentineh9@sogou.com,Wendie,Valentine,qfmhum06
lseawellha,lseawellha@dyndns.org,Larine,Seawell,lojwvw15
hwicklinghb,hwicklinghb@gizmodo.com,Horatio,Wickling,dscrbm21
mmutterhc,mmutterhc@dyndns.org,Marcia,Mutter,picgfo88
zcopestickhd,zcopestickhd@washington.edu,Zorine,Copestick,uheqxb87
amonteshe,amonteshe@time.com,Arluene,Montes,wjjweo34
kburragehf,kburragehf@whitehouse.gov,Ki,Burrage,pmkxgh29
etresisehg,etresisehg@japanpost.jp,Emmey,Tresise,odotka72
rrickcordhh,rrickcordhh@howstuffworks.com,Rani,Rickcord,lnaxmj88
fhutthi,fhutthi@google.ru,Frank,Hutt,zftuvr10
hcostardhj,hcostardhj@nationalgeographic.com,Henri,Costard,qycejk75
nliffhk,nliffhk@tripadvisor.com,Norton,Liff,zwmcoq76
rdanilyukhl,rdanilyukhl@businessweek.com,Ronalda,Danilyuk,iczrdj55
swormshm,swormshm@biglobe.ne.jp,Shannah,Worms,fkuqkr99
wkaaskooperhn,wkaaskooperhn@businesswire.com,Walsh,Kaaskooper,gpijjs26
gneadsho,gneadsho@yelp.com,Gabie,Neads,uraebg46
loakehp,loakehp@topsy.com,Leona,Oake,gvalen01
ayohq,ayohq@fastcompany.com,Ashley,Yo,yarfke70
svalentahr,svalentahr@accuweather.com,Simon,Valenta,ovmrbl66
ckernaghanhs,ckernaghanhs@networkadvertising.org,Courtnay,Kernaghan,pfkbbk21
amandelht,amandelht@netvibes.com,Ainslie,Mandel,mtwdpl50
framshawhu,framshawhu@sphinn.com,Frank,Ramshaw,glniaa65
tpetrussihv,tpetrussihv@ezinearticles.com,Toni,Petrussi,vnxbiw82
edoodsonhw,edoodsonhw@usda.gov,Eli,Doodson,kvcnhr06
wgrimblebyhx,wgrimblebyhx@eepurl.com,Wilek,Grimbleby,szskqa75
clehouxhy,clehouxhy@earthlink.net,Chick,Le Houx,ahbyeu73
djurgensonhz,djurgensonhz@noaa.gov,Demott,Jurgenson,eistjt02
bmacfauli0,bmacfauli0@zimbio.com,Bidget,MacFaul,tfbwph02
ependdrethi1,ependdrethi1@dailymotion.com,Eloisa,Penddreth,npqtlv35
rcullrfordi2,rcullrfordi2@storify.com,Roseline,Cullrford,hovkrh80
trobbeli3,trobbeli3@webeden.co.uk,Tanya,Robbel,czgnjz83
vflewini4,vflewini4@loc.gov,Virginie,Flewin,syjuad17
asplaveni5,asplaveni5@qq.com,Aile,Splaven,nytuzu30
lfarmari6,lfarmari6@weibo.com,Lorette,Farmar,bxtefp55
aweyi7,aweyi7@telegraph.co.uk,Alfonse,Wey,pqmkrp52
gmcfarlani8,gmcfarlani8@squidoo.com,Guinevere,McFarlan,ggbsdf80
mcoffelti9,mcoffelti9@hao123.com,Mick,Coffelt,dkuouc34
ikitteringhamia,ikitteringhamia@eventbrite.com,Irena,Kitteringham,bgdjdj20
lkenningtonib,lkenningtonib@rambler.ru,Lonni,Kennington,fplnxj45
talldrittic,talldrittic@slashdot.org,Therese,Alldritt,ahdpmj24
lguerraid,lguerraid@freewebs.com,Legra,Guerra,vvogqe62
vandriveauxie,vandriveauxie@cam.ac.uk,Vanda,Andriveaux,kjvjpf71
kgoozeeif,kgoozeeif@behance.net,Karin,Goozee,kehfkc14
driponig,driponig@arstechnica.com,Darb,Ripon,afjaeg35
lhastinih,lhastinih@technorati.com,Lurlene,Hastin,hehatt11
kdorganii,kdorganii@earthlink.net,Kris,Dorgan,nlfwnh51
riwanczykij,riwanczykij@un.org,Rozalie,Iwanczyk,pagxks84
ewillishireik,ewillishireik@census.gov,Erskine,Willishire,uweogd62
mcarikil,mcarikil@soundcloud.com,Merry,Carik,aexyoa68
dpudneyim,dpudneyim@linkedin.com,Dannye,Pudney,lfcvnc01
kpaffordin,kpaffordin@nytimes.com,Kore,Pafford,zyhunb41
ccritchleyio,ccritchleyio@addthis.com,Carlene,Critchley,hlwcsq87
tkienleip,tkienleip@dailymail.co.uk,Thibaut,Kienle,wspxad98
ipryniq,ipryniq@icq.com,Isahella,Pryn,hhfjpb20
aendenir,aendenir@symantec.com,Artemas,Enden,rkbrqa86
smaidlowis,smaidlowis@imgur.com,Sharia,Maidlow,omplwv83
gtotterdellit,gtotterdellit@sourceforge.net,Godfree,Totterdell,tsivtq28
ddrohuniu,ddrohuniu@amazon.de,Dani,Drohun,kzaljh78
fcarlensiv,fcarlensiv@skype.com,Frasquito,Carlens,lrpfnz72
cblackeyiw,cblackeyiw@redcross.org,Corty,Blackey,jpralv63
cmeiklemix,cmeiklemix@twitpic.com,Codie,Meiklem,luvdwz06
ctremaineiy,ctremaineiy@cbc.ca,Candice,Tremaine,nlqxqu78
rledleyiz,rledleyiz@fda.gov,Rayshell,Ledley,nfjodc70
pmolnarj0,pmolnarj0@google.com,Pet,Molnar,dlwxgj85
rgrassickj1,rgrassickj1@seesaa.net,Rochella,Grassick,nwdlfo43
wpostlethwaitej2,wpostlethwaitej2@acquirethisname.com,Wade,Postlethwaite,dafmtk20
rbredej3,rbredej3@over-blog.com,Roma,Brede,ncgttc27
gschustlj4,gschustlj4@forbes.com,Glenine,Schustl,yirqyv89
frultenj5,frultenj5@addthis.com,Fred,Rulten,lscqlu33
smatthesiusj6,smatthesiusj6@hatena.ne.jp,Stacee,Matthesius,pfylko94
npesslerj7,npesslerj7@g.co,Nickolai,Pessler,gfnduk46
fruthenj8,fruthenj8@tinyurl.com,Fan,Ruthen,qslueb01
tcostyj9,tcostyj9@apple.com,Thornie,Costy,swbcfs30
cdoneganja,cdoneganja@com.com,Clarey,Donegan,dlpofd11
tsheringhamjb,tsheringhamjb@engadget.com,Tuck,Sheringham,cnctyt98
ekonerdingjc,ekonerdingjc@blogspot.com,Eadie,Konerding,yvmnrs36
ewoodwinjd,ewoodwinjd@symantec.com,Emelen,Woodwin,mdccqo19
cbourtonje,cbourtonje@instagram.com,Charmian,Bourton,vqxvvs86
kpauloujf,kpauloujf@fotki.com,Kristofer,Paulou,ooqmxa91
dwalderjg,dwalderjg@ted.com,Desiri,Walder,arwfvv39
pthuillierjh,pthuillierjh@merriam-webster.com,Prescott,Thuillier,ifwqpw89
jandrickji,jandrickji@networksolutions.com,Jackson,Andrick,lpaehz77
smarcroftjj,smarcroftjj@sogou.com,Sisile,Marcroft,wfstaw37
amccorleyjk,amccorleyjk@washingtonpost.com,Addie,McCorley,djiozg93
mpalmbyjl,mpalmbyjl@elegantthemes.com,Merrielle,Palmby,rypnxc68
geverissjm,geverissjm@unesco.org,Glenn,Everiss,scuexv67
mubsdalejn,mubsdalejn@google.fr,Mireille,Ubsdale,xlkgrd94
ablackhamjo,ablackhamjo@google.nl,Arvin,Blackham,ioohwl27
mswatejp,mswatejp@google.ru,Mendel,Swate,tffivk20
csnodenjq,csnodenjq@over-blog.com,Chantalle,Snoden,ilqqjc68
ttitmanjr,ttitmanjr@moonfruit.com,Tallia,Titman,jrvifu96
kcrafterjs,kcrafterjs@ca.gov,Karrah,Crafter,luvwsr04
jkeelejt,jkeelejt@bandcamp.com,Jerrilyn,Keele,usyroi85
rtoleju,rtoleju@reddit.com,Ron,Tole,fuhovu30
hgarrjv,hgarrjv@phpbb.com,Hetty,Garr,hyfyoz92
tpitsalljw,tpitsalljw@360.cn,Thomasin,Pitsall,ywwwdx99
hwhitewayjx,hwhitewayjx@chron.com,Helaina,Whiteway,mowmkf35
kkimejy,kkimejy@phoca.cz,Kandy,Kime,nosgod95
dkennifickjz,dkennifickjz@marketwatch.com,Dinny,Kennifick,veuoyg67
aaldwincklek0,aaldwincklek0@sbwire.com,Aleda,Aldwinckle,xgmmow92
jcoulingk1,jcoulingk1@networkadvertising.org,Jackqueline,Couling,scgzvx93
rweedenk2,rweedenk2@accuweather.com,Roth,Weeden,wcfvcp57
ntreasurek3,ntreasurek3@ning.com,Nisse,Treasure,bdfdjr13
pcoalburnk4,pcoalburnk4@disqus.com,Parry,Coalburn,gklimj35
phuebnerk5,phuebnerk5@yelp.com,Perl,Huebner,arcfyt71
bkmicickik6,bkmicickik6@list-manage.com,Benjie,Kmicicki,glkuxh35
ladamthwaitek7,ladamthwaitek7@usnews.com,Lisetta,Adamthwaite,pwrwpc12
mkeerlk8,mkeerlk8@fda.gov,Maddy,Keerl,bhyqxx64
atabourk9,atabourk9@miitbeian.gov.cn,Alyce,Tabour,fkxyvd17
mcringleka,mcringleka@freewebs.com,My,Cringle,eiooox47
jsurridgekb,jsurridgekb@gmpg.org,Jennine,Surridge,aqfdxd80
bmitchleykc,bmitchleykc@spiegel.de,Barron,Mitchley,vjgexo73
skovacskd,skovacskd@printfriendly.com,Stacey,Kovacs,sahdyh70
fmeiklejohnke,fmeiklejohnke@nih.gov,Feliza,Meiklejohn,wftdxo41
itukesbykf,itukesbykf@zdnet.com,Innis,Tukesby,pwukjk17
abarczewskikg,abarczewskikg@elegantthemes.com,Anders,Barczewski,chzxnw72
ckemellkh,ckemellkh@sphinn.com,Cobby,Kemell,fvdelp73
jvedishchevki,jvedishchevki@hubpages.com,Jilly,Vedishchev,tyvlte24
hstandellkj,hstandellkj@rakuten.co.jp,Herrick,Standell,xtmght99
ctimbskk,ctimbskk@ameblo.jp,Clim,Timbs,kjlckf34
lcarwardinekl,lcarwardinekl@statcounter.com,Lucienne,Carwardine,udddck72
cmatherkm,cmatherkm@posterous.com,Celisse,Mather,cslkjg56
msouttarkn,msouttarkn@yellowbook.com,Marc,Souttar,nbxfvz29
jfiskko,jfiskko@skype.com,Jamil,Fisk,ifigri95
scavekp,scavekp@networkadvertising.org,Shelby,Cave,izkknq08
mbollinikq,mbollinikq@ed.gov,Maggy,Bollini,oklrfx33
ccassimerkr,ccassimerkr@amazon.com,Carolee,Cassimer,vkcweu78
kcolbertsonks,kcolbertsonks@umn.edu,Kelsey,Colbertson,uhptsb36
egovernkt,egovernkt@taobao.com,Elwood,Govern,clbhlf00
bislepku,bislepku@opera.com,Buckie,Islep,awbkzw65
mromaninkv,mromaninkv@yahoo.com,Margo,Romanin,swxrcf65
dbunclarkkw,dbunclarkkw@i2i.jp,Dame,Bunclark,mpkuof45
rtheusskx,rtheusskx@boston.com,Rosalia,Theuss,ahmrku19
duzelliky,duzelliky@thetimes.co.uk,Dwain,Uzelli,xihkqe86
djenesskz,djenesskz@latimes.com,Doyle,Jeness,xvkwiy60
sepsleyl0,sepsleyl0@yahoo.co.jp,Sholom,Epsley,hhrgnn29
mwitchallsl1,mwitchallsl1@cbslocal.com,Manda,Witchalls,wvgqkq62
sstilliardl2,sstilliardl2@skyrock.com,Sella,Stilliard,gdwsmv51
hhalkyardl3,hhalkyardl3@slideshare.net,Hadrian,Halkyard,sndpok68
ahodintonl4,ahodintonl4@geocities.jp,Audrey,Hodinton,bbtsxe78
jweblandl5,jweblandl5@abc.net.au,Jamesy,Webland,sorayd70
amackaigl6,amackaigl6@arstechnica.com,Alla,MacKaig,dxutnz84
apizerl7,apizerl7@unesco.org,Akim,Pizer,lygpnf28
lboshersl8,lboshersl8@home.pl,Lynea,Boshers,pmnbng16
esiberryl9,esiberryl9@scribd.com,Emmalynne,Siberry,iwlyjw48
dcoanla,dcoanla@noaa.gov,Dwight,Coan,ghgnjl05
jbeadhamlb,jbeadhamlb@aol.com,Jacques,Beadham,gizizd03
erubegalc,erubegalc@chronoengine.com,Evania,Rubega,qclgra19
emeddld,emeddld@livejournal.com,Ethelda,Medd,qdxmqn94
mcampionle,mcampionle@aboutads.info,Meridith,Campion,shayhc76
fpeterffylf,fpeterffylf@smh.com.au,Flossi,Peterffy,cwpkii49
troskamslg,troskamslg@walmart.com,Tymothy,Roskams,uxcazy27
ewaldramlh,ewaldramlh@skype.com,Esmeralda,Waldram,wiqyio50
ohalsonli,ohalsonli@salon.com,Onfroi,Halson,lfnqkl33
olisimorelj,olisimorelj@about.me,Otho,Lisimore,xpcrkp79
cspitelllk,cspitelllk@ustream.tv,Christoper,Spitell,feroty56
gtolemachell,gtolemachell@archive.org,Gordie,Tolemache,hirzbz47
wradcliffelm,wradcliffelm@craigslist.org,Wilie,Radcliffe,vqkltb03
ftomsln,ftomsln@usa.gov,Fabio,Toms,dsaaiq76
wboulelo,wboulelo@nbcnews.com,Wilone,Boule,dufxyu47
aszymonlp,aszymonlp@usgs.gov,Amerigo,Szymon,pptgda04
apagellq,apagellq@arizona.edu,Alyson,Pagel,iknugs07
dcorryerlr,dcorryerlr@google.co.uk,Dari,Corryer,xmioqs97
fdallmannls,fdallmannls@hao123.com,Francklin,Dallmann,nyvdrm90
fcroucherlt,fcroucherlt@yahoo.com,Frasquito,Croucher,lgjgwy76
agillattlu,agillattlu@flavors.me,Ashia,Gillatt,mdqrzy61
jgookelv,jgookelv@cyberchimps.com,Jonas,Gooke,ufhxnl02
ljuschkelw,ljuschkelw@ebay.com,Lou,Juschke,iquqkp69
mhurseylx,mhurseylx@live.com,Martguerita,Hursey,vhfmey15
lhalmkinly,lhalmkinly@people.com.cn,Lucine,Halmkin,pcbdxt80
tjelleylz,tjelleylz@google.cn,Tynan,Jelley,zljvff39
mcucuzzam0,mcucuzzam0@ovh.net,Morie,Cucuzza,vyyyfw42
rkerkhamm1,rkerkhamm1@cdc.gov,Riordan,Kerkham,halxbr69
gholtm2,gholtm2@ezinearticles.com,Gweneth,Holt,mrftyt12
dpadsonm3,dpadsonm3@bbc.co.uk,Drud,Padson,vyotjv78
laubrunm4,laubrunm4@edublogs.org,Lyndel,Aubrun,styluy13
pcrackerm5,pcrackerm5@sakura.ne.jp,Paolina,Cracker,vxgcyb21
efitchetm6,efitchetm6@creativecommons.org,Erna,Fitchet,nzaijs43
rlichfieldm7,rlichfieldm7@skype.com,Rodi,Lichfield,yulvng65
ctilfordm8,ctilfordm8@wired.com,Carla,Tilford,jzqstl98
ksaverym9,ksaverym9@umn.edu,Keen,Savery,qdiluf92
aaggsma,aaggsma@google.ru,Addy,Aggs,xdgeef23
lbeesleymb,lbeesleymb@state.gov,Libby,Beesley,yrjith47
nstaubynmc,nstaubynmc@newsvine.com,Nerissa,St. Aubyn,atsuqk82
dmixmd,dmixmd@netlog.com,Diana,Mix,aigmev24
ccaddme,ccaddme@opera.com,Channa,Cadd,pevqfw36
akyntonmf,akyntonmf@canalblog.com,Aloysius,Kynton,uzpqem22
uhastlermg,uhastlermg@symantec.com,Udall,Hastler,mmiuji89
jjoerningmh,jjoerningmh@cpanel.net,Johannah,Joerning,ukbnee85
dnormavillemi,dnormavillemi@intel.com,Dorthy,Normaville,geveyc27
amelchiormj,amelchiormj@google.ca,Anders,Melchior,twpzrj82
tlabronemk,tlabronemk@163.com,Tannie,Labrone,iahnyo23
ptiltml,ptiltml@fotki.com,Pearla,Tilt,jvfmct34
fwartersmm,fwartersmm@ebay.com,Freida,Warters,nwhybl61
cscolamn,cscolamn@sourceforge.net,Chris,Scola,xdcexq40
lhebardmo,lhebardmo@ovh.net,Lilah,Hebard,grcbjj95
tcatenotmp,tcatenotmp@buzzfeed.com,Tirrell,Catenot,mcxoyz80
wcastelotmq,wcastelotmq@geocities.com,Wiatt,Castelot,pqscrj24
dchantermr,dchantermr@indiegogo.com,Doro,Chanter,cqxofg19
ekehirms,ekehirms@facebook.com,Elita,Kehir,hmlqwm33
cyorkemt,cyorkemt@unblog.fr,Carmina,Yorke,qochdt55
idearlmu,idearlmu@mtv.com,Inez,Dearl,njgsup87
cknappittmv,cknappittmv@psu.edu,Carey,Knappitt,swkpjg85
jspensmw,jspensmw@independent.co.uk,Jeannette,Spens,ksamxe92
eronchettimx,eronchettimx@about.me,Eolanda,Ronchetti,cufloj97
rstappardmy,rstappardmy@theguardian.com,Rafaelita,Stappard,inuilf48
sharlermz,sharlermz@dagondesign.com,Saxon,Harler,yhmyen38
tranyn0,tranyn0@marriott.com,Tallie,Rany,ixwkxl02
gloughn1,gloughn1@cnn.com,Geri,Lough,ccfzxk69
djeppensenn2,djeppensenn2@ucsd.edu,Darleen,Jeppensen,gxwefu58
tpeppern3,tpeppern3@illinois.edu,Tera,Pepper,zaoyer43
wspringtorpn4,wspringtorpn4@cbc.ca,Wells,Springtorp,qdtaeu05
lstroudn5,lstroudn5@cisco.com,Lonny,Stroud,iksjps66
aduckerinn6,aduckerinn6@amazon.com,Adelaide,Duckerin,vhwaaf84
hmaybeyn7,hmaybeyn7@jalbum.net,Haleigh,Maybey,csgsbl99
mbrettonn8,mbrettonn8@ask.com,Morley,Bretton,osnaul31
fdrevern9,fdrevern9@fda.gov,Felizio,Drever,iaomnu44
nthunnerclefna,nthunnerclefna@mozilla.com,Nina,Thunnerclef,bavnli39
dhayseldennb,dhayseldennb@1und1.de,Durant,Hayselden,libnoj09
imeadernc,imeadernc@fc2.com,Idalina,Meader,mvrkyr47
lgabbettnd,lgabbettnd@amazon.co.jp,Leonora,Gabbett,bftxwo14
vtimperleyne,vtimperleyne@hao123.com,Verge,Timperley,wcloce83
ibenardettenf,ibenardettenf@opera.com,Isiahi,Benardette,zspumg58
swattinsng,swattinsng@163.com,Spenser,Wattins,kfprpx53
daumerlenh,daumerlenh@blogs.com,Desi,Aumerle,hbcvbd89
hashforthni,hashforthni@nba.com,Harvey,Ashforth,goslzb20
njagoenj,njagoenj@mlb.com,Nolan,Jagoe,zimbrx12
tcolisbenk,tcolisbenk@dedecms.com,Tandie,Colisbe,hprfnu64
sallnattnl,sallnattnl@simplemachines.org,Sabrina,Allnatt,xrsvoi14
tgrovehamnm,tgrovehamnm@mashable.com,Tann,Groveham,vofqvx02
rluceynn,rluceynn@godaddy.com,Ruperto,Lucey,grjwep96
kgellno,kgellno@lycos.com,Katheryn,Gell,tyviwp39
gitziknp,gitziknp@noaa.gov,Granny,Itzik,urkkhx83
mredsullnq,mredsullnq@github.com,Mitchell,Redsull,wngzrk80
nmanninnr,nmanninnr@bbc.co.uk,Nicolea,Mannin,mevygd55
jardleyns,jardleyns@live.com,Jessamine,Ardley,nqvkcs70
brewannt,brewannt@washingtonpost.com,Babette,Rewan,pjvqec19
asevernnu,asevernnu@youku.com,Alfredo,Severn,xoicmo96
etomsonnv,etomsonnv@go.com,Ellis,Tomson,xpxfgj51
bcuestanw,bcuestanw@dailymail.co.uk,Birgitta,Cuesta,iqlhql52
cgoodspeednx,cgoodspeednx@toplist.cz,Caresa,Goodspeed,qrkfib03
rfeoreny,rfeoreny@gov.uk,Rosa,Feore,enquvx82
vcarncrossnz,vcarncrossnz@amazon.co.uk,Viv,Carncross,jmuyac59
rbreslino0,rbreslino0@dyndns.org,Ronnie,Breslin,gicbrs36
rmaccourto1,rmaccourto1@pinterest.com,Ramsey,MacCourt,aocdxk82
emapledoramo2,emapledoramo2@rediff.com,Easter,Mapledoram,czpzsk95
jfallowo3,jfallowo3@sohu.com,Jenine,Fallow,hbnqlf17
epabloo4,epabloo4@fastcompany.com,Emmalee,Pablo,yssuyu81
nmccrackemo5,nmccrackemo5@umn.edu,Noell,McCrackem,mlobue14
mlowranceo6,mlowranceo6@slate.com,Marci,Lowrance,wdkvxv40
hmetzingo7,hmetzingo7@tinypic.com,Hollie,Metzing,djcfux78
cpashbyo8,cpashbyo8@canalblog.com,Charlton,Pashby,kimwik54
akingzetto9,akingzetto9@bbc.co.uk,Adrian,Kingzett,lqhezv80
jwiggingtonoa,jwiggingtonoa@usnews.com,Jamie,Wiggington,dgbjek61
pbreconob,pbreconob@mysql.com,Putnem,Brecon,hwrilc18
mharrowoc,mharrowoc@oaic.gov.au,Maitilde,Harrow,zwppxm18
tsouthernod,tsouthernod@ask.com,Tallou,Southern,tcwyyr57
mcoldridgeoe,mcoldridgeoe@printfriendly.com,Maurita,Coldridge,jshfvi22
tlawrensonof,tlawrensonof@rediff.com,Tymothy,Lawrenson,mpctgj90
nsteinhammerog,nsteinhammerog@examiner.com,Nissa,Steinhammer,qdfslq19
rbalseroh,rbalseroh@pbs.org,Robin,Balser,rvtlgn02
branaldoi,branaldoi@thetimes.co.uk,Bria,Ranald,kiznfh16
meverleighoj,meverleighoj@ca.gov,Meier,Everleigh,urvtly42
dcamusok,dcamusok@google.ru,Delmore,Camus,cnliiq19
pgymlettol,pgymlettol@biglobe.ne.jp,Prue,Gymlett,dxnolt32
ycloneyom,ycloneyom@gravatar.com,Yvette,Cloney,eutrxl56
jsidaryon,jsidaryon@unblog.fr,Jessy,Sidary,xacxdc75
fgoldoo,fgoldoo@nydailynews.com,Fara,Gold,kksbwi46
lgrzegorzewskiop,lgrzegorzewskiop@behance.net,Linn,Grzegorzewski,igjcrp83
kbeveridgeoq,kbeveridgeoq@desdev.cn,Katrinka,Beveridge,yyvpsk26
idomencor,idomencor@eepurl.com,Ibrahim,Domenc,stxkso73
dleasoros,dleasoros@sciencedirect.com,Dane,Leasor,hflccm11
rsimonettot,rsimonettot@tiny.cc,Rena,Simonett,eoqxvv19
slinscottou,slinscottou@engadget.com,Sallyanne,Linscott,ezcgcw95
follerov,follerov@123-reg.co.uk,Francois,Oller,xmibvm61
wtompkissow,wtompkissow@vistaprint.com,West,Tompkiss,jftlqr05
gtilsleyox,gtilsleyox@answers.com,Gabriel,Tilsley,eevaou24
rberringeroy,rberringeroy@ebay.com,Renard,Berringer,ifsayw40
bburnalloz,bburnalloz@nih.gov,Brendin,Burnall,hoxdoj39
edogetp0,edogetp0@surveymonkey.com,Ericka,Doget,ahsbzo63
kvaseyp1,kvaseyp1@prnewswire.com,Kingsly,Vasey,bkkinl03
vmaccaigp2,vmaccaigp2@reference.com,Virge,MacCaig,srfamu81
ldedenhamp3,ldedenhamp3@tinyurl.com,Laurella,Dedenham,vaqaji69
wwhitnellp4,wwhitnellp4@icq.com,Wallace,Whitnell,upmgaz36
mwarlowp5,mwarlowp5@gizmodo.com,Murvyn,Warlow,hhrgom39
elitchmorep6,elitchmorep6@netscape.com,Enrico,Litchmore,srosxx63
bandorp7,bandorp7@mit.edu,Byran,Andor,uphnni42
wskellenp8,wskellenp8@twitter.com,Wilone,Skellen,qsqdzu82
dkelshawp9,dkelshawp9@wix.com,Diann,Kelshaw,hurtvz85
kverbrugghenpa,kverbrugghenpa@answers.com,Kimbell,Verbrugghen,azurcn56
hcailloupb,hcailloupb@plala.or.jp,Hogan,Caillou,rrkvhx79
faveypc,faveypc@sogou.com,Fredia,Avey,vbdlat86
skolushevpd,skolushevpd@harvard.edu,Standford,Kolushev,rzjbdf29
vjusthampe,vjusthampe@omniture.com,Veda,Justham,hetikd94
vjenkynpf,vjenkynpf@blogtalkradio.com,Vally,Jenkyn,ohbgpo06
nvearpg,nvearpg@usatoday.com,Noland,Vear,chtjec66
apennockph,apennockph@geocities.jp,Anthony,Pennock,lfnahw81
kfiddypi,kfiddypi@usatoday.com,Kimbell,Fiddy,cdsjzd75
alouthpj,alouthpj@skype.com,Aloisia,Louth,epvfgi88
rcastpk,rcastpk@bloomberg.com,Rhonda,Cast,hfhqta00
phuxtablepl,phuxtablepl@e-recht24.de,Philippe,Huxtable,srnlat41
imckeaneypm,imckeaneypm@jimdo.com,Iorgos,McKeaney,rzhvik61
dbeekmanpn,dbeekmanpn@123-reg.co.uk,Darrel,Beekman,vdiikh88
ayeldonpo,ayeldonpo@hud.gov,Annamarie,Yeldon,jcetph05
emaggorinipp,emaggorinipp@yahoo.co.jp,Estel,Maggorini,vdxmhj46
lpeotzpq,lpeotzpq@tinyurl.com,Lilia,Peotz,rlapkg06
cbrookespr,cbrookespr@altervista.org,Carin,Brookes,tkuwnh35
ggiuronps,ggiuronps@sphinn.com,Grantley,Giuron,vxifra56
jbachurapt,jbachurapt@comsenz.com,Jesse,Bachura,nmgple72
arowaszkiewiczpu,arowaszkiewiczpu@shareasale.com,Ame,Rowaszkiewicz,bssuau08
sloreypv,sloreypv@usda.gov,Shurwood,Lorey,yjzxhs27
fmellmerpw,fmellmerpw@xinhuanet.com,Ferris,Mellmer,strwzq46
jcicceralepx,jcicceralepx@sphinn.com,Jefferson,Ciccerale,zsciye45
syauspy,syauspy@amazonaws.com,Sancho,Yaus,futiil44
tguillartpz,tguillartpz@hatena.ne.jp,Tedmund,Guillart,flbsfq83
nleeq0,nleeq0@patch.com,Nev,Lee,maeszt10
ytrotterq1,ytrotterq1@posterous.com,Ynes,Trotter,pvngle15
skarelq2,skarelq2@craigslist.org,Sheelah,Karel,gdbfnt01
tgurryq3,tgurryq3@webmd.com,Trace,Gurry,kicrrs53
dsmaridgeq4,dsmaridgeq4@elpais.com,Doretta,Smaridge,ygfzlv41
tibotsonq5,tibotsonq5@alexa.com,Tori,Ibotson,koaxld78
ksalvatoreq6,ksalvatoreq6@senate.gov,Kev,Salvatore,vezgdh02
pmayberryq7,pmayberryq7@twitter.com,Percy,Mayberry,rnwiif15
kcarilloq8,kcarilloq8@berkeley.edu,Kaila,Carillo,zuuoyk29
giffeq9,giffeq9@oakley.com,Gussi,Iffe,ucqtoe36
dprendergrassqa,dprendergrassqa@behance.net,Dorisa,Prendergrass,rqwgln89
jgwillimqb,jgwillimqb@salon.com,Jeannie,Gwillim,tcphij06
cfretwellqc,cfretwellqc@sourceforge.net,Casey,Fretwell,imoiha62
kskivingtonqd,kskivingtonqd@deliciousdays.com,Karil,Skivington,ihhuwp04
dstreightqe,dstreightqe@1und1.de,Darcy,Streight,pflzqw12
dvasyaevqf,dvasyaevqf@reverbnation.com,Dunn,Vasyaev,bmsxwk43
ndowkerqg,ndowkerqg@dot.gov,Nolie,Dowker,zijqrf91
cfulleqh,cfulleqh@artisteer.com,Cello,Fulle,wwrjop19
mwallbankqi,mwallbankqi@slate.com,Magnum,Wallbank,rnhwid42
dorteauqj,dorteauqj@icq.com,Dayna,Orteau,sajvmb35
bwardingleyqk,bwardingleyqk@purevolume.com,Brandice,Wardingley,jdzkhb66
tcristofoloql,tcristofoloql@blinklist.com,Taylor,Cristofolo,viaubv04
mjeannardqm,mjeannardqm@sourceforge.net,Morty,Jeannard,kenisv05
celcumqn,celcumqn@toplist.cz,Christophorus,Elcum,vgaadl48
msuattqo,msuattqo@yahoo.co.jp,Magdalen,Suatt,dpkmgi12
fcrudenqp,fcrudenqp@hugedomains.com,Fraze,Cruden,yhawnj82
tsabanqq,tsabanqq@fc2.com,Tymon,Saban,ugollq81
khurlestoneqr,khurlestoneqr@xing.com,Karel,Hurlestone,whptdz68
bburdgeqs,bburdgeqs@microsoft.com,Bobbee,Burdge,bzzwdm29
tmurphyqt,tmurphyqt@jiathis.com,Tatiana,Murphy,sncchv58
cstinsonqu,cstinsonqu@upenn.edu,Corina,Stinson,huuxhj00
sjovasevicqv,sjovasevicqv@businessweek.com,Sidnee,Jovasevic,ozzgal27
csaggersqw,csaggersqw@umn.edu,Cordie,Saggers,vcpuow43
aedwardsqx,aedwardsqx@sphinn.com,Abraham,Edwards,mvlipj76
hotimonyqy,hotimonyqy@so-net.ne.jp,Harriott,O' Timony,vmfmog30
cheatleyqz,cheatleyqz@europa.eu,Chalmers,Heatley,qfpeuk73
agrundler0,agrundler0@omniture.com,Abram,Grundle,yozlfh30
tchaddr1,tchaddr1@tripadvisor.com,Timotheus,Chadd,yavaxo75
lotteer2,lotteer2@boston.com,Loreen,Ottee,yzxtmc14
lmcrobertr3,lmcrobertr3@seesaa.net,Lefty,McRobert,lnarnk56
erosenblathr4,erosenblathr4@soundcloud.com,Evelyn,Rosenblath,wkhfla47
ncaillour5,ncaillour5@census.gov,Normy,Caillou,kftrii43
bbartomieur6,bbartomieur6@theatlantic.com,Barrie,Bartomieu,hbbgco61
bdraner7,bdraner7@princeton.edu,Brennen,Drane,mtllrh29
lwilcer8,lwilcer8@instagram.com,Leticia,Wilce,vrgsyu66
efrasconer9,efrasconer9@fc2.com,Elspeth,Frascone,bwhwrl66
mnutmanra,mnutmanra@bluehost.com,Mata,Nutman,wwxqqk92
eburburyrb,eburburyrb@cpanel.net,Elsbeth,Burbury,arlelg97
bsheatherrc,bsheatherrc@businesswire.com,Bennett,Sheather,kxtnvh98
mbrewinrd,mbrewinrd@artisteer.com,Mark,Brewin,nojmwk65
jshawellre,jshawellre@mysql.com,Johan,Shawell,yvgsqm44
tfolliottrf,tfolliottrf@odnoklassniki.ru,Troy,Folliott,xjblxo24
bkermathrg,bkermathrg@reuters.com,Billy,Kermath,xyedrp72
ahendrenrh,ahendrenrh@cafepress.com,Alvie,Hendren,icjidp56
tmathersri,tmathersri@irs.gov,Thomasin,Mathers,idbdcr54
gsteanyngrj,gsteanyngrj@tamu.edu,Gustave,Steanyng,elkkco13
egilbanksrk,egilbanksrk@telegraph.co.uk,Eugenius,Gilbanks,mplnfd18
lgorrierl,lgorrierl@wikipedia.org,Linea,Gorrie,qzwqtr62
tstanclifferm,tstanclifferm@hc360.com,Tiena,Stancliffe,ubtkfh24
acoppledikern,acoppledikern@so-net.ne.jp,Amalita,Coppledike,qwtwia08
emorysonro,emorysonro@google.ca,Emelda,Moryson,oayjnz07
nbilyardrp,nbilyardrp@psu.edu,Nanette,Bilyard,rhxerl91
adjekovicrq,adjekovicrq@yale.edu,Austin,Djekovic,okiyyc05
malmondrr,malmondrr@ebay.com,Marina,Almond,gaojms59
