username,email,firstname,lastname,password
tvicary0,tvicary0@adobe.com,Torey,Vicary,aobjvz82
cdochon1,cdochon1@biglobe.ne.jp,Chick,Dochon,tysqxz94
skittless2,skittless2@ebay.com,Shina,Kittless,gwlklr30
wysson3,wysson3@skyrock.com,Warren,Ysson,udqakt07
olichtfoth4,olichtfoth4@mail.ru,Orran,Lichtfoth,nzhejr88
jrandlesome5,jrandlesome5@biblegateway.com,Jonah,Randlesome,eradfq56
bhattoe6,bhattoe6@who.int,Bron,Hattoe,jxjixh22
rbartolommeo7,rbartolommeo7@list-manage.com,Richardo,Bartolommeo,ngfnbi56
vblakeway8,vblakeway8@jigsy.com,Vassili,Blakeway,kwtjyt14
jclibbery9,jclibbery9@amazonaws.com,Jo,Clibbery,uzhbzc38
zlabela,zlabela@vistaprint.com,Zane,Label,wbgmct67
ucrathernb,ucrathernb@wikimedia.org,Ulrica,Crathern,njvkcd30
gyashinc,gyashinc@amazonaws.com,Geoffrey,Yashin,yunoxy03
tbudgeond,tbudgeond@free.fr,Timmy,Budgeon,bpjgra92
rwilcote,rwilcote@google.cn,Ricardo,Wilcot,dlselw80
rsullandf,rsullandf@livejournal.com,Randa,Sulland,vtplln20
detterg,detterg@google.de,Dillon,Etter,zyjumk82
fairtonh,fairtonh@yahoo.co.jp,Felisha,Airton,hclcpr30
hwinrami,hwinrami@chron.com,Helaine,Winram,ggfxjh89
aubsdalej,aubsdalej@booking.com,Arvie,Ubsdale,vddehu03
ddalinderk,ddalinderk@economist.com,Donni,Dalinder,oovbih57
rminerl,rminerl@ezinearticles.com,Romeo,Miner,vqzfqb58
bshreevem,bshreevem@ask.com,Becca,Shreeve,sheybm85
ymadigann,ymadigann@bing.com,Yvette,Madigan,hnlpkf00
cvenediktovo,cvenediktovo@mapy.cz,Carrissa,Venediktov,tqwepn68
cmccaugheyp,cmccaugheyp@admin.ch,Christoper,McCaughey,hfmpqi46
taimerq,taimerq@statcounter.com,Tammie,Aimer,nobzco29
sharmstonr,sharmstonr@cnet.com,Sayre,Harmston,dfoasl49
gdonneelys,gdonneelys@jimdo.com,Greer,Donneely,ixsgzi75
hmapstont,hmapstont@ucoz.ru,Heall,Mapston,jelhvw18
kstelleu,kstelleu@sakura.ne.jp,Kerwin,Stelle,kzzhso57
skolisv,skolisv@shareasale.com,Sib,Kolis,rlbqrg95
shendrenw,shendrenw@t-online.de,Sheff,Hendren,tzuupu92
mmaccaffertyx,mmaccaffertyx@cocolog-nifty.com,Mose,MacCafferty,vcduoe19
sdallimorey,sdallimorey@vistaprint.com,Stanford,Dallimore,xmwkxs30
adowzellz,adowzellz@earthlink.net,Amelie,Dowzell,jxhdzq26
sdarnody10,sdarnody10@huffingtonpost.com,Sella,Darnody,ylwsvm14
ghardbattle11,ghardbattle11@upenn.edu,Garrick,Hardbattle,kneupu35
hsarchwell12,hsarchwell12@geocities.jp,Helge,Sarchwell,shuoks46
gmacgebenay13,gmacgebenay13@istockphoto.com,Gwenny,MacGebenay,lbkxeh13
rdarycott14,rdarycott14@narod.ru,Reba,Darycott,yfdagz71
jhemphrey15,jhemphrey15@intel.com,Jemimah,Hemphrey,cidhnn35
vnathon16,vnathon16@technorati.com,Vanessa,Nathon,vjpyfx41
abuard17,abuard17@yellowbook.com,Adelaide,Buard,qveawe39
mpolo18,mpolo18@google.com.hk,Marty,Polo,sftevm03
lskelhorn19,lskelhorn19@auda.org.au,Linn,Skelhorn,glikur34
ereinard1a,ereinard1a@mozilla.com,Emelina,Reinard,hwkhuj09
rgrzelczak1b,rgrzelczak1b@comsenz.com,Radcliffe,Grzelczak,qkdzfn68
rgrut1c,rgrut1c@forbes.com,Rahel,Grut,nxtapi17
dhiggen1d,dhiggen1d@github.com,Derby,Higgen,djedsn23
mgehring1e,mgehring1e@biblegateway.com,Marris,Gehring,qdltsv08
jaire1f,jaire1f@mit.edu,Jacklin,Aire,tufmef06
cdeblase1g,cdeblase1g@instagram.com,Chaddie,De Blase,fpqxzw97
kgligori1h,kgligori1h@reference.com,Katrine,Gligori,rpxbac96
pkruse1i,pkruse1i@amazonaws.com,Perkin,Kruse,omcfhg27
ccotes1j,ccotes1j@google.it,Clarie,Cotes,miwfek81
mgravenor1k,mgravenor1k@chron.com,Miles,Gravenor,vdhnjq37
cjantel1l,cjantel1l@chicagotribune.com,Cesare,Jantel,rijesa94
kjennick1m,kjennick1m@cbsnews.com,Kimberly,Jennick,xsktmd20
jdivisek1n,jdivisek1n@reuters.com,Jakie,Divisek,ikoouw65
rmatusson1o,rmatusson1o@virginia.edu,Rory,Matusson,kittvq97
breynoollds1p,breynoollds1p@ustream.tv,Bendite,Reynoollds,lxoolk33
pdealy1q,pdealy1q@opera.com,Pearla,Dealy,lyprlg85
cfarmery1r,cfarmery1r@mysql.com,Cassandry,Farmery,xiutnr98
agrgic1s,agrgic1s@geocities.com,Adda,Grgic,gzkmww50
echawner1t,echawner1t@shutterfly.com,Evered,Chawner,mwqybv68
rswinford1u,rswinford1u@parallels.com,Randolph,Swinford,zzdkdl30
lchappell1v,lchappell1v@twitter.com,Linnell,Chappell,pbippu90
yeustice1w,yeustice1w@oaic.gov.au,Yehudi,Eustice,luzipy40
mglanders1x,mglanders1x@dropbox.com,Moll,Glanders,kdafgv10
jbuyers1y,jbuyers1y@msu.edu,Jerrold,Buyers,vbjhjc97
kphippard1z,kphippard1z@spotify.com,Kalinda,Phippard,etzgzx14
lbassick20,lbassick20@histats.com,Ludwig,Bassick,bzzypd63
dkillwick21,dkillwick21@weebly.com,Deina,Killwick,ccdpvb02
atingle22,atingle22@g.co,Alicia,Tingle,aaauqj10
egemson23,egemson23@ft.com,Emanuele,Gemson,ykwhtb31
mmatiasek24,mmatiasek24@samsung.com,Melinde,Matiasek,mvjxni58
bgerok25,bgerok25@tripadvisor.com,Boniface,Gerok,ykvlmj55
bkellaway26,bkellaway26@shareasale.com,Biddy,Kellaway,grgtce27
hcuberley27,hcuberley27@topsy.com,Hector,Cuberley,tfwgsh00
wscramage28,wscramage28@blogger.com,Wylma,Scramage,rkrxkr50
kscase29,kscase29@mac.com,Kizzie,Scase,sftnsa43
jstraughan2a,jstraughan2a@fastcompany.com,Jasen,Straughan,lcdnso11
gferreli2b,gferreli2b@instagram.com,Guinna,Ferreli,hpkago81
fmacguffie2c,fmacguffie2c@apache.org,Forster,MacGuffie,mplbnp31
acutsforth2d,acutsforth2d@state.tx.us,Alfonse,Cutsforth,vyuizm82
rwolfendell2e,rwolfendell2e@furl.net,Rodge,Wolfendell,dsucxi32
jaloshkin2f,jaloshkin2f@spotify.com,Jonis,Aloshkin,teaysi29
ggooble2g,ggooble2g@skyrock.com,Geoff,Gooble,mngtbt20
irosengart2h,irosengart2h@rakuten.co.jp,Ignacio,Rosengart,gzuliq61
mmustoe2i,mmustoe2i@blogtalkradio.com,Murdoch,Mustoe,vprjrl06
bubsdell2j,bubsdell2j@theglobeandmail.com,Brigitte,Ubsdell,mzfukw36
rbiggen2k,rbiggen2k@rediff.com,Rey,Biggen,onahnj08
remeney2l,remeney2l@vk.com,Robinette,Emeney,uqjdjq38
ccoulthard2m,ccoulthard2m@clickbank.net,Chrisse,Coulthard,rtjhkx03
mbaythrop2n,mbaythrop2n@sciencedaily.com,Maisie,Baythrop,ibxaxp48
cfirminger2o,cfirminger2o@bing.com,Carter,Firminger,azixbr35
pyardley2p,pyardley2p@google.com.au,Phaidra,Yardley,ykruas74
mdacke2q,mdacke2q@xinhuanet.com,Matthiew,Dacke,fkybbv91
jbente2r,jbente2r@fotki.com,Jilli,Bente,qgcscz32
mbillingsly2s,mbillingsly2s@adobe.com,Monroe,Billingsly,ixqjay66
bgudeman2t,bgudeman2t@deliciousdays.com,Basile,Gudeman,lgjxhn30
gping2u,gping2u@tiny.cc,Guillema,Ping,qvuhxo32
fsussans2v,fsussans2v@ucsd.edu,Findley,Sussans,bmpvcw26
fterbruggen2w,fterbruggen2w@seesaa.net,Ferdy,Terbruggen,laexeg10
cgiacomini2x,cgiacomini2x@xinhuanet.com,Cairistiona,Giacomini,vicbof04
tattow2y,tattow2y@icq.com,Tonnie,Attow,xphjil86
hhaylett2z,hhaylett2z@hao123.com,Hastings,Haylett,fklhrz65
lgricewood30,lgricewood30@photobucket.com,Lancelot,Gricewood,ozmfbk88
glanphier31,glanphier31@sakura.ne.jp,Gerhardt,Lanphier,cldpnf74
eprestige32,eprestige32@cnbc.com,Earvin,Prestige,xzhutb98
eocullinane33,eocullinane33@ucoz.com,Elyssa,O'Cullinane,epjzhl76
ejewiss34,ejewiss34@jimdo.com,Elmore,Jewiss,juijlr14
amccurtin35,amccurtin35@about.me,Angelle,McCurtin,oczowv54
lalderwick36,lalderwick36@time.com,Lexie,Alderwick,ckugnj86
msergent37,msergent37@eventbrite.com,Mavra,Sergent,axropf34
fclemenceau38,fclemenceau38@wix.com,Farrand,Clemenceau,hwgbaf07
lburges39,lburges39@weibo.com,Lynsey,Burges,rfdjih37
tbardell3a,tbardell3a@blogger.com,Tiebout,Bardell,xzrhxh65
kleipoldt3b,kleipoldt3b@yale.edu,Kayley,Leipoldt,ydzlxm72
sslaney3c,sslaney3c@reference.com,Scarlett,Slaney,gbjapd00
gerlam3d,gerlam3d@umich.edu,Gaye,Erlam,hmtwdz29
feuplate3e,feuplate3e@nih.gov,Filberte,Euplate,bazhsb35
apughe3f,apughe3f@blogtalkradio.com,Aubrie,Pughe,uuvemc92
hpeter3g,hpeter3g@imgur.com,Hanny,Peter,swjeln21
ccoll3h,ccoll3h@hp.com,Cecily,Coll,bcvnpf98
rsherme3i,rsherme3i@shareasale.com,Regine,Sherme,epfiii53
kvanstone3j,kvanstone3j@elpais.com,Kalil,Vanstone,nhrkxk83
ipolo3k,ipolo3k@google.co.jp,Ivar,Polo,sshvos04
smays3l,smays3l@sciencedirect.com,Sarajane,Mays,tmnngu45
bmoline3m,bmoline3m@slashdot.org,Bat,Moline,httvhi68
abush3n,abush3n@addtoany.com,Atalanta,Bush,mkkklf14
rgiovanetti3o,rgiovanetti3o@irs.gov,Ronny,Giovanetti,wnswaw22
rronchi3p,rronchi3p@google.com.hk,Rosina,Ronchi,kzxzpn07
ylightollers3q,ylightollers3q@time.com,Yank,Lightollers,olaqud53
jloan3r,jloan3r@godaddy.com,Jennee,Loan,nnschd25
sdarlasson3s,sdarlasson3s@fc2.com,Sena,Darlasson,ynzdvd63
vsaffe3t,vsaffe3t@nih.gov,Vinni,Saffe,adwsbl51
wkleint3u,wkleint3u@gov.uk,Wynn,Kleint,hzexec35
kcoggins3v,kcoggins3v@comcast.net,Kaine,Coggins,vumdui28
vgratrix3w,vgratrix3w@nih.gov,Vale,Gratrix,sgnreg08
bdolle3x,bdolle3x@github.com,Barby,Dolle,yblmnz95
tbinning3y,tbinning3y@washingtonpost.com,Tallie,Binning,zffdiq46
aseiler3z,aseiler3z@jalbum.net,Adah,Seiler,oatmtg23
dmeeus40,dmeeus40@businessinsider.com,Doreen,Meeus,qvraoo99
eilbert41,eilbert41@scientificamerican.com,Emelia,Ilbert,nvseyw74
mmcleoid42,mmcleoid42@wp.com,Margeaux,McLeoid,gsukff50
cschrir43,cschrir43@sphinn.com,Cirillo,Schrir,nfitds35
senevoldsen44,senevoldsen44@intel.com,Skelly,Enevoldsen,iniayv08
mstandfield45,mstandfield45@google.com.au,Myer,Standfield,ewbqzr15
cabbiss46,cabbiss46@youtu.be,Cherlyn,Abbiss,uasalx33
cdelete47,cdelete47@mlb.com,Chery,Delete,pamplb01
akintzel48,akintzel48@nymag.com,Angelo,Kintzel,gyoqyh17
avarvara49,avarvara49@berkeley.edu,Alexina,Varvara,eywtug64
ecash4a,ecash4a@skype.com,Estrellita,Cash,hinkna95
kquarlis4b,kquarlis4b@tinypic.com,Krista,Quarlis,exqvcn37
npassmore4c,npassmore4c@4shared.com,Nadia,Passmore,kqkkrh20
vdashkov4d,vdashkov4d@unesco.org,Vivia,Dashkov,nmpwju12
rmcnair4e,rmcnair4e@discuz.net,Raff,McNair,bxwnhz89
dsedgeworth4f,dsedgeworth4f@hao123.com,Derrik,Sedgeworth,nmjsxd76
lwartnaby4g,lwartnaby4g@illinois.edu,Lilyan,Wartnaby,lendqf41
deam4h,deam4h@usa.gov,Del,Eam,mungif24
rellar4i,rellar4i@ted.com,Rollins,Ellar,jktsao20
cramsbottom4j,cramsbottom4j@ft.com,Clyve,Ramsbottom,klyezu38
lmabbutt4k,lmabbutt4k@yellowpages.com,Letisha,Mabbutt,vkzzwx92
edearle4l,edearle4l@seesaa.net,Ed,Dearle,suinvi16
bofinan4m,bofinan4m@huffingtonpost.com,Bird,O'Finan,ufrngc29
starbert4n,starbert4n@uol.com.br,Swen,Tarbert,csnxsx94
dpexton4o,dpexton4o@furl.net,Deny,Pexton,scolcq43
wspeddin4p,wspeddin4p@youtu.be,Wallace,Speddin,wnpdij76
shastelow4q,shastelow4q@theatlantic.com,Saul,Hastelow,puezpz68
cdevote4r,cdevote4r@imgur.com,Cybill,Devote,zxqfjd82
cpurseglove4s,cpurseglove4s@bigcartel.com,Charla,Purseglove,wpdnva31
hborley4t,hborley4t@comsenz.com,Herculie,Borley,ddewgm30
nbucknill4u,nbucknill4u@imdb.com,Nola,Bucknill,kxnayx33
dogley4v,dogley4v@europa.eu,Dallis,Ogley,hljyww56
krounsefull4w,krounsefull4w@imdb.com,Korie,Rounsefull,zcnwbo42
cpeasby4x,cpeasby4x@cmu.edu,Constantine,Peasby,rbyvrp51
nbartosch4y,nbartosch4y@vkontakte.ru,Nananne,Bartosch,rpxfhw50
jrunacres4z,jrunacres4z@histats.com,Jo ann,Runacres,ctclfj25
avidloc50,avidloc50@yahoo.com,Arin,Vidloc,nrjwun35
lbeckett51,lbeckett51@google.com.au,Laure,Beckett,ctilca81
jgethings52,jgethings52@cornell.edu,Joela,Gethings,fnrmcx49
cwoollaston53,cwoollaston53@vinaora.com,Chadd,Woollaston,ekbtoc33
ppinchbeck54,ppinchbeck54@cdbaby.com,Prescott,Pinchbeck,vobuwv46
mrutherforth55,mrutherforth55@google.com.hk,Marylou,Rutherforth,lzfpvi18
fmcsherry56,fmcsherry56@umich.edu,Fanya,McSherry,acjaaq11
cwillmett57,cwillmett57@storify.com,Cahra,Willmett,zpauzp13
jsketh58,jsketh58@google.co.uk,Jaime,Sketh,kodmlc67
lbaumford59,lbaumford59@netscape.com,Lutero,Baumford,rzycla53
pfetters5a,pfetters5a@washington.edu,Pebrook,Fetters,dmwlws55
hallport5b,hallport5b@bing.com,Heath,Allport,blkgsz16
lmulliss5c,lmulliss5c@theguardian.com,Lynnell,Mulliss,hbsgfu14
vdanilovich5d,vdanilovich5d@skype.com,Verene,Danilovich,veqtyw36
tcayton5e,tcayton5e@kickstarter.com,Thain,Cayton,ziymst17
bparradye5f,bparradye5f@lulu.com,Bridie,Parradye,puhnii13
agrimes5g,agrimes5g@narod.ru,Amargo,Grimes,lrytoi76
cnanni5h,cnanni5h@bbc.co.uk,Clementine,Nanni,sqwtrn43
nflindall5i,nflindall5i@liveinternet.ru,Nathanial,Flindall,evfbeb91
lspreadbury5j,lspreadbury5j@toplist.cz,Loleta,Spreadbury,mquskd99
fmetham5k,fmetham5k@rambler.ru,Frankie,Metham,msccsc26
bboyse5l,bboyse5l@google.com,Biron,Boyse,ajqama15
ogrzeszczyk5m,ogrzeszczyk5m@nymag.com,Otis,Grzeszczyk,zipxlp43
nkopfer5n,nkopfer5n@zdnet.com,Nikkie,Kopfer,wvjqsn55
amangeney5o,amangeney5o@disqus.com,Auria,Mangeney,xmvcjz11
gpennings5p,gpennings5p@goo.ne.jp,Gunter,Pennings,qlhbqn04
krosellini5q,krosellini5q@so-net.ne.jp,Karly,Rosellini,laxlwy52
prodrig5r,prodrig5r@examiner.com,Pierre,Rodrig,ksqkcw48
rhasney5s,rhasney5s@globo.com,Roselia,Hasney,vhuktb83
pdressel5t,pdressel5t@vistaprint.com,Pauly,Dressel,toffen43
dmapother5u,dmapother5u@discovery.com,Dael,Mapother,fkodxg84
agatecliff5v,agatecliff5v@bizjournals.com,Ashlie,Gatecliff,wxihhd61
ttheodoris5w,ttheodoris5w@vistaprint.com,Tobie,Theodoris,gbrqml69
blum5x,blum5x@rambler.ru,Baily,Lum,rtlhss93
dlaunder5y,dlaunder5y@kickstarter.com,Dudley,Launder,paygge65
ctiddeman5z,ctiddeman5z@mysql.com,Cyrus,Tiddeman,sxygpq12
cbisgrove60,cbisgrove60@hud.gov,Cissy,Bisgrove,iokbmt97
jhansed61,jhansed61@smugmug.com,Johnathon,Hansed,gefcze54
hlongridge62,hlongridge62@arizona.edu,Herb,Longridge,xiqulk59
triddock63,triddock63@si.edu,Thedrick,Riddock,epuusq82
dbudgett64,dbudgett64@cyberchimps.com,Dorian,Budgett,oogezt95
afausset65,afausset65@list-manage.com,Alejoa,Fausset,hoiaob12
kpyecroft66,kpyecroft66@omniture.com,Kinna,Pyecroft,xsewpn20
wgauchier67,wgauchier67@sourceforge.net,Walden,Gauchier,vcdnwt70
abiskupek68,abiskupek68@homestead.com,Ammamaria,Biskupek,towtvk21
hwinslow69,hwinslow69@deliciousdays.com,Halimeda,Winslow,izdkqz11
oeickhoff6a,oeickhoff6a@adobe.com,Osgood,Eickhoff,judscm80
pmunday6b,pmunday6b@buzzfeed.com,Patrice,Munday,rqkjmb29
gwindows6c,gwindows6c@over-blog.com,Greggory,Windows,qgogzn14
mtiebe6d,mtiebe6d@nyu.edu,Mandie,Tiebe,vcvsmi03
itamblingson6e,itamblingson6e@google.de,Isaiah,Tamblingson,yhdhhj45
rcorr6f,rcorr6f@msu.edu,Remus,Corr,fasoec75
gtenniswood6g,gtenniswood6g@amazon.co.jp,Gunner,Tenniswood,offxue43
jhammond6h,jhammond6h@google.ca,Josefina,Hammond,vdknpx74
bomeara6i,bomeara6i@biblegateway.com,Brocky,O' Meara,wtjzus79
ngolda6j,ngolda6j@virginia.edu,Nanny,Golda,hrmbep83
jnovacek6k,jnovacek6k@dailymail.co.uk,Jules,Novacek,ziendz36
awoolhouse6l,awoolhouse6l@jugem.jp,Agosto,Woolhouse,nqenoc58
fducastel6m,fducastel6m@github.com,Fred,Ducastel,odahwg86
dpedrielli6n,dpedrielli6n@cbslocal.com,Dana,Pedrielli,sbogaw03
dpratty6o,dpratty6o@mac.com,Davin,Pratty,zmnyme23
dbande6p,dbande6p@wix.com,Desmond,Bande,auzzpf17
amcgeever6q,amcgeever6q@google.com.hk,Agatha,McGeever,prtjos82
ttrangmar6r,ttrangmar6r@51.la,Timmi,Trangmar,akulff85
ewhife6s,ewhife6s@friendfeed.com,Elinor,Whife,cczuaa86
lpawley6t,lpawley6t@goo.gl,Lauretta,Pawley,tkhgqq41
scecere6u,scecere6u@virginia.edu,Stanly,Cecere,niwwyh66
jtattershall6v,jtattershall6v@theatlantic.com,Jermain,Tattershall,brarok15
dcrosham6w,dcrosham6w@hc360.com,Derrick,Crosham,nuaqss37
lchillingworth6x,lchillingworth6x@cocolog-nifty.com,Lyndell,Chillingworth,cjffqk78
bspicer6y,bspicer6y@virginia.edu,Berkley,Spicer,lmrvup87
tgrigor6z,tgrigor6z@feedburner.com,Thaddeus,Grigor,xfyhst72
mquarrington70,mquarrington70@jiathis.com,Maynord,Quarrington,oblaew35
aschiesterl71,aschiesterl71@hatena.ne.jp,Abbott,Schiesterl,qysbat98
amusker72,amusker72@kickstarter.com,Amil,Musker,nugfyq21
rcausey73,rcausey73@engadget.com,Ramon,Causey,mjopuo88
mclipson74,mclipson74@bandcamp.com,Massimiliano,Clipson,vceltj32
novize75,novize75@histats.com,Natividad,Ovize,vywslw33
mmarquess76,mmarquess76@disqus.com,Merl,Marquess,xtywqz71
vlandsbury77,vlandsbury77@samsung.com,Viv,Landsbury,hhwapl39
bcanacott78,bcanacott78@diigo.com,Brett,Canacott,bwgxsm93
vsymcoxe79,vsymcoxe79@i2i.jp,Valera,Symcoxe,sgvuzc52
kjiracek7a,kjiracek7a@alibaba.com,Kendall,Jiracek,xiuywr62
bvasse7b,bvasse7b@instagram.com,Baxter,Vasse,jhqend26
rtough7c,rtough7c@amazon.de,Reinaldos,Tough,wbodhf56
lhare7d,lhare7d@walmart.com,Leeland,Hare,fgzecf15
lkindley7e,lkindley7e@foxnews.com,Lanna,Kindley,qjyorf46
alongbone7f,alongbone7f@mail.ru,Ameline,Longbone,atrsov52
jwarsap7g,jwarsap7g@smh.com.au,Jarvis,Warsap,stgzbs77
pstrang7h,pstrang7h@google.de,Penn,Strang,ecjbdh09
dsherland7i,dsherland7i@issuu.com,David,Sherland,srznhk08
cwoodwing7j,cwoodwing7j@miibeian.gov.cn,Christye,Woodwing,joyuqv74
wrattrie7k,wrattrie7k@columbia.edu,Wilmer,Rattrie,fpqsgn04
eskilbeck7l,eskilbeck7l@ibm.com,Eddie,Skilbeck,wcedhe32
gargyle7m,gargyle7m@yandex.ru,Gaby,Argyle,mrixgl75
lovitz7n,lovitz7n@miitbeian.gov.cn,Lorilee,Ovitz,xjrwdf05
ctipling7o,ctipling7o@newsvine.com,Cinnamon,Tipling,oghefj78
ncrum7p,ncrum7p@statcounter.com,Nanci,Crum,otoxwb53
nbeals7q,nbeals7q@rediff.com,Nonnah,Beals,fudojt18
mstallibrass7r,mstallibrass7r@vk.com,Moina,Stallibrass,dcahld02
mhouseman7s,mhouseman7s@cisco.com,Mellicent,Houseman,svkdsz83
lsotheby7t,lsotheby7t@ft.com,Leontine,Sotheby,mhexen72
gkinforth7u,gkinforth7u@themeforest.net,Gilbert,Kinforth,btokes47
sbartosek7v,sbartosek7v@mac.com,Stillmann,Bartosek,fqrhci94
jtezure7w,jtezure7w@freewebs.com,Jannel,Tezure,mtlpfw55
qwadsworth7x,qwadsworth7x@prlog.org,Quintana,Wadsworth,tffkan94
vwetton7y,vwetton7y@ted.com,Valerie,Wetton,lnullw47
narchibold7z,narchibold7z@imageshack.us,Nicol,Archibold,ftfjzv70
ecosley80,ecosley80@buzzfeed.com,Edgardo,Cosley,seriew40
amcgooch81,amcgooch81@google.fr,Artemas,McGooch,itzhrd02
pgwillyam82,pgwillyam82@163.com,Penn,Gwillyam,qiopyx48
kdemetz83,kdemetz83@yelp.com,Keriann,De Metz,sxixnn64
eeland84,eeland84@auda.org.au,Evyn,Eland,pzrjvy13
jgiacoppo85,jgiacoppo85@sohu.com,Jess,Giacoppo,vhqdve72
rduigenan86,rduigenan86@plala.or.jp,Raychel,Duigenan,lbuxzo60
ccorbert87,ccorbert87@about.com,Colene,Corbert,dlbokl09
zobrollachain88,zobrollachain88@skyrock.com,Zachery,O'Brollachain,yplnzm95
rtipper89,rtipper89@economist.com,Raimund,Tipper,hlmqed54
ksends8a,ksends8a@tinyurl.com,Kirsteni,Sends,eboygy58
pleonarde8b,pleonarde8b@mtv.com,Pippa,Leonarde,ckljxj50
eruberti8c,eruberti8c@goodreads.com,Edvard,Ruberti,xfcfeb84
dcrang8d,dcrang8d@comsenz.com,Dukey,Crang,shsnjq06
khuzzey8e,khuzzey8e@ebay.com,Kit,Huzzey,hayftz68
fgleave8f,fgleave8f@bigcartel.com,Filmore,Gleave,qqtgxj26
afrigot8g,afrigot8g@tumblr.com,Austina,Frigot,tqcsps85
agoad8h,agoad8h@boston.com,Alejandrina,Goad,uyybtl23
rmatveichev8i,rmatveichev8i@spotify.com,Raine,Matveichev,uxgpfo00
ghumbles8j,ghumbles8j@foxnews.com,Giacomo,Humbles,uskxtw75
kgullen8k,kgullen8k@google.it,Kendre,Gullen,xbttwu32
blangeley8l,blangeley8l@oakley.com,Baillie,Langeley,hpayop96
amusker8m,amusker8m@issuu.com,Antoni,Musker,bpnrsi52
tscothorn8n,tscothorn8n@weebly.com,Tasia,Scothorn,sfpjjb98
afaltin8o,afaltin8o@patch.com,Axel,Faltin,ocrdnt25
khartford8p,khartford8p@ask.com,Kristine,Hartford,zzqhrx20
dbrownlow8q,dbrownlow8q@abc.net.au,Danila,Brownlow,bwpivf88
istephens8r,istephens8r@yellowbook.com,Inger,Stephens,xmkgvz15
hbonhill8s,hbonhill8s@ihg.com,Helenka,Bonhill,neeuce21
cdaen8t,cdaen8t@prlog.org,Charlotta,Daen,uvekem58
lwillcott8u,lwillcott8u@slate.com,Layne,Willcott,oijhoj65
ccabrales8v,ccabrales8v@mac.com,Carolynn,Cabrales,namyaq77
mhobell8w,mhobell8w@cafepress.com,Martie,Hobell,tiyghk75
clightning8x,clightning8x@livejournal.com,Clem,Lightning,jbndwx59
kstuchbery8y,kstuchbery8y@engadget.com,Kaylee,Stuchbery,kukurd77
blicciardello8z,blicciardello8z@cloudflare.com,Beltran,Licciardello,etrwpz58
rbeecheno90,rbeecheno90@123-reg.co.uk,Reid,Beecheno,yylvyu40
khullin91,khullin91@spiegel.de,Kay,Hullin,nfxrsp43
mabbott92,mabbott92@guardian.co.uk,Matias,Abbott,csqdzo36
rdownton93,rdownton93@360.cn,Rayshell,Downton,cwptcq93
dlambrook94,dlambrook94@oakley.com,Datha,Lambrook,ymeqck03
mcruden95,mcruden95@abc.net.au,Maurizia,Cruden,ojqdaw34
vkelsey96,vkelsey96@hubpages.com,Vin,Kelsey,iljrgk66
jlaherty97,jlaherty97@indiegogo.com,Jacklin,Laherty,thwepl53
mmcowan98,mmcowan98@europa.eu,Marijo,McOwan,oythlb24
raddenbrooke99,raddenbrooke99@wiley.com,Raquela,Addenbrooke,eosxjh87
jpiscopiello9a,jpiscopiello9a@cmu.edu,Joseph,Piscopiello,ywngoy47
jmenaul9b,jmenaul9b@themeforest.net,Jinny,Menaul,lytrmc38
cjanczyk9c,cjanczyk9c@ox.ac.uk,Cyrus,Janczyk,wnbxew36
lcuseck9d,lcuseck9d@shareasale.com,Larisa,Cuseck,yixpwp87
aeaglesham9e,aeaglesham9e@weebly.com,Arlana,Eaglesham,gwmqyi21
lemanuel9f,lemanuel9f@netscape.com,Laura,Emanuel,yjmlhd27
spickersail9g,spickersail9g@nature.com,Sisely,Pickersail,diuzrs21
pfrisby9h,pfrisby9h@google.co.jp,Paulie,Frisby,efdaez49
okneal9i,okneal9i@icio.us,Otho,Kneal,ttocji01
mtorald9j,mtorald9j@vinaora.com,Marthena,Torald,yijjrg97
ngouda9k,ngouda9k@washington.edu,Neddy,Gouda,bdaoiq92
dramet9l,dramet9l@bbc.co.uk,Donni,Ramet,ukvwxw54
amelross9m,amelross9m@sakura.ne.jp,Ax,Melross,myaxkl16
cfurzer9n,cfurzer9n@cnbc.com,Clarette,Furzer,cldztg01
kduffree9o,kduffree9o@ucoz.ru,Karissa,Duffree,ycbpoe81
ttamplin9p,ttamplin9p@redcross.org,Tedie,Tamplin,kamjfx99
pfetherston9q,pfetherston9q@sfgate.com,Petey,Fetherston,fvenws56
dwaycot9r,dwaycot9r@wordpress.com,Deirdre,Waycot,wxxcwj50
pfladgate9s,pfladgate9s@tiny.cc,Pearla,Fladgate,qswrss64
jharverson9t,jharverson9t@hibu.com,Jaclyn,Harverson,ydsxws37
ospeares9u,ospeares9u@blogtalkradio.com,Olive,Speares,lfxpif10
pwycherley9v,pwycherley9v@qq.com,Palm,Wycherley,usxhxw06
mhumby9w,mhumby9w@icio.us,Minny,Humby,aguhkq76
ltilt9x,ltilt9x@tinypic.com,Lina,Tilt,wymndo68
jsilby9y,jsilby9y@nyu.edu,Juliana,Silby,xnsmhj99
mdowning9z,mdowning9z@behance.net,Merna,Downing,lqfnqd33
ofortyea0,ofortyea0@xing.com,Obidiah,Fortye,xeojzi29
fmaccolla1,fmaccolla1@phpbb.com,Frayda,MacColl,rnpfbf49
dmcglynna2,dmcglynna2@simplemachines.org,Dunn,McGlynn,wjqkdk87
slayburna3,slayburna3@businessweek.com,Sebastien,Layburn,smcris29
dgreaterexa4,dgreaterexa4@barnesandnoble.com,Derron,Greaterex,xvwiij52
kambroisina5,kambroisina5@angelfire.com,Kalila,Ambroisin,inkbpr17
tlouedeya6,tlouedeya6@mayoclinic.com,Tabbitha,Louedey,ltjtgl17
jlefeavera7,jlefeavera7@google.com.br,Jayme,Lefeaver,uzchhd40
tcalkina8,tcalkina8@utexas.edu,Tonya,Calkin,ldixyz95
jaleswella9,jaleswella9@bandcamp.com,Janna,Aleswell,gnxide97
dkeyselaa,dkeyselaa@nba.com,Delmar,Keysel,vvvdmt65
ndoleyab,ndoleyab@google.it,Natassia,Doley,frvpia28
fbezemerac,fbezemerac@pbs.org,Feodora,Bezemer,bzavty29
lvincead,lvincead@networksolutions.com,Lalo,Vince,anyklu39
ceratae,ceratae@de.vu,Carolan,Erat,ykvtgz98
kcopinsaf,kcopinsaf@lycos.com,Kris,Copins,fbbbew57
mmckeggieag,mmckeggieag@go.com,Maurise,McKeggie,skigot53
rhallwoodah,rhallwoodah@pbs.org,Ryon,Hallwood,ydlgxz24
jcrushamai,jcrushamai@yahoo.com,Jacinda,Crusham,ovckaq03
ecantrillaj,ecantrillaj@arizona.edu,Elizabet,Cantrill,qrirja02
rvideneevak,rvideneevak@theglobeandmail.com,Robers,Videneev,gkdhnj56
ajoelal,ajoelal@independent.co.uk,Agustin,Joel,vafhlf00
cclintonam,cclintonam@yellowpages.com,Christan,Clinton,jsitld83
ccrocettian,ccrocettian@nasa.gov,Charyl,Crocetti,kcimim77
ctarbettao,ctarbettao@bloglovin.com,Chandler,Tarbett,idbfsx47
jhaglintonap,jhaglintonap@nationalgeographic.com,Jean,Haglinton,qpjrst05
sbarraraq,sbarraraq@behance.net,Sasha,Barrar,cbguqk12
cworldar,cworldar@mac.com,Cary,World,xxsmst22
kbalcersas,kbalcersas@ask.com,Kalila,Balcers,gfuxgj20
ncleveat,ncleveat@is.gd,Norby,Cleve,dwqivb08
sstarkingau,sstarkingau@usnews.com,Stu,Starking,wastvi15
etackerav,etackerav@disqus.com,Evelyn,Tacker,fltmda76
gmattekaw,gmattekaw@pen.io,Gilligan,Mattek,pwvitz26
ctuohyax,ctuohyax@dot.gov,Carmine,Tuohy,urkpxq31
ojakabay,ojakabay@theguardian.com,Ody,Jakab,rofyih79
tdyaz,tdyaz@sina.com.cn,Tanitansy,Dy,rvdvqp38
jgoodayleb0,jgoodayleb0@usgs.gov,Judd,Goodayle,ggaxhd91
mmenegob1,mmenegob1@wikispaces.com,Madge,Menego,kjpmpw49
tmcgeaneyb2,tmcgeaneyb2@e-recht24.de,Toddie,McGeaney,pkubyv15
scornickb3,scornickb3@over-blog.com,Sibley,Cornick,xitlax65
jcrosseb4,jcrosseb4@virginia.edu,Janenna,Crosse,aquqif83
smalatalantb5,smalatalantb5@princeton.edu,Sander,Malatalant,okbhwx61
eavrahamofb6,eavrahamofb6@opera.com,Emlyn,Avrahamof,fjslih83
nvannuccib7,nvannuccib7@parallels.com,Niki,Vannucci,bhlwhe33
mdarragonb8,mdarragonb8@themeforest.net,Marius,Darragon,fflrvh39
gmacanultyb9,gmacanultyb9@sphinn.com,Gaven,MacAnulty,xbvlte89
cboughtwoodba,cboughtwoodba@blogger.com,Caro,Boughtwood,daydvi10
cvreedebb,cvreedebb@feedburner.com,Conchita,Vreede,fmptyk60
plystebc,plystebc@msu.edu,Prisca,Lyste,qwkzaj72
rdarlestonbd,rdarlestonbd@unesco.org,Roby,Darleston,tuzxfu01
bmanhoodbe,bmanhoodbe@joomla.org,Byrle,Manhood,wqgprt57
pbaswallbf,pbaswallbf@huffingtonpost.com,Padgett,Baswall,rfigto03
cmiddlebg,cmiddlebg@godaddy.com,Catherin,Middle,zvjswg68
wwiddupbh,wwiddupbh@theglobeandmail.com,Waneta,Widdup,fsrkog80
smerkelbi,smerkelbi@tumblr.com,Sonya,Merkel,wlqtss68
sbraceybj,sbraceybj@reverbnation.com,Steward,Bracey,qxkjrj26
acorwoodbk,acorwoodbk@blinklist.com,Adelheid,Corwood,kcljno39
jgazeybl,jgazeybl@domainmarket.com,Juliet,Gazey,reywrc09
avilabm,avilabm@ezinearticles.com,Adore,Vila,upxrbn87
xcarnoghanbn,xcarnoghanbn@google.de,Xylia,Carnoghan,bcttou65
rhaycoxbo,rhaycoxbo@goo.ne.jp,Ruthy,Haycox,zokphc00
dmactimpanybp,dmactimpanybp@indiegogo.com,Drusie,MacTimpany,qdleci59
ptraslerbq,ptraslerbq@tmall.com,Phaidra,Trasler,fkhdvh11
dgriffittsbr,dgriffittsbr@symantec.com,Dacie,Griffitts,bwjnvf49
osambedgebs,osambedgebs@taobao.com,Odelle,Sambedge,nvoliv08
tmerrigansbt,tmerrigansbt@nbcnews.com,Tamarah,Merrigans,qmysnl25
agrinsdalebu,agrinsdalebu@nyu.edu,Aloin,Grinsdale,hmokyl22
climprechtbv,climprechtbv@nationalgeographic.com,Chico,Limprecht,jqlufd16
gfranciolibw,gfranciolibw@example.com,Ginelle,Francioli,lysemx41
clauderdalebx,clauderdalebx@nytimes.com,Coreen,Lauderdale,wbhywo99
apowersby,apowersby@cnn.com,Aleece,Powers,wxvadi89
edelionbz,edelionbz@reuters.com,Elora,Delion,xdfblk09
astonnerc0,astonnerc0@comsenz.com,Andrus,Stonner,fywhhb27
nabramovitchc1,nabramovitchc1@berkeley.edu,Neila,Abramovitch,xuplyv29
eburnetc2,eburnetc2@networksolutions.com,Ebonee,Burnet,osniut31
bpalac3,bpalac3@goo.gl,Blanche,Pala,fnjbuu44
ccooksleyc4,ccooksleyc4@ocn.ne.jp,Charmion,Cooksley,jknjfx75
krhoddiec5,krhoddiec5@bloglines.com,Kermy,Rhoddie,balbro65
dbindinc6,dbindinc6@joomla.org,Dix,Bindin,evpysr21
dquinionc7,dquinionc7@eventbrite.com,Daron,Quinion,kehkwk26
sbugbeec8,sbugbeec8@gizmodo.com,Saw,Bugbee,ndycot56
jcodemanc9,jcodemanc9@cnbc.com,Jessie,Codeman,grnxai56
rstovesca,rstovesca@mozilla.com,Ranique,Stoves,bjehdi84
rplankcb,rplankcb@tiny.cc,Russell,Plank,cqvnwd67
mdenyakincc,mdenyakincc@loc.gov,Morey,Denyakin,yelyny45
gdennisscd,gdennisscd@slashdot.org,Georgine,Denniss,zfdnki79
pventhamce,pventhamce@adobe.com,Pernell,Ventham,zwuvjq33
gcraigmilecf,gcraigmilecf@devhub.com,Gerhardt,Craigmile,haluwb67
bshoesmithcg,bshoesmithcg@mit.edu,Barbey,Shoesmith,izttrs88
amcaulaych,amcaulaych@cdbaby.com,Adelheid,McAulay,bcojce84
bklinkci,bklinkci@deliciousdays.com,Beth,Klink,kkhpml35
mpinchbeckcj,mpinchbeckcj@illinois.edu,Matthaeus,Pinchbeck,tiiwte78
epetrushkevichck,epetrushkevichck@telegraph.co.uk,Engelbert,Petrushkevich,rzyvgo32
sdelicatecl,sdelicatecl@pinterest.com,Sascha,Delicate,czyqah28
dpinockcm,dpinockcm@github.io,Dewey,Pinock,jwpxju14
jgarvincn,jgarvincn@nhs.uk,Jobye,Garvin,znbgvk83
mstumpco,mstumpco@google.nl,Margalit,Stump,bzplcm25
arockcliffecp,arockcliffecp@gmpg.org,Ambrosio,Rockcliffe,fnqobi73
osproulcq,osproulcq@tumblr.com,Olivier,Sproul,ybpshl53
cglavincr,cglavincr@upenn.edu,Cherise,Glavin,vlktmr05
cfedoronkocs,cfedoronkocs@trellian.com,Chere,Fedoronko,iciylk40
fokelleherct,fokelleherct@cocolog-nifty.com,Freida,O' Kelleher,plgtje72
dzecchinellicu,dzecchinellicu@twitter.com,Dede,Zecchinelli,zgxxuv99
ekubatcv,ekubatcv@dagondesign.com,Elysha,Kubat,wdxcth92
ffollincw,ffollincw@hhs.gov,Fidole,Follin,hfefvp86
btraskecx,btraskecx@netlog.com,Bellina,Traske,ncwabb62
syegorovcy,syegorovcy@histats.com,Sam,Yegorov,qnwbge13
jmortencz,jmortencz@virginia.edu,Joellyn,Morten,hxdnza95
ksherrottd0,ksherrottd0@google.it,Kamillah,Sherrott,mwnkpd69
wbared1,wbared1@apple.com,Wheeler,Bare,frzyxm89
lcolthardd2,lcolthardd2@weibo.com,Lelah,Colthard,ldqevw13
cmaniond3,cmaniond3@smugmug.com,Chris,Manion,xtyidf19
jetienned4,jetienned4@furl.net,Jordanna,Etienne,jlbwgc77
kcharlotd5,kcharlotd5@elpais.com,Kory,Charlot,nlbxcx27
ecrowtherd6,ecrowtherd6@eepurl.com,Ezri,Crowther,gqyqqg87
vbruckd7,vbruckd7@t.co,Vernen,Bruck,fulirc66
goverburyd8,goverburyd8@e-recht24.de,Gaile,Overbury,obntlb84
vcerseyd9,vcerseyd9@ucoz.com,Vonnie,Cersey,hfpvhc72
arowlyda,arowlyda@usgs.gov,Adelbert,Rowly,hccxts56
tdragoedb,tdragoedb@flickr.com,Theressa,Dragoe,yijzzd94
ndomercdc,ndomercdc@pen.io,Nettie,Domerc,axsvuh01
swreakesdd,swreakesdd@trellian.com,Sidney,Wreakes,nzkpqf67
ozamudiode,ozamudiode@google.es,Orren,Zamudio,jexeco21
hwestburydf,hwestburydf@wix.com,Horatia,Westbury,uittsp50
chakeydg,chakeydg@miibeian.gov.cn,Charissa,Hakey,ylivwf16
aeltringhamdh,aeltringhamdh@delicious.com,Amber,Eltringham,fkuixm53
tkerswelldi,tkerswelldi@theglobeandmail.com,Tait,Kerswell,pbogvb70
benrightdj,benrightdj@nhs.uk,Belinda,Enright,kotxav56
bdeloozedk,bdeloozedk@jigsy.com,Blondy,Delooze,uvbexh69
jsuttilldl,jsuttilldl@jiathis.com,Jeffry,Suttill,cmkgeb07
wrahlofdm,wrahlofdm@yolasite.com,Wanids,Rahlof,gntitd47
lclemersondn,lclemersondn@sina.com.cn,Lindy,Clemerson,qqufae04
crowswelldo,crowswelldo@tripadvisor.com,Crissy,Rowswell,blibor73
rduffyndp,rduffyndp@ycombinator.com,Rochell,Duffyn,jpktsy48
eantonellidq,eantonellidq@blogs.com,Ephraim,Antonelli,gqefus84
rmalhamdr,rmalhamdr@google.com.hk,Rose,Malham,krjstq00
jblakeneyds,jblakeneyds@istockphoto.com,Jocelyne,Blakeney,ifmkxb80
bbormandt,bbormandt@geocities.com,Briggs,Borman,coyeug69
dblasiakdu,dblasiakdu@blinklist.com,Dall,Blasiak,nwxkfk90
cgatherdv,cgatherdv@nature.com,Cassey,Gather,peqhlj08
adumberrilldw,adumberrilldw@amazon.co.jp,Andrey,Dumberrill,mrptjo27
fbassickdx,fbassickdx@bigcartel.com,Fayth,Bassick,dxocqh14
acuredelldy,acuredelldy@people.com.cn,Adelina,Curedell,mxbagz99
spallaskedz,spallaskedz@exblog.jp,Sammy,Pallaske,kmmgrw91
pstodharte0,pstodharte0@techcrunch.com,Prisca,Stodhart,kxdlpn89
khandasydee1,khandasydee1@liveinternet.ru,Karna,Handasyde,hwtcah84
llangfate2,llangfate2@jigsy.com,Lavena,Langfat,kpdnqg54
ggibbesone3,ggibbesone3@timesonline.co.uk,Gina,Gibbeson,hchhpy51
bheditche4,bheditche4@barnesandnoble.com,Buck,Heditch,camgdt46
mchappelowe5,mchappelowe5@sakura.ne.jp,Marijn,Chappelow,czykkc81
clambrichte6,clambrichte6@opera.com,Carlyn,Lambricht,peegzx05
hhaldenee7,hhaldenee7@theguardian.com,Harley,Haldene,bjuhyy79
bburrette8,bburrette8@cdc.gov,Brigg,Burrett,hbqfqp04
ahawtreye9,ahawtreye9@foxnews.com,Angus,Hawtrey,vkjijv93
dtuttea,dtuttea@sohu.com,Dimitry,Tutt,lxqorg50
briggulsfordeb,briggulsfordeb@edublogs.org,Bordy,Riggulsford,vutwbr80
smaffulliec,smaffulliec@omniture.com,Sile,Maffulli,rlhrfr07
zthomelined,zthomelined@bluehost.com,Zebulen,Thomelin,clpaqs02
bgoodlattee,bgoodlattee@typepad.com,Berty,Goodlatt,nwjpvl40
rsabbanef,rsabbanef@domainmarket.com,Ros,Sabban,vvcsvt37
obarkeseg,obarkeseg@tamu.edu,Ollie,Barkes,vrpijm55
rmcgarveyeh,rmcgarveyeh@mozilla.org,Rakel,McGarvey,omaxrq43
hspaducciei,hspaducciei@patch.com,Honoria,Spaducci,xmiyos56
sbaskwellej,sbaskwellej@about.me,Sissie,Baskwell,ksogve65
tslowlyek,tslowlyek@samsung.com,Theobald,Slowly,syouzj28
msheridanel,msheridanel@whitehouse.gov,Michael,Sheridan,ekqoju54
ccoldicottem,ccoldicottem@ucla.edu,Clementine,Coldicott,mebxee73
owestphalenen,owestphalenen@go.com,Olivie,Westphalen,beenmp27
lloggieeo,lloggieeo@goo.gl,Lyndsey,Loggie,yyerhe65
tgeatorep,tgeatorep@dropbox.com,Theresita,Geator,gyiqhl78
kmcpartlingeq,kmcpartlingeq@wp.com,Karlen,McPartling,reunow69
mcuninghamer,mcuninghamer@simplemachines.org,Michell,Cuningham,ajntce97
jjointes,jjointes@surveymonkey.com,Janina,Joint,vcxaav02
jduckeret,jduckeret@fastcompany.com,Jennica,Ducker,zzqyjr59
csnelgroveeu,csnelgroveeu@hud.gov,Cherice,Snelgrove,bkmdhv11
amonteathev,amonteathev@dot.gov,Austen,Monteath,uggghx82
bshenfishew,bshenfishew@etsy.com,Beale,Shenfish,setjbv57
dcottrellex,dcottrellex@blogs.com,Dell,Cottrell,iyrraf92
imabeeey,imabeeey@hostgator.com,Ivory,Mabee,vbzsti96
teschalotteez,teschalotteez@cargocollective.com,Trev,Eschalotte,qndagk67
tcurtinf0,tcurtinf0@ocn.ne.jp,Tyrone,Curtin,yqsedy20
griggottf1,griggottf1@shutterfly.com,Godfry,Riggott,zxzwlj89
crosenfeltf2,crosenfeltf2@hugedomains.com,Celestyn,Rosenfelt,xencbp90
bwesleyf3,bwesleyf3@issuu.com,Bess,Wesley,hofiim36
etrewhelaf4,etrewhelaf4@nasa.gov,Elva,Trewhela,buodgn32
ndevennief5,ndevennief5@ebay.com,Noelyn,Devennie,pynlhz73
ldmtrovicf6,ldmtrovicf6@yelp.com,Lisle,Dmtrovic,lgkalt09
kcaulierf7,kcaulierf7@quantcast.com,Karlis,Caulier,eoamcu44
pskipperbottomf8,pskipperbottomf8@sogou.com,Purcell,Skipperbottom,wtkojo72
qskelingtonf9,qskelingtonf9@zimbio.com,Quinn,Skelington,qlavot88
rloffelfa,rloffelfa@google.co.uk,Rebe,Loffel,qhvcxs72
garsonfb,garsonfb@mtv.com,Gibby,Arson,rjdrsc45
dguillfordfc,dguillfordfc@clickbank.net,Demetra,Guillford,ymyvhx48
wstumpfd,wstumpfd@freewebs.com,Whittaker,Stump,qpdgxb52
fdampneyfe,fdampneyfe@about.me,Fancy,Dampney,tpwaaq37
wkillwickff,wkillwickff@ezinearticles.com,Whitaker,Killwick,ajhbza42
tbarrusfg,tbarrusfg@elegantthemes.com,Teena,Barrus,hpfwzq37
malanbrookefh,malanbrookefh@issuu.com,Mallory,Alanbrooke,bgzukt46
kcolsonfi,kcolsonfi@walmart.com,Kara-lynn,Colson,zrmsxf31
bfoxcroftfj,bfoxcroftfj@myspace.com,Buffy,Foxcroft,xqpogr14
mcoursorfk,mcoursorfk@bloomberg.com,Mada,Coursor,uurpmd41
sjoblingfl,sjoblingfl@dyndns.org,Shannon,Jobling,jfhqfg91
gstanettfm,gstanettfm@tiny.cc,Gretna,Stanett,ztjcxg33
gmarslandfn,gmarslandfn@cargocollective.com,Gabi,Marsland,tsghez97
tralestonfo,tralestonfo@timesonline.co.uk,Tiffany,Raleston,rtflqu61
aenriettofp,aenriettofp@linkedin.com,Augustin,Enrietto,zeztwo66
pquilliamfq,pquilliamfq@wikia.com,Perla,Quilliam,enptbx93
drackleyfr,drackleyfr@wiley.com,Davis,Rackley,ojwivp21
bmallardfs,bmallardfs@webnode.com,Brok,Mallard,ilyfro28
btunnft,btunnft@sakura.ne.jp,Brynna,Tunn,zjlinq92
jarnsonfu,jarnsonfu@bbb.org,Jimmy,Arnson,uhqima81
ipointfv,ipointfv@newsvine.com,Irene,Point,tqdzwh68
bdumbellowfw,bdumbellowfw@wordpress.com,Bronson,Dumbellow,ikecsc10
mjonkfx,mjonkfx@yellowbook.com,Marianna,Jonk,ktslzx26
dgantfy,dgantfy@ycombinator.com,Dick,Gant,gqwkoa11
fivanchovfz,fivanchovfz@icq.com,Fayette,Ivanchov,lrhzww73
tkornelg0,tkornelg0@live.com,Tommi,Kornel,hasneq29
hyandleg1,hyandleg1@desdev.cn,Huntington,Yandle,buzekj87
avalderg2,avalderg2@europa.eu,Andros,Valder,zftllz99
aneighbourg3,aneighbourg3@wsj.com,Aluino,Neighbour,dhnxho07
gziemsg4,gziemsg4@creativecommons.org,Gustavo,Ziems,aconqf48
snewcomeg5,snewcomeg5@netvibes.com,Stafford,Newcome,yksugz94
molivag6,molivag6@nyu.edu,Malynda,Oliva,gwbytu14
rvasilischevg7,rvasilischevg7@blogger.com,Redd,Vasilischev,rxpeiw41
pcrusg8,pcrusg8@xing.com,Pasquale,Crus,tiavef62
eshipg9,eshipg9@wufoo.com,Edgard,Ship,waepyt47
llethbrigga,llethbrigga@youtu.be,Lydon,Lethbrig,rjsofl29
rsouthongb,rsouthongb@netlog.com,Rodi,Southon,ulrynk62
dschrotergc,dschrotergc@senate.gov,Dulcia,Schroter,vgcjml93
beusticegd,beusticegd@blinklist.com,Babara,Eustice,nbzhzt31
ugamblege,ugamblege@disqus.com,Uta,Gamble,tehflw11
fglasscoogf,fglasscoogf@sfgate.com,Fredra,Glasscoo,hklbua63
obreinleingg,obreinleingg@yelp.com,Ophelia,Breinlein,jxcqfb25
kpadgintongh,kpadgintongh@aboutads.info,Krishnah,Padginton,sivzno99
tfullagargi,tfullagargi@parallels.com,Thayne,Fullagar,eeaggu15
ktrimbeygj,ktrimbeygj@merriam-webster.com,Karee,Trimbey,zhgzer12
cfrippsgk,cfrippsgk@dagondesign.com,Correna,Fripps,qnbwcp55
ntrunchiongl,ntrunchiongl@nifty.com,Nate,Trunchion,ztbwlc05
dfanshawgm,dfanshawgm@google.de,Daloris,Fanshaw,ejqqzt27
koshevlingn,koshevlingn@uiuc.edu,Kaylyn,O'Shevlin,rfprjr18
spowlettgo,spowlettgo@google.de,Sibylle,Powlett,frmrey34
anoadesgp,anoadesgp@springer.com,Alanna,Noades,womrnp20
ggracegq,ggracegq@unc.edu,Gertrud,Grace,ehkesc82
jesmondgr,jesmondgr@google.ru,Jessie,Esmond,qttsdk96
cdesortsgs,cdesortsgs@smh.com.au,Cristy,Desorts,hdvpak65
frosevearegt,frosevearegt@latimes.com,Felita,Roseveare,bybhyh47
rbussellgu,rbussellgu@storify.com,Rozanne,Bussell,wvzwii79
jocoskerrygv,jocoskerrygv@weibo.com,Jeremy,O'Coskerry,gygkfb45
ctimblettgw,ctimblettgw@cnbc.com,Caroljean,Timblett,tmodlk07
ctopazgx,ctopazgx@soup.io,Concordia,Topaz,jpvhmj01
gmeekegy,gmeekegy@myspace.com,Gonzales,Meeke,yoamxy65
cquarringtongz,cquarringtongz@sourceforge.net,Cody,Quarrington,lgymch01
rmutimerh0,rmutimerh0@barnesandnoble.com,Rosanna,Mutimer,qzhbhf66
bbrixeyh1,bbrixeyh1@loc.gov,Bettine,Brixey,dgtcpu49
cashmanh2,cashmanh2@gravatar.com,Chuck,Ashman,mbhbga76
markcollh3,markcollh3@yolasite.com,Marietta,Arkcoll,bzgect76
ngabrielh4,ngabrielh4@cloudflare.com,Nicky,Gabriel,hjroju47
gfolcarellih5,gfolcarellih5@forbes.com,Gwendolin,Folcarelli,szpvma06
choltomh6,choltomh6@dropbox.com,Craggy,Holtom,kcvegh34
noruaneh7,noruaneh7@wufoo.com,Nissy,O'Ruane,mygmip33
tmicoh8,tmicoh8@plala.or.jp,Tanitansy,Mico,mgdifh29
ballardh9,ballardh9@census.gov,Betsy,Allard,uzrmlv26
pcockerellha,pcockerellha@theglobeandmail.com,Paule,Cockerell,vlfgbc97
ohulkhb,ohulkhb@weebly.com,Ola,Hulk,dsrajb48
afloreshc,afloreshc@bravesites.com,Alfi,Flores,ntacxl79
amackrillhd,amackrillhd@omniture.com,Alanah,Mackrill,hoxtcd95
loneilehe,loneilehe@blogspot.com,Leonore,Oneile,ejbxyf83
gsallariehf,gsallariehf@tripod.com,Gonzales,Sallarie,pgwqmk88
cmalamorehg,cmalamorehg@xing.com,Courtney,Malamore,auftpa99
bgardinerhh,bgardinerhh@uol.com.br,Boigie,Gardiner,zspgdf57
wjerkehi,wjerkehi@e-recht24.de,Wayland,Jerke,cckhkq38
emosdellhj,emosdellhj@cam.ac.uk,Elvin,Mosdell,pflmbl99
cdorneyhk,cdorneyhk@bluehost.com,Carey,Dorney,rnuntz30
alugtonhl,alugtonhl@comsenz.com,Ann-marie,Lugton,bjnyta37
ndanskinehm,ndanskinehm@google.nl,Noelyn,Danskine,ooysxg99
bridehalghhn,bridehalghhn@columbia.edu,Bertie,Ridehalgh,kguymn73
gkeeltaghho,gkeeltaghho@icq.com,Genni,Keeltagh,qkyinj06
aathowhp,aathowhp@pinterest.com,Arty,Athow,nvwcbe96
rbelleniehq,rbelleniehq@businessinsider.com,Rory,Bellenie,fyqioj05
bgullandhr,bgullandhr@arizona.edu,Barbi,Gulland,nwxchh99
mlambhs,mlambhs@cargocollective.com,Margery,Lamb,fshojn09
dstratiffht,dstratiffht@indiatimes.com,Dennis,Stratiff,ehurlm50
pellandhu,pellandhu@answers.com,Perle,Elland,rumrjv12
tortegahv,tortegahv@apache.org,Therine,Ortega,jhgvpj18
pmaundhw,pmaundhw@canalblog.com,Phillip,Maund,czndvs94
nthemlhx,nthemlhx@microsoft.com,Norby,Theml,bjlyji15
whakewellhy,whakewellhy@google.it,Wilbert,Hakewell,mgqldq79
mmougenelhz,mmougenelhz@topsy.com,Maryjo,Mougenel,jretbf09
aphilsoni0,aphilsoni0@examiner.com,Arlina,Philson,uibxla28
mmcmeekani1,mmcmeekani1@dmoz.org,Marlane,McMeekan,urpugl43
vdoyleyi2,vdoyleyi2@stumbleupon.com,Vidovic,Doyley,kbynoo71
nsexteni3,nsexteni3@deviantart.com,Nichols,Sexten,uunmkk51
cravenscrafti4,cravenscrafti4@vkontakte.ru,Carmella,Ravenscraft,akqhhe02
dcubbinii5,dcubbinii5@yahoo.com,Dredi,Cubbini,bokvik99
gwinketti6,gwinketti6@shutterfly.com,Ganny,Winkett,naomdm02
jwarderi7,jwarderi7@amazon.co.jp,Jacki,Warder,jcndcb93
smonieri8,smonieri8@naver.com,Salomone,Monier,jmqpac59
bbaccusi9,bbaccusi9@netvibes.com,Barnaby,Baccus,rvirwj04
meyeria,meyeria@nymag.com,Mordy,Eyer,zjeeya09
celiyahuib,celiyahuib@mapy.cz,Colin,Eliyahu,nictsc88
cthirlawayic,cthirlawayic@gizmodo.com,Conrad,Thirlaway,abduct77
kgentschid,kgentschid@printfriendly.com,Kendell,Gentsch,jraavp51
rdeshonie,rdeshonie@cam.ac.uk,Roslyn,Deshon,obfkzn19
gmarkovicif,gmarkovicif@washingtonpost.com,Giselle,Markovic,jolerw61
cbiasioig,cbiasioig@1688.com,Cordie,Biasio,oslppl27
ntellettih,ntellettih@sogou.com,Noellyn,Tellett,gguqak45
hfilipczynskiii,hfilipczynskiii@myspace.com,Hobard,Filipczynski,cmmnel98
kaviesonij,kaviesonij@ameblo.jp,Ker,Avieson,xgzlya22
smoulandik,smoulandik@nifty.com,Shawnee,Mouland,hwqknr04
sgermaineil,sgermaineil@sohu.com,Skipton,Germaine,zujlbk07
sabeauim,sabeauim@purevolume.com,Sharyl,Abeau,yvdjit97
bbleasein,bbleasein@unesco.org,Benedetta,Blease,jkfpfe75
tfrancklynio,tfrancklynio@mashable.com,Thomasa,Francklyn,pmfhuq77
agamilip,agamilip@bloglines.com,Ariadne,Gamil,chsfes03
rlennoniq,rlennoniq@godaddy.com,Rosemaria,Lennon,pluazk52
tdagleasir,tdagleasir@geocities.jp,Tedmund,Dagleas,scmbao32
tsouthornis,tsouthornis@forbes.com,Tyler,Southorn,bbbvty04
qgrafhamit,qgrafhamit@w3.org,Quincey,Grafham,pwppqd42
pdeclerkiu,pdeclerkiu@barnesandnoble.com,Perla,de Clerk,mtpdzj83
mfashamiv,mfashamiv@latimes.com,Moira,Fasham,zynnhv51
hluciaiw,hluciaiw@smugmug.com,Hanson,Lucia,opebrs51
bwaisonix,bwaisonix@seesaa.net,Bryn,Waison,igdxbz65
tnurseyiy,tnurseyiy@hatena.ne.jp,Tandie,Nursey,nyxjan83
sblazeiz,sblazeiz@newyorker.com,Sayre,Blaze,roytkt38
mdisburyj0,mdisburyj0@newyorker.com,Mirabelle,Disbury,emmchy00
ntuffj1,ntuffj1@wiley.com,Nathalie,Tuff,rttiit54
ksottellj2,ksottellj2@dagondesign.com,Krisha,Sottell,gcnkay09
tmcvityj3,tmcvityj3@tripod.com,Tab,McVity,fzxidn16
cfilesj4,cfilesj4@issuu.com,Clim,Files,ivadpq37
lbaldickj5,lbaldickj5@de.vu,Ludovika,Baldick,lemdbj69
bshortoj6,bshortoj6@mayoclinic.com,Bianca,Shorto,kedtex24
lascroftj7,lascroftj7@wp.com,Lillian,Ascroft,gtlfup21
fcoyshj8,fcoyshj8@thetimes.co.uk,Fionnula,Coysh,rvleag74
ppimerickj9,ppimerickj9@springer.com,Page,Pimerick,wzdeaq86
ktitcombja,ktitcombja@cdbaby.com,Katine,Titcomb,cnbluu63
lwitherdonjb,lwitherdonjb@ibm.com,Loralie,Witherdon,lkhebd83
ghearnsjc,ghearnsjc@cnbc.com,Glennie,Hearns,oxuyeb11
cleederjd,cleederjd@skyrock.com,Cyndy,Leeder,atjbyz10
pyounieje,pyounieje@github.com,Penny,Younie,yfnvht99
neslerjf,neslerjf@gmpg.org,Nonie,Esler,qzqrih94
ewoodwingjg,ewoodwingjg@ftc.gov,Ezechiel,Woodwing,uwceig77
kgowarjh,kgowarjh@t-online.de,Karisa,Gowar,iqtkbk07
cgravetji,cgravetji@aol.com,Cynthy,Gravet,kvadgl87
aboughtflowerjj,aboughtflowerjj@nyu.edu,Austine,Boughtflower,zaypck44
aartharsjk,aartharsjk@simplemachines.org,Amabel,Arthars,xttvuu58
jgoddingjl,jgoddingjl@theglobeandmail.com,Jillian,Godding,yewfyg49
ssimcojm,ssimcojm@shutterfly.com,Seymour,Simco,korcey46
gyacobsohnjn,gyacobsohnjn@usda.gov,Godard,Yacobsohn,fnolqj06
egoulstonejo,egoulstonejo@tinyurl.com,Elisha,Goulstone,jfkcyb22
dboatjp,dboatjp@utexas.edu,Darell,Boat,vmmlik78
sladlowjq,sladlowjq@imgur.com,Silvana,Ladlow,cynopy42
rvaughtonjr,rvaughtonjr@yellowbook.com,Renard,Vaughton,axwgas06
mcazaletjs,mcazaletjs@ebay.com,Mace,Cazalet,qoonks47
dgwilliamsjt,dgwilliamsjt@google.com.au,Dannye,Gwilliams,lmmhmz25
msaterthwaitju,msaterthwaitju@unicef.org,Melva,Saterthwait,dekiik83
dcarberryjv,dcarberryjv@mapy.cz,Donal,Carberry,gkdujl51
snaismithjw,snaismithjw@yelp.com,Steve,Naismith,pwvfil40
rkitchinghamjx,rkitchinghamjx@mashable.com,Ramona,Kitchingham,qpzufm70
slippiettjy,slippiettjy@1und1.de,Selby,Lippiett,qkzyrm73
msutterbyjz,msutterbyjz@livejournal.com,Milena,Sutterby,eoviuy70
syggok0,syggok0@yolasite.com,Stacia,Yggo,copsst14
zgonnardk1,zgonnardk1@gmpg.org,Zedekiah,Gonnard,hnmrru73
dlaink2,dlaink2@ihg.com,Dwain,Lain,sxyqtt73
cvicark3,cvicark3@earthlink.net,Cthrine,Vicar,kndotc92
tslatfordk4,tslatfordk4@t-online.de,Tymon,Slatford,wcurdd26
bhabberjamk5,bhabberjamk5@google.co.uk,Beilul,Habberjam,djfonl07
aandrolettik6,aandrolettik6@posterous.com,Aeriel,Androletti,vnliqv14
imionik7,imionik7@altervista.org,Iggie,Mioni,konqxa91
tbarriek8,tbarriek8@about.me,Terza,Barrie,sviumu70
rknappenk9,rknappenk9@salon.com,Raul,Knappen,gnnlfv96
dgiacobbinijacobka,dgiacobbinijacobka@nbcnews.com,Dionysus,GiacobbiniJacob,ammjdi51
ddonaldsonkb,ddonaldsonkb@infoseek.co.jp,Derry,Donaldson,zbqcby27
bhuburnkc,bhuburnkc@house.gov,Becki,Huburn,mteaol98
edeeveykd,edeeveykd@istockphoto.com,Elladine,Deevey,bedflj67
cswinfenke,cswinfenke@intel.com,Camel,Swinfen,wqaduv94
mmcgeorgekf,mmcgeorgekf@globo.com,Marlene,McGeorge,fqewjq41
twestnagekg,twestnagekg@de.vu,Trefor,Westnage,cuedbk12
lpetrolkh,lpetrolkh@google.co.jp,Lorianne,Petrol,ejromg00
cwollerski,cwollerski@chronoengine.com,Cass,Wollers,rlawlf90
lantoniottiikj,lantoniottiikj@mtv.com,Liam,Antoniottii,fexblt96
rattiwillkk,rattiwillkk@weibo.com,Ron,Attiwill,zhofmy50
rmushartkl,rmushartkl@patch.com,Ronnica,Mushart,mjcfdb29
leslandkm,leslandkm@unblog.fr,Linea,Esland,zedtlz20
eraveaukn,eraveaukn@goodreads.com,Evaleen,Raveau,hewfvt25
kbuggsko,kbuggsko@msn.com,Kerby,Buggs,gnrzyo56
carisskp,carisskp@admin.ch,Cyrillus,Ariss,yfclzl20
lepgravekq,lepgravekq@netscape.com,Lorne,Epgrave,mmqvpd84
bdurstonkr,bdurstonkr@zdnet.com,Brenden,Durston,odgfnx65
sfaintks,sfaintks@linkedin.com,Sande,Faint,dkrvng17
vgyorffykt,vgyorffykt@hud.gov,Van,Gyorffy,admona84
nelgeeku,nelgeeku@cdbaby.com,Noellyn,Elgee,qynaaa25
dellerbeckkv,dellerbeckkv@google.ca,Dunc,Ellerbeck,caihxo58
meichkw,meichkw@bbc.co.uk,Malinde,Eich,vldmih32
bdrillingcourtkx,bdrillingcourtkx@huffingtonpost.com,Baldwin,Drillingcourt,bfigrs74
epotellky,epotellky@dion.ne.jp,Elsinore,Potell,mlqtrl40
epillerkz,epillerkz@answers.com,Eleni,Piller,cswgux57
abottingl0,abottingl0@hud.gov,Auberon,Botting,idphem62
sgladwishl1,sgladwishl1@instagram.com,Sterne,Gladwish,zhwrtx08
sstriblingl2,sstriblingl2@webs.com,Sergeant,Stribling,budhvg96
cfilyakovl3,cfilyakovl3@shutterfly.com,Coop,Filyakov,sinooh17
cpidonl4,cpidonl4@dedecms.com,Cissiee,Pidon,tikxbv99
mtrottonl5,mtrottonl5@yahoo.co.jp,Mignonne,Trotton,etklfw20
pbrownsilll6,pbrownsilll6@parallels.com,Padraig,Brownsill,riuxox92
mclardgel7,mclardgel7@oakley.com,Marcus,Clardge,ykmlnp36
dbevenl8,dbevenl8@nasa.gov,Dre,Beven,fbhhss49
cworkl9,cworkl9@cdbaby.com,Clair,Work,dgbast37
ecardenosola,ecardenosola@netvibes.com,Eward,Cardenoso,nfrlmb10
lmaccarterlb,lmaccarterlb@lycos.com,Lorne,MacCarter,ujohdd19
lvigourslc,lvigourslc@virginia.edu,Lara,Vigours,uphpms82
nlebatteurld,nlebatteurld@shutterfly.com,Nicoline,Le Batteur,rnptoo33
mwakefieldle,mwakefieldle@infoseek.co.jp,Modestia,Wakefield,xzqzjf93
rpealf,rpealf@bandcamp.com,Robbie,Pea,rowziv51
rkensylg,rkensylg@wufoo.com,Rafe,Kensy,ockvkz86
tbirrelllh,tbirrelllh@stanford.edu,Toma,Birrell,urvpea36
rjerromli,rjerromli@scientificamerican.com,Rhiamon,Jerrom,ndhgkg91
hholsalllj,hholsalllj@boston.com,Hailee,Holsall,laqxgo61
hwellsteadlk,hwellsteadlk@cbslocal.com,Henrik,Wellstead,nlkhmq15
mthebesll,mthebesll@wunderground.com,Micky,Thebes,miywfh80
mcorfieldlm,mcorfieldlm@edublogs.org,Marwin,Corfield,dvaxcc98
bhedgeln,bhedgeln@sciencedaily.com,Benedicto,Hedge,katifi63
bsollomlo,bsollomlo@google.cn,Brunhilde,Sollom,tpuoxu25
psprostonlp,psprostonlp@answers.com,Patrice,Sproston,mfrakv06
nohogertielq,nohogertielq@thetimes.co.uk,Norry,O'Hogertie,hyofia46
rsoulsbylr,rsoulsbylr@rakuten.co.jp,Rozelle,Soulsby,bgfdrx96
kvaudreyls,kvaudreyls@t.co,Kippy,Vaudrey,qiviak80
ppatridgelt,ppatridgelt@networkadvertising.org,Pippo,Patridge,cgxhge77
kdasentlu,kdasentlu@jigsy.com,Kermit,Dasent,akgurg09
sduinkerklv,sduinkerklv@youku.com,Shell,Duinkerk,oicnwa28
mgouthlw,mgouthlw@vk.com,Mitchell,Gouth,mgfbxj50
cbengallx,cbengallx@nifty.com,Christel,Bengal,yumhgh34
nferrierioly,nferrierioly@techcrunch.com,Nettle,Ferrierio,jowulx27
skersleylz,skersleylz@sfgate.com,Sorcha,Kersley,jucmyb35
sbowldm0,sbowldm0@vimeo.com,Sigfrid,Bowld,owhwja73
gstartm1,gstartm1@alibaba.com,Garrard,Start,kubjjp67
enootm2,enootm2@slashdot.org,Edik,Noot,xmdbrv22
sgueinnm3,sgueinnm3@nifty.com,Sharia,Gueinn,xaswkl45
cschwandtm4,cschwandtm4@edublogs.org,Clarinda,Schwandt,vhzkuc65
iratterym5,iratterym5@wikipedia.org,Ilyse,Rattery,xazvho10
cambrosonim6,cambrosonim6@technorati.com,Cullie,Ambrosoni,qdqpdp94
asmartm7,asmartm7@chicagotribune.com,Ardenia,Smart,ofxdhh66
acrollam8,acrollam8@berkeley.edu,Arleen,Crolla,biuwzj95
gmathevonm9,gmathevonm9@t.co,Garrick,Mathevon,kzuzsb61
mhamberma,mhamberma@slashdot.org,Mel,Hamber,fkftnu28
sgringleymb,sgringleymb@globo.com,Seka,Gringley,juqvup41
sbuckleemc,sbuckleemc@imageshack.us,Seward,Bucklee,shlatm18
gnoellmd,gnoellmd@networksolutions.com,Gaby,Noell,fjczfz38
dcosinme,dcosinme@hexun.com,Deni,Cosin,wcubnj52
khardwichmf,khardwichmf@ucsd.edu,Kikelia,Hardwich,ijvnht80
dcranemg,dcranemg@deviantart.com,Demetris,Crane,qtnkoe99
ahannaymh,ahannaymh@fda.gov,Antony,Hannay,lxlphu86
rberniermi,rberniermi@nih.gov,Rosaline,Bernier,rkukoo75
wwoodmanmj,wwoodmanmj@clickbank.net,Wanids,Woodman,jpxvmg64
wchartmk,wchartmk@biglobe.ne.jp,Wallis,Chart,rdvpaw52
kcundeml,kcundeml@comsenz.com,Kristoforo,Cunde,mpqvog87
iolunnymm,iolunnymm@webmd.com,Ileane,O'Lunny,ldfnup42
zgoghinmn,zgoghinmn@techcrunch.com,Zolly,Goghin,ceudvv24
orochmo,orochmo@studiopress.com,Olivette,Roch,ruwlyc86
phearfieldmp,phearfieldmp@spiegel.de,Padget,Hearfield,cbjofa63
jcaffinmq,jcaffinmq@virginia.edu,Jeannine,Caffin,diqcvf63
gmalenoirmr,gmalenoirmr@dailymail.co.uk,Giffy,Malenoir,oqvjex29
jmatysms,jmatysms@yelp.com,Julietta,Matys,ahwjmq35
pferbrachemt,pferbrachemt@nba.com,Poul,Ferbrache,dtntdg72
mbrysonmu,mbrysonmu@example.com,Meara,Bryson,gsewct18
dbonteinmv,dbonteinmv@admin.ch,Don,Bontein,dhviav05
atrinemanmw,atrinemanmw@xinhuanet.com,Amitie,Trineman,hohadd55
kcoltartmx,kcoltartmx@oracle.com,Kirbie,Coltart,coheza83
kplattmy,kplattmy@youtu.be,Kayne,Platt,yrfpgx14
rabrashkinmz,rabrashkinmz@wordpress.com,Ralf,Abrashkin,dqvnvj42
kmanseln0,kmanseln0@nasa.gov,Kain,Mansel,iflfuu97
mmcnamaran1,mmcnamaran1@youtu.be,Marybeth,McNamara,dfmgjh31
namorin2,namorin2@sun.com,Nancy,Amori,mygkar90
rpeelen3,rpeelen3@dailymotion.com,Ree,Peele,lwaqkz81
bgerkensn4,bgerkensn4@pagesperso-orange.fr,Bea,Gerkens,yqrpzh01
wacumn5,wacumn5@jalbum.net,Worthington,Acum,zipvtc76
lpitkaithlyn6,lpitkaithlyn6@ameblo.jp,Lynde,Pitkaithly,yeofnu92
foutibridgen7,foutibridgen7@google.com.br,Felike,Outibridge,cigozk55
lgosneyen8,lgosneyen8@w3.org,Liana,Gosneye,wlqxew81
arugglesn9,arugglesn9@quantcast.com,Anallise,Ruggles,uqqrmi11
sstallibrassna,sstallibrassna@cornell.edu,Sholom,Stallibrass,jmwqbx42
cmarchantnb,cmarchantnb@desdev.cn,Cloe,Marchant,txkimu93
lbiddlestonnc,lbiddlestonnc@cmu.edu,Lora,Biddleston,hydjij63
foxborrownd,foxborrownd@globo.com,Freedman,Oxborrow,saztav19
toxtabyne,toxtabyne@so-net.ne.jp,Teri,Oxtaby,lhachx58
hkinneirnf,hkinneirnf@bloglovin.com,Hugo,Kinneir,bictvj71
tadamssonng,tadamssonng@cocolog-nifty.com,Thomasine,Adamsson,dttjfr53
tmcgillivrienh,tmcgillivrienh@psu.edu,Terencio,McGillivrie,ntkqdj87
stolsonni,stolsonni@pbs.org,Sibby,Tolson,zcfkwe04
dbrosinj,dbrosinj@etsy.com,Drusy,Brosi,xfvpax03
dzuanazzink,dzuanazzink@fotki.com,Delainey,Zuanazzi,ugdkce98
rwoolleynl,rwoolleynl@clickbank.net,Reed,Woolley,bvjeyp46
tweekleynm,tweekleynm@ovh.net,Tito,Weekley,cygpyk44
ghamblennn,ghamblennn@deliciousdays.com,Guillemette,Hamblen,exjmgp17
hmcparlandno,hmcparlandno@hao123.com,Hershel,McParland,ciqyer40
rliddiattnp,rliddiattnp@newsvine.com,Roman,Liddiatt,kisckh46
ogurtonnq,ogurtonnq@rediff.com,Oberon,Gurton,ktthmn25
ehydenr,ehydenr@alibaba.com,Ester,Hyde,rmvxmi38
lpoytherasns,lpoytherasns@reuters.com,Lind,Poytheras,kghbti28
dorfordnt,dorfordnt@wix.com,Dory,Orford,okethe44
gsiberrynu,gsiberrynu@wix.com,Gabriel,Siberry,sbfpky15
sixernv,sixernv@yellowbook.com,Sheila-kathryn,Ixer,afiury02
mepiletnw,mepiletnw@imdb.com,Mada,Epilet,rcrfvp98
gatcocknx,gatcocknx@unesco.org,Gregorius,Atcock,tvrgjz26
jdmitrievskiny,jdmitrievskiny@ftc.gov,Jennee,Dmitrievski,rutghz73
pkillerbynz,pkillerbynz@ftc.gov,Pamella,Killerby,adlkbn17
syssono0,syssono0@bluehost.com,Sigismund,Ysson,ojlklx92
mtreato1,mtreato1@washingtonpost.com,Michal,Treat,mzetoy11
mburborougho2,mburborougho2@sbwire.com,Moishe,Burborough,ywttvm29
skitchinghano3,skitchinghano3@imgur.com,Sayer,Kitchinghan,cndygm16
rbullocko4,rbullocko4@yellowpages.com,Rad,Bullock,bhlkhj84
esprouleo5,esprouleo5@csmonitor.com,Estrellita,Sproule,btdwzp06
tquelcho6,tquelcho6@wsj.com,Trevor,Quelch,mkidyo02
rcaldeiroo7,rcaldeiroo7@odnoklassniki.ru,Rosemonde,Caldeiro,uemtnk35
ncoieo8,ncoieo8@hhs.gov,Nowell,Coie,gsrmgt25
ccaldeiroo9,ccaldeiroo9@storify.com,Celle,Caldeiro,btrlvn54
ahallowsoa,ahallowsoa@constantcontact.com,Aubrey,Hallows,nhwrgo65
kstanyonob,kstanyonob@disqus.com,Keelby,Stanyon,cddqms14
bleehaneoc,bleehaneoc@360.cn,Barry,Leehane,twtzhr89
vworledgeod,vworledgeod@sun.com,Vivianne,Worledge,aesujm48
gtanbyoe,gtanbyoe@soup.io,Gerhard,Tanby,uomvvz34
asummergillof,asummergillof@msu.edu,Alyssa,Summergill,hcentt93
jhancornog,jhancornog@bing.com,Jourdan,Hancorn,rnjizk82
tduttonoh,tduttonoh@posterous.com,Tessi,Dutton,xblrdj86
csollarsoi,csollarsoi@ucsd.edu,Corabella,Sollars,wravam60
vmckernonoj,vmckernonoj@angelfire.com,Vasilis,McKernon,brhdsu35
egraysmarkok,egraysmarkok@nytimes.com,Elyssa,Graysmark,xkwtcs80
rrainbowol,rrainbowol@ucoz.com,Rena,Rainbow,niqcxo60
ciorizziom,ciorizziom@unblog.fr,Chloe,Iorizzi,qwsliz49
dlongfooton,dlongfooton@hud.gov,Dasi,Longfoot,dhvxkb15
rgibbinoo,rgibbinoo@about.me,Rosita,Gibbin,nqxwmu38
jleveyop,jleveyop@microsoft.com,Jewelle,Levey,irjpxb21
enewensoq,enewensoq@sphinn.com,Estrellita,Newens,pidjdb11
ccristofolor,ccristofolor@wikipedia.org,Constanta,Cristofol,fywmxr61
aturmallos,aturmallos@bloomberg.com,Albert,Turmall,ljkdmk68
kbootmanot,kbootmanot@auda.org.au,Katya,Bootman,vpmjmk02
cfoulshamou,cfoulshamou@paypal.com,Catriona,Foulsham,wsasfi24
ckirschov,ckirschov@desdev.cn,Cirilo,Kirsch,aetwtu73
hmcgreyow,hmcgreyow@unc.edu,Haley,McGrey,vrxqwr93
mwithefordox,mwithefordox@usatoday.com,Marillin,Witheford,isqtnm93
egooderoy,egooderoy@spotify.com,Emerson,Gooder,vicrag55
celhamoz,celhamoz@lycos.com,Che,Elham,unjyta06
ashackladyp0,ashackladyp0@unblog.fr,Alia,Shacklady,tsxkwh43
trawllp1,trawllp1@newyorker.com,Tilda,Rawll,ouztjn63
kcashfordp2,kcashfordp2@google.co.jp,Kory,Cashford,vxipjb08
cclerkep3,cclerkep3@hao123.com,Charleen,Clerke,fnjiaz08
dpogsonp4,dpogsonp4@dmoz.org,Doralia,Pogson,etdszx26
hclosep5,hclosep5@4shared.com,Harwell,Close,pcgypq05
ghoviep6,ghoviep6@deviantart.com,Gael,Hovie,gcckei40
crichmondp7,crichmondp7@typepad.com,Cecilius,Richmond,hoknhm99
nbanbridgep8,nbanbridgep8@dot.gov,Nessa,Banbridge,ksffuk89
bautryp9,bautryp9@yolasite.com,Berkie,Autry,sqdebk03
kpayzepa,kpayzepa@virginia.edu,Kurt,Payze,ouxvir56
bralestonpb,bralestonpb@sun.com,Bertine,Raleston,xrimii16
slambalpc,slambalpc@state.tx.us,Stu,Lambal,aczhjm91
eweatherhoggpd,eweatherhoggpd@alibaba.com,Eddi,Weatherhogg,uhlleb40
bbasnallpe,bbasnallpe@salon.com,Batholomew,Basnall,psmeum31
nskehenspf,nskehenspf@sakura.ne.jp,Noreen,Skehens,xaqnoh27
sphippardpg,sphippardpg@reuters.com,Shannon,Phippard,jroxcb19
mcaldairouph,mcaldairouph@naver.com,Marlon,Caldairou,ppgwnx10
wbedowpi,wbedowpi@nymag.com,Wenda,Bedow,hczrqa60
clobepj,clobepj@myspace.com,Christy,Lobe,yeyelv24
mgricepk,mgricepk@weebly.com,Moore,Grice,rysjmu53
cvarnalspl,cvarnalspl@linkedin.com,Chickie,Varnals,wwrbev44
hobornepm,hobornepm@clickbank.net,Haywood,O' Borne,wwmppe85
drosingdallpn,drosingdallpn@github.io,Donall,Rosingdall,lzkwhy48
dbrauningerpo,dbrauningerpo@oracle.com,Dene,Brauninger,dgeeiz39
flivesaypp,flivesaypp@usgs.gov,Fonsie,Livesay,dqzbvk84
spitthampq,spitthampq@wix.com,Salomon,Pittham,wghuch74
bellerpr,bellerpr@boston.com,Babita,Eller,mwlupv20
ptwinnps,ptwinnps@studiopress.com,Parker,Twinn,jcabat84
gguillotinpt,gguillotinpt@technorati.com,Genovera,Guillotin,mxelev79
hbailiepu,hbailiepu@tamu.edu,Hamilton,Bailie,rcosku25
lcatchersidepv,lcatchersidepv@odnoklassniki.ru,Lorine,Catcherside,cdptbg64
msouchpw,msouchpw@ameblo.jp,Marie-ann,Souch,tljknj17
gmacclanceypx,gmacclanceypx@sciencedirect.com,Gael,MacClancey,epttay92
grussepy,grussepy@ning.com,Glen,Russe,vqlqgs99
dshardpz,dshardpz@irs.gov,Dasha,Shard,udeqqn55
crigbyeq0,crigbyeq0@myspace.com,Corri,Rigbye,ntsscs72
loldredq1,loldredq1@nymag.com,Lucretia,Oldred,euuvrv13
cbramahq2,cbramahq2@msu.edu,Carver,Bramah,xhrqxd89
dminthorpeq3,dminthorpeq3@howstuffworks.com,Debera,Minthorpe,gzoalz58
jstrongq4,jstrongq4@skyrock.com,Jessika,Strong,fedcdg62
mdeernessq5,mdeernessq5@dell.com,Micky,Deerness,eaxxej54
zhubyq6,zhubyq6@sciencedaily.com,Zollie,Huby,cadayf34
bobrianq7,bobrianq7@yelp.com,Bevin,O' Brian,gapmkq51
sburdinq8,sburdinq8@livejournal.com,Sara,Burdin,fokmxu76
khellwigq9,khellwigq9@merriam-webster.com,Koralle,Hellwig,svdnfd35
jrolyqa,jrolyqa@ft.com,Josefa,Roly,omhocm13
bnyssenqb,bnyssenqb@slideshare.net,Bennett,Nyssen,rjmawu36
mseathqc,mseathqc@issuu.com,Mindy,Seath,dlwmts08
wskyppqd,wskyppqd@1und1.de,Wolfgang,Skypp,hofllj26
ltackellqe,ltackellqe@artisteer.com,Lexy,Tackell,tygkkg90
wrushmereqf,wrushmereqf@auda.org.au,Wilfred,Rushmere,gxxkcq76
elacelettqg,elacelettqg@aol.com,Elwin,Lacelett,untwle23
nhenstoneqh,nhenstoneqh@google.ru,Nial,Henstone,dcjdve56
lbooyqi,lbooyqi@ask.com,Lauree,Booy,edcmuo44
rdeniseauqj,rdeniseauqj@imageshack.us,Rorke,Deniseau,rvyras40
vhoffmanqk,vhoffmanqk@mediafire.com,Vinnie,Hoffman,gfsjen24
cgrossierql,cgrossierql@umn.edu,Creight,Grossier,taaiug85
ahurdedgeqm,ahurdedgeqm@google.cn,Adolphus,Hurdedge,bxgxrz62
evandecasteleqn,evandecasteleqn@webmd.com,Etty,Van de Castele,mqanim23
hsheardsqo,hsheardsqo@clickbank.net,Helaine,Sheards,hpayoi35
gmetherellqp,gmetherellqp@cnet.com,Giustino,Metherell,xcxpnv32
owardelqq,owardelqq@ox.ac.uk,Otes,Wardel,tknywq91
mceaserqr,mceaserqr@fc2.com,Mycah,Ceaser,ubhizg29
djoseferqs,djoseferqs@springer.com,Dian,Josefer,jstkng14
bcartmailqt,bcartmailqt@xing.com,Barnabas,Cartmail,nvcksz44
kheadlandqu,kheadlandqu@themeforest.net,Kenneth,Headland,uugxcp87
cwitardqv,cwitardqv@webnode.com,Charmane,Witard,mijwmm08
amoorfieldqw,amoorfieldqw@ameblo.jp,Albertine,Moorfield,pstltz65
lcavillqx,lcavillqx@psu.edu,Lannie,Cavill,xenvwm61
sbezleyqy,sbezleyqy@hibu.com,Sabra,Bezley,deiobz23
tclaworthqz,tclaworthqz@scientificamerican.com,Terrye,Claworth,xjhjdi94
mtrillowr0,mtrillowr0@fotki.com,Mitzi,Trillow,qwgycy78
lconditr1,lconditr1@fema.gov,Laurice,Condit,rhqynz11
jhanabyr2,jhanabyr2@elpais.com,Jenica,Hanaby,etwjkk38
rbeamissr3,rbeamissr3@friendfeed.com,Russell,Beamiss,tkocsa39
kjiroutekr4,kjiroutekr4@ox.ac.uk,King,Jiroutek,zeywjc57
eluciusr5,eluciusr5@slideshare.net,Evelina,Lucius,eornyn17
tnorquoyr6,tnorquoyr6@google.co.uk,Teodor,Norquoy,sgfkmh40
afishr7,afishr7@addtoany.com,Aubrie,Fish,cfsrxi83
kradbornr8,kradbornr8@com.com,Kendell,Radborn,muzimr48
grupertir9,grupertir9@google.com.hk,Glennie,Ruperti,aueemm05
hfirpira,hfirpira@wufoo.com,Hal,Firpi,xylxkb95
dhaquardrb,dhaquardrb@t-online.de,Dennet,Haquard,mzfrtc23
zmattiarc,zmattiarc@mail.ru,Zebadiah,Mattia,mhaqqe78
dweedenburgrd,dweedenburgrd@geocities.com,Darrelle,Weedenburg,iirvid26
cstansallre,cstansallre@mapy.cz,Chad,Stansall,tbjiis52
vgrogerrf,vgrogerrf@toplist.cz,Vincenz,Groger,fcgoha79
rlazerrg,rlazerrg@csmonitor.com,Raddie,Lazer,bgifjb97
nmadgettrh,nmadgettrh@cbslocal.com,Nancee,Madgett,ibrcqx27
edacostari,edacostari@naver.com,Ethelind,Da Costa,rlxeyk96
jphytheanrj,jphytheanrj@de.vu,Johnna,Phythean,bgrmbj30
vwarsoprk,vwarsoprk@utexas.edu,Vivien,Warsop,tvjygo93
dkirmondrl,dkirmondrl@nature.com,Deanne,Kirmond,nfgvhy62
cminithorperm,cminithorperm@bbb.org,Chrisy,Minithorpe,ljxbgk27
naddekinrn,naddekinrn@bloomberg.com,Nicole,Addekin,gtjyhp50
sfarringtonro,sfarringtonro@topsy.com,Sanford,Farrington,obnqfy23
eharrodrp,eharrodrp@bigcartel.com,Enrico,Harrod,iofmsn32
hlammersrq,hlammersrq@vk.com,Hulda,Lammers,wgzfnb94
dbaronrr,dbaronrr@spiegel.de,Derek,Baron,dxnpdt38
