username,email,firstname,lastname,password
llenihan0,llenihan0@freewebs.com,Lucas,Lenihan,ranwws29
mkenewell1,mkenewell1@feedburner.com,Maggi,Kenewell,qedbkn19
idoley2,idoley2@people.com.cn,Isidora,Doley,kitpkt09
lmacmichael3,lmacmichael3@ow.ly,Lauren,MacMichael,yjtfka66
wborrowman4,wborrowman4@deliciousdays.com,Wilfred,Borrowman,mquqwr07
anoden5,anoden5@hugedomains.com,Aldridge,Noden,xcpydh98
arenzini6,arenzini6@merriam-webster.com,Adah,Renzini,xnxkgk88
gkarpmann7,gkarpmann7@privacy.gov.au,Georgia,Karpmann,cotcxh98
apetican8,apetican8@bloglines.com,Ashlan,Petican,kozeni92
cjenkyn9,cjenkyn9@spiegel.de,Crista,Jenkyn,wupcby58
btrenama,btrenama@last.fm,Brynna,Trenam,byitep01
akevlinb,akevlinb@myspace.com,Abigale,Kevlin,rtkctm41
agallamorec,agallamorec@hexun.com,Ahmad,Gallamore,giimgd56
bjeansd,bjeansd@discuz.net,Bessy,Jeans,jxssgr97
tburnhame,tburnhame@yellowpages.com,Tracy,Burnham,etqxon84
hweatheyf,hweatheyf@lulu.com,Hyatt,Weathey,flqyfz31
lotteeg,lotteeg@forbes.com,Linus,Ottee,azvfhn55
mherkessh,mherkessh@umn.edu,Melodee,Herkess,xxwjuj68
cbarthrupi,cbarthrupi@xing.com,Collin,Barthrup,uhaqsa49
hscarrattj,hscarrattj@fda.gov,Helen-elizabeth,Scarratt,mfjvvb44
kbarnwillek,kbarnwillek@ucoz.ru,Katina,Barnwille,azxjhb02
gferronel,gferronel@wunderground.com,Giorgio,Ferrone,ghzbdu11
ydolesm,ydolesm@youtu.be,Yalonda,Doles,rajdei73
blimonn,blimonn@shutterfly.com,Barney,Limon,vnwclv61
wwainero,wwainero@shareasale.com,Wynny,Wainer,eqpgrc24
hwadhamp,hwadhamp@about.me,Hatti,Wadham,xnsuqx60
csharkeyq,csharkeyq@yandex.ru,Chester,Sharkey,ekkpzl89
bbeldenr,bbeldenr@dot.gov,Brigida,Belden,ycsxth20
bbyers,bbyers@moonfruit.com,Blakelee,Byer,yyixta61
ksealeyt,ksealeyt@booking.com,Kendricks,Sealey,skffea36
gwhardleyu,gwhardleyu@constantcontact.com,Gilli,Whardley,zahbkq51
fhemerijkv,fhemerijkv@vimeo.com,Feliza,Hemerijk,ctdnam01
rjeanelw,rjeanelw@live.com,Robinet,Jeanel,wluzgz01
jtwattx,jtwattx@gizmodo.com,Jorrie,Twatt,nrqqip64
akunkely,akunkely@angelfire.com,Alejandra,Kunkel,erthhx70
vdrewittz,vdrewittz@who.int,Vittorio,Drewitt,ytypla89
atoppes10,atoppes10@forbes.com,Averell,Toppes,ynguww93
cramelot11,cramelot11@theglobeandmail.com,Cory,Ramelot,hbiswr46
abravington12,abravington12@prnewswire.com,Ari,Bravington,zsvagi95
tupcraft13,tupcraft13@example.com,Tobiah,Upcraft,jgudgg29
rfancy14,rfancy14@miitbeian.gov.cn,Rufus,Fancy,wdwskk45
dbrauns15,dbrauns15@mysql.com,Dee dee,Brauns,ekyrte10
kciobutaro16,kciobutaro16@google.ca,Krystal,Ciobutaro,dbnflv16
tlainton17,tlainton17@ning.com,Tressa,Lainton,dkezvy04
tdelacourt18,tdelacourt18@angelfire.com,Tyrus,Delacourt,vfakgi20
pody19,pody19@google.ru,Prudy,Ody,sbppyd24
lhoyle1a,lhoyle1a@github.io,Lexi,Hoyle,sbnuki90
gmillichip1b,gmillichip1b@bbc.co.uk,Goldi,Millichip,kwmtao15
prowles1c,prowles1c@unesco.org,Penelopa,Rowles,hhxmif78
eponting1d,eponting1d@vkontakte.ru,Enriqueta,Ponting,mcgxdf68
rwasylkiewicz1e,rwasylkiewicz1e@over-blog.com,Roz,Wasylkiewicz,zajtcm93
eramel1f,eramel1f@craigslist.org,Evelina,Ramel,kacfwr44
ctolputt1g,ctolputt1g@marketwatch.com,Cindra,Tolputt,fnjilg19
mmeak1h,mmeak1h@barnesandnoble.com,Milton,Meak,pscinc64
akem1i,akem1i@linkedin.com,Anna,Kem,dfebow90
ypenton1j,ypenton1j@quantcast.com,Yale,Penton,sqnvet86
vcarluccio1k,vcarluccio1k@free.fr,Vincenty,Carluccio,dsbicq73
ydrummer1l,ydrummer1l@flavors.me,Yorgo,Drummer,lcdpjg54
molivas1m,molivas1m@abc.net.au,Martelle,Olivas,mwyegd30
anicely1n,anicely1n@amazon.de,Adlai,Nicely,zryjkh68
gbootes1o,gbootes1o@last.fm,Guthrie,Bootes,mbkusy87
jocriane1p,jocriane1p@cmu.edu,Jeddy,O'Criane,ajtvwa05
ddrinkel1q,ddrinkel1q@spotify.com,Deck,Drinkel,osfqtc50
ggirardy1r,ggirardy1r@unblog.fr,Giustino,Girardy,nascyg24
tbernucci1s,tbernucci1s@wikia.com,Torry,Bernucci,gyztvo49
rswanne1t,rswanne1t@goo.gl,Ros,Swanne,hrhtkl36
fblackhurst1u,fblackhurst1u@github.com,Flori,Blackhurst,xnxuaf37
iboanas1v,iboanas1v@amazon.co.uk,Isidora,Boanas,olvqno01
nwalkey1w,nwalkey1w@pinterest.com,Natalee,Walkey,eiolwb30
mlejeune1x,mlejeune1x@blogs.com,Maje,Lejeune,auzfmc65
nbrigstock1y,nbrigstock1y@dropbox.com,Nina,Brigstock,opvvvw25
llumox1z,llumox1z@delicious.com,Lonni,Lumox,ffgrfw99
cbaskwell20,cbaskwell20@netscape.com,Collie,Baskwell,grxoal57
cmakepeace21,cmakepeace21@elegantthemes.com,Chantalle,Makepeace,snsemr56
rchamberlain22,rchamberlain22@last.fm,Rosaleen,Chamberlain,bnppdf37
cphibb23,cphibb23@dagondesign.com,Chad,Phibb,yvdglg23
vpither24,vpither24@oaic.gov.au,Valle,Pither,sskvmp38
gfradson25,gfradson25@upenn.edu,Gerty,Fradson,mvoiev74
calderton26,calderton26@spotify.com,Chlo,Alderton,dtohkp37
dmickleburgh27,dmickleburgh27@sitemeter.com,Doralynn,Mickleburgh,ndglhy61
egrgic28,egrgic28@spotify.com,Elinore,Grgic,mawqvx06
ajayne29,ajayne29@home.pl,Alethea,Jayne,hrwnci44
cfaunch2a,cfaunch2a@weibo.com,Chariot,Faunch,khjtjd73
lmell2b,lmell2b@nsw.gov.au,Lizbeth,Mell,jnxpen87
hivankovic2c,hivankovic2c@oakley.com,Humberto,Ivankovic,duhpcz05
osighard2d,osighard2d@reference.com,Ondrea,Sighard,nolmdc83
aleverette2e,aleverette2e@webs.com,Antoni,Leverette,rgdlfk42
cdumpleton2f,cdumpleton2f@bravesites.com,Carly,Dumpleton,rzlups64
hhaglinton2g,hhaglinton2g@hp.com,Harli,Haglinton,nrnvsh86
rleman2h,rleman2h@hatena.ne.jp,Ruperto,Leman,sjkykm44
twelch2i,twelch2i@whitehouse.gov,Tristam,Welch,wjtobh69
agerrit2j,agerrit2j@altervista.org,Antone,Gerrit,trebrj09
eperceval2k,eperceval2k@sfgate.com,Erina,Perceval,llukso86
acaw2l,acaw2l@amazon.co.uk,Andriana,Caw,jknusp51
pnovacek2m,pnovacek2m@tumblr.com,Paola,Novacek,opapym03
dwelbrock2n,dwelbrock2n@paginegialle.it,Dorie,Welbrock,seqkrr36
skrahl2o,skrahl2o@dion.ne.jp,Shae,Krahl,egkhas55
bprys2p,bprys2p@cnet.com,Bride,Prys,lmemov70
keuston2q,keuston2q@unc.edu,Kiersten,Euston,pgbjho43
pdibartolommeo2r,pdibartolommeo2r@deliciousdays.com,Phebe,Di Bartolommeo,wuadbl95
nbrookzie2s,nbrookzie2s@acquirethisname.com,Nikola,Brookzie,yslmhe45
ckundert2t,ckundert2t@answers.com,Cull,Kundert,ckxthc32
rpalleske2u,rpalleske2u@twitpic.com,Reinhold,Palleske,zbyrza88
arogge2v,arogge2v@archive.org,Ailene,Rogge,gjqtxv15
cpopland2w,cpopland2w@japanpost.jp,Corine,Popland,gvjefe69
lsuggey2x,lsuggey2x@fastcompany.com,Langsdon,Suggey,sfsmqb94
cjoscelyn2y,cjoscelyn2y@gizmodo.com,Claybourne,Joscelyn,stexkw37
fmulliss2z,fmulliss2z@google.com.au,Fiann,Mulliss,nrxmps46
sstanistreet30,sstanistreet30@jugem.jp,Siana,Stanistreet,wiojjf21
jmccrea31,jmccrea31@quantcast.com,Jenn,McCrea,ltxjch64
dhapke32,dhapke32@whitehouse.gov,Denys,Hapke,tqidmm26
thelsby33,thelsby33@issuu.com,Tiff,Helsby,uoqwzm91
caccum34,caccum34@economist.com,Cathrin,Accum,oqhgfg48
ibaxstar35,ibaxstar35@istockphoto.com,Isak,Baxstar,zyjlov16
kcholmondeley36,kcholmondeley36@goodreads.com,Karlan,Cholmondeley,dhcogx84
bbenduhn37,bbenduhn37@pinterest.com,Beverie,Benduhn,drflze15
aduthie38,aduthie38@instagram.com,Alisha,Duthie,byknxh45
wreuter39,wreuter39@businesswire.com,Wyatt,Reuter,fxpapb92
dsmuth3a,dsmuth3a@intel.com,Drucill,Smuth,zjhwto30
jaltham3b,jaltham3b@state.tx.us,Josee,Altham,wmkpbo42
cpaffot3c,cpaffot3c@merriam-webster.com,Ceciley,Paffot,kcaioz58
kschankelborg3d,kschankelborg3d@lulu.com,Kitti,Schankelborg,fmdbge15
rduchart3e,rduchart3e@gnu.org,Rhoda,Duchart,utwthh61
mkleinerman3f,mkleinerman3f@blog.com,Merwin,Kleinerman,mfbnik12
mchristoffersen3g,mchristoffersen3g@cocolog-nifty.com,Mari,Christoffersen,krsfnk46
pliepins3h,pliepins3h@msn.com,Prentice,Liepins,jnwxua79
byabsley3i,byabsley3i@ustream.tv,Bess,Yabsley,cgtqtz85
ylindro3j,ylindro3j@techcrunch.com,Yolanda,Lindro,sxuwgm01
zmungin3k,zmungin3k@imgur.com,Zaccaria,Mungin,afjhxz03
ddurrance3l,ddurrance3l@amazon.co.uk,David,Durrance,zsomuq73
fquadling3m,fquadling3m@bing.com,Ferdie,Quadling,vrdcnn64
nlarkings3n,nlarkings3n@technorati.com,Nikolaos,Larkings,dcfxcg38
tbabidge3o,tbabidge3o@discuz.net,Toinette,Babidge,clbxzl16
browlett3p,browlett3p@shinystat.com,Brigitta,Rowlett,zjjkux25
bengeham3q,bengeham3q@spiegel.de,Babara,Engeham,ayjdwe10
walbinson3r,walbinson3r@freewebs.com,Wanda,Albinson,dgmgpz53
mpollie3s,mpollie3s@com.com,Mimi,Pollie,tpmdla05
psexti3t,psexti3t@marriott.com,Prudy,Sexti,antrwy06
ftschiersch3u,ftschiersch3u@dell.com,Frederico,Tschiersch,rjwjib70
cburdett3v,cburdett3v@github.io,Crissie,Burdett,yjdwyc16
gdaverin3w,gdaverin3w@1688.com,Giffer,Daverin,zbmrsh58
mhendrichs3x,mhendrichs3x@nytimes.com,Margareta,Hendrichs,geyuak21
anice3y,anice3y@smugmug.com,Ambrosius,Nice,jrkebe70
sgreenough3z,sgreenough3z@dropbox.com,Shelia,Greenough,zofxnp15
srispen40,srispen40@hubpages.com,Sorcha,Rispen,tfibzr98
mroberti41,mroberti41@php.net,Melonie,Roberti,zitsap95
kbosman42,kbosman42@icio.us,Katleen,Bosman,ymemax18
mplacido43,mplacido43@yolasite.com,Margareta,Placido,swipyc11
jranfield44,jranfield44@amazonaws.com,Jessalin,Ranfield,zzrxgg97
pcollimore45,pcollimore45@boston.com,Penelopa,Collimore,yfsxbl09
hdupoy46,hdupoy46@ed.gov,Humphrey,Dupoy,twjbiu87
cgyenes47,cgyenes47@homestead.com,Chrystal,Gyenes,jnmlco82
cclubb48,cclubb48@creativecommons.org,Corinna,Clubb,supdmk01
hburless49,hburless49@bbb.org,Horacio,Burless,neubpr04
maubrun4a,maubrun4a@exblog.jp,Maybelle,Aubrun,ywwqzz66
vianitti4b,vianitti4b@flickr.com,Vincents,Ianitti,lbiyiz25
jredborn4c,jredborn4c@cpanel.net,Jorie,Redborn,xjqqmt51
acecere4d,acecere4d@java.com,Adolphe,Cecere,yzoeml61
uardron4e,uardron4e@google.ca,Udell,Ardron,uwsgsw26
mmogford4f,mmogford4f@tmall.com,Martin,Mogford,frhhvy27
fpullin4g,fpullin4g@ed.gov,Frederico,Pullin,yddmjf21
rhooban4h,rhooban4h@blinklist.com,Renaud,Hooban,hpiyli32
mcross4i,mcross4i@bing.com,Misha,Cross,kmeedz30
cdunlap4j,cdunlap4j@usgs.gov,Camellia,Dunlap,dloiqz73
egreves4k,egreves4k@newyorker.com,Eliot,Greves,gdgdxb03
vmaudlen4l,vmaudlen4l@state.tx.us,Valry,Maudlen,pfcwuh74
rhavesides4m,rhavesides4m@hubpages.com,Riccardo,Havesides,hclxxn52
aralfe4n,aralfe4n@thetimes.co.uk,Adrian,Ralfe,wnlxqg63
rshowte4o,rshowte4o@ucsd.edu,Rurik,Showte,lywfha70
stetley4p,stetley4p@whitehouse.gov,Shelley,Tetley,xwbfjj20
rsimoncelli4q,rsimoncelli4q@smugmug.com,Rooney,Simoncelli,rdwjvu07
aseamer4r,aseamer4r@forbes.com,Alyson,Seamer,nbzyam39
galthorp4s,galthorp4s@flickr.com,Gaspard,Althorp,xlppft08
rscott4t,rscott4t@slate.com,Roxanna,Scott,bvhgma71
mlandman4u,mlandman4u@amazon.com,Mag,Landman,raopye46
spurveys4v,spurveys4v@theatlantic.com,Shannon,Purveys,cfecre37
mjamme4w,mjamme4w@purevolume.com,Marquita,Jamme,dmlksa55
ahein4x,ahein4x@ucsd.edu,Allis,Hein,lmfiec78
mkynaston4y,mkynaston4y@ezinearticles.com,Marinna,Kynaston,ssmlsn77
mcattemull4z,mcattemull4z@go.com,Marten,Cattemull,jpbqmu32
jinsall50,jinsall50@free.fr,Johnath,Insall,qwaslf53
jferfulle51,jferfulle51@cyberchimps.com,Jamie,Ferfulle,wtcoyw33
ebedminster52,ebedminster52@ibm.com,Eldon,Bedminster,mjbhjl28
abedder53,abedder53@utexas.edu,Albie,Bedder,lhsgoi70
dbilovus54,dbilovus54@reference.com,Danita,Bilovus,toxgif23
ejiruch55,ejiruch55@vistaprint.com,Ellwood,Jiruch,nbcgyt75
mcordel56,mcordel56@prweb.com,Marguerite,Cordel,vjfvbx47
arizzardi57,arizzardi57@arizona.edu,Austin,Rizzardi,dftcao81
mdragoe58,mdragoe58@facebook.com,Murielle,Dragoe,qyeuzh20
eobrallaghan59,eobrallaghan59@chicagotribune.com,Esther,O'Brallaghan,esgsiu64
csalzberger5a,csalzberger5a@mozilla.com,Clim,Salzberger,vsscyr37
rnuth5b,rnuth5b@spotify.com,Reinhard,Nuth,yuadbi28
mreyes5c,mreyes5c@xinhuanet.com,Marijo,Reyes,liglid76
nmcdermott5d,nmcdermott5d@dmoz.org,Niccolo,McDermott,mqwjtx40
abauldrey5e,abauldrey5e@reference.com,Aldridge,Bauldrey,knjbqg92
abatchelar5f,abatchelar5f@bluehost.com,Anatola,Batchelar,ulrfpr12
cmoyse5g,cmoyse5g@webeden.co.uk,Christalle,Moyse,cnqgib58
apeschka5h,apeschka5h@adobe.com,Alvis,Peschka,cxjpci63
dgandar5i,dgandar5i@vinaora.com,Della,Gandar,ntipul23
mkersaw5j,mkersaw5j@vk.com,Marcello,Kersaw,gadoht49
dkubica5k,dkubica5k@meetup.com,Derril,Kubica,tuymxm03
clee5l,clee5l@narod.ru,Clarissa,Lee,qpwkat53
sfarrimond5m,sfarrimond5m@dion.ne.jp,Say,Farrimond,zlpyhr30
mwyrall5n,mwyrall5n@eventbrite.com,Mella,Wyrall,vwpztr25
srogan5o,srogan5o@dedecms.com,Sandro,Rogan,vglxtq59
gdelmonte5p,gdelmonte5p@google.co.jp,Guss,Del Monte,oydpsb90
owhittle5q,owhittle5q@hatena.ne.jp,Olvan,Whittle,wbocgq65
bstainton5r,bstainton5r@vk.com,Bruis,Stainton,gmhkpo32
tmanass5s,tmanass5s@ucla.edu,Trude,Manass,wnigxv07
gmealand5t,gmealand5t@techcrunch.com,Gilly,Mealand,ihujai26
oswyn5u,oswyn5u@freewebs.com,Oneida,Swyn,vyduvv10
ahumbee5v,ahumbee5v@alibaba.com,Andreas,Humbee,xmnhqe81
rgaylard5w,rgaylard5w@ft.com,Rania,Gaylard,vustry43
vkilfeder5x,vkilfeder5x@bloglines.com,Vail,Kilfeder,byokec53
gprebble5y,gprebble5y@telegraph.co.uk,Gae,Prebble,spoddg74
cbakewell5z,cbakewell5z@unesco.org,Care,Bakewell,liqcks05
sdimond60,sdimond60@macromedia.com,Stavros,Dimond,cgognj31
igrindrod61,igrindrod61@posterous.com,Inge,Grindrod,gkccdi09
lphelan62,lphelan62@cloudflare.com,Luca,Phelan,rujong88
hbenner63,hbenner63@blogger.com,Harley,Benner,jrgnen89
ctruggian64,ctruggian64@engadget.com,Calv,Truggian,ulyfvs93
bmedwell65,bmedwell65@census.gov,Branden,Medwell,pywfkd97
aandrivel66,aandrivel66@mit.edu,Ado,Andrivel,umzdfv04
svelten67,svelten67@ihg.com,Stillmann,Velten,rlbrmy84
smewe68,smewe68@vimeo.com,Sheilah,Mewe,dzhdxx91
csayers69,csayers69@mit.edu,Caresse,Sayers,bmcljg78
kfanti6a,kfanti6a@accuweather.com,Kippie,Fanti,zwoxrg77
egreatreax6b,egreatreax6b@canalblog.com,Evyn,Greatreax,gfdenr89
cloughead6c,cloughead6c@wp.com,Ced,Loughead,sjamge88
jpartner6d,jpartner6d@gravatar.com,Joanne,Partner,lzuqsb93
poxe6e,poxe6e@trellian.com,Pall,Oxe,baevmg80
apaddie6f,apaddie6f@netvibes.com,Allys,Paddie,hxaual24
dsavoury6g,dsavoury6g@discovery.com,Dominick,Savoury,jkogva68
jzoane6h,jzoane6h@joomla.org,Jennica,Zoane,zdgkdg04
rokeefe6i,rokeefe6i@twitpic.com,Rab,O'Keefe,ibzxdr00
lkertess6j,lkertess6j@icq.com,Liane,Kertess,axepuc19
atrimble6k,atrimble6k@dedecms.com,Alyosha,Trimble,fdfwse74
ldegoey6l,ldegoey6l@microsoft.com,Lewes,Degoey,ycdtni87
esetter6m,esetter6m@mysql.com,Elene,Setter,emzoke10
efarrier6n,efarrier6n@go.com,Evie,Farrier,kfntlp59
mmcallaster6o,mmcallaster6o@hhs.gov,Marylee,McAllaster,tkyomu37
minnett6p,minnett6p@wunderground.com,Marga,Innett,rwidux90
bvedmore6q,bvedmore6q@smugmug.com,Beret,Vedmore,ujlyey41
sbrunnen6r,sbrunnen6r@berkeley.edu,Sebastien,Brunnen,xrhpll77
sspilsburie6s,sspilsburie6s@mozilla.org,Sara-ann,Spilsburie,ecennc66
hcheke6t,hcheke6t@ifeng.com,Herbert,Cheke,vnqgjp20
aspeaks6u,aspeaks6u@ed.gov,Annice,Speaks,rlqklu56
kprover6v,kprover6v@ebay.co.uk,Kristy,Prover,psupry12
rbuffery6w,rbuffery6w@nature.com,Rora,Buffery,ntsuqw65
akleisel6x,akleisel6x@ibm.com,Amalea,Kleisel,npdztk07
bhaslocke6y,bhaslocke6y@wix.com,Barnard,Haslock(e),lxacuz23
fdarley6z,fdarley6z@google.com.hk,Florry,Darley,unrdhi22
sbottom70,sbottom70@etsy.com,Silvester,Bottom,vftkgz62
pcorinton71,pcorinton71@cornell.edu,Phelia,Corinton,jgxgjp53
areisen72,areisen72@uiuc.edu,Allissa,Reisen,tbpmle80
wjoskowitz73,wjoskowitz73@imageshack.us,Wanids,Joskowitz,dwmtbo08
bknoton74,bknoton74@twitpic.com,Brande,Knoton,gxmhzj14
jbullar75,jbullar75@cbslocal.com,Jedd,Bullar,wnljav65
mflinders76,mflinders76@bing.com,Merissa,Flinders,ohprdi70
bhubble77,bhubble77@goo.ne.jp,Brita,Hubble,wjtjoc23
ktubbs78,ktubbs78@amazon.co.uk,Karlyn,Tubbs,naseyf28
nmarfe79,nmarfe79@redcross.org,Nalani,Marfe,vgbiwn19
csamme7a,csamme7a@google.ru,Cullen,Samme,jprxza12
fmaudlin7b,fmaudlin7b@people.com.cn,Francene,Maudlin,uhtwio80
hshemelt7c,hshemelt7c@blog.com,Helene,Shemelt,txfcjo24
hvasishchev7d,hvasishchev7d@wikia.com,Hector,Vasishchev,oidcls18
jmerlin7e,jmerlin7e@addtoany.com,Jehu,Merlin,vrdntj43
gcrevy7f,gcrevy7f@google.it,Gabriella,Crevy,jczvqk20
kwingatt7g,kwingatt7g@vk.com,Kelcie,Wingatt,zlobni53
bmacy7h,bmacy7h@washington.edu,Bobby,Macy,xmvttl41
nlinning7i,nlinning7i@microsoft.com,Neville,Linning,hndrob17
kligertwood7j,kligertwood7j@walmart.com,Kirstin,Ligertwood,dhnloh32
tbankhurst7k,tbankhurst7k@google.co.uk,Tressa,Bankhurst,tgzhwd77
lmealand7l,lmealand7l@com.com,Lon,Mealand,xbxrmw85
ttriggle7m,ttriggle7m@ifeng.com,Tobin,Triggle,cecgdn18
rtowhey7n,rtowhey7n@independent.co.uk,Rosabel,Towhey,drlfrr15
bbasire7o,bbasire7o@boston.com,Barry,Basire,zecpvw62
hsoutherton7p,hsoutherton7p@blog.com,Heddi,Southerton,ipohwd99
efardoe7q,efardoe7q@princeton.edu,Elna,Fardoe,tlpijb79
kedmett7r,kedmett7r@nytimes.com,Kipper,Edmett,fzgqjx95
cconnold7s,cconnold7s@phoca.cz,Cynde,Connold,lywctk06
srandalston7t,srandalston7t@ebay.co.uk,Shandy,Randalston,gmceff99
anears7u,anears7u@twitpic.com,Alec,Nears,blnpia65
rambroisin7v,rambroisin7v@earthlink.net,Renato,Ambroisin,cbzxmb85
lpierse7w,lpierse7w@constantcontact.com,Loralyn,Pierse,ozcsmz23
idickings7x,idickings7x@macromedia.com,Ilysa,Dickings,rpqmcy59
vrowbottam7y,vrowbottam7y@hc360.com,Vida,Rowbottam,ijhrlq23
egusney7z,egusney7z@hugedomains.com,Esme,Gusney,qkmeca88
cvarnam80,cvarnam80@sciencedirect.com,Cletis,Varnam,xjscgu81
mheinlein81,mheinlein81@sakura.ne.jp,Maude,Heinlein,zccwwm11
eteffrey82,eteffrey82@amazonaws.com,Elsworth,Teffrey,wzpkvg46
janan83,janan83@narod.ru,Jerrie,Anan,olvekm83
ctorre84,ctorre84@loc.gov,Claudina,Torre,joovig18
ojunes85,ojunes85@taobao.com,Obie,Junes,zwuyvd10
cwelds86,cwelds86@google.es,Clarisse,Welds,pdtihl20
cmooring87,cmooring87@amazon.de,Catlaina,Mooring,zdjwtu75
hsemken88,hsemken88@pinterest.com,Harriette,Semken,tlahza10
wfaulconbridge89,wfaulconbridge89@theglobeandmail.com,Wilhelm,Faulconbridge,oowmhj29
iroux8a,iroux8a@clickbank.net,Ibrahim,Roux,lcbvpj37
jkobelt8b,jkobelt8b@chron.com,Joellen,Kobelt,obpgor03
kcolrein8c,kcolrein8c@infoseek.co.jp,Karrah,Colrein,xxmiwn32
cnazer8d,cnazer8d@mail.ru,Cathe,Nazer,kdiial91
mdimond8e,mdimond8e@people.com.cn,Maurizio,Dimond,itvykq80
mpetz8f,mpetz8f@imdb.com,Milzie,Petz,bchqaz53
kgoldthorpe8g,kgoldthorpe8g@privacy.gov.au,Karlee,Goldthorpe,ittmbv52
vfragino8h,vfragino8h@google.pl,Violette,Fragino,afffik37
dquipp8i,dquipp8i@dailymail.co.uk,Dan,Quipp,vyjcgs03
qgoodanew8j,qgoodanew8j@telegraph.co.uk,Quintana,Goodanew,ptzbyg26
arayburn8k,arayburn8k@arizona.edu,Alisander,Rayburn,yycrbg64
rcaskey8l,rcaskey8l@hp.com,Rosemarie,Caskey,ekffhq35
mpleass8m,mpleass8m@ibm.com,Mohandas,Pleass,fapvql52
playing8n,playing8n@salon.com,Pennie,Laying,psavas07
eapdell8o,eapdell8o@umich.edu,Eloise,Apdell,fzlzrt26
cchurches8p,cchurches8p@nytimes.com,Candis,Churches,knjwxi39
rchilver8q,rchilver8q@yale.edu,Richmound,Chilver,iyljed14
civanchikov8r,civanchikov8r@yellowbook.com,Cyndie,Ivanchikov,lpoywb01
ydubber8s,ydubber8s@freewebs.com,Yvon,Dubber,cjkplm94
galexsandrovich8t,galexsandrovich8t@surveymonkey.com,Ginnifer,Alexsandrovich,yidicj63
ssappson8u,ssappson8u@pinterest.com,Shantee,Sappson,wkmoqt81
cbolding8v,cbolding8v@simplemachines.org,Celinda,Bolding,kyaeph72
lmcaster8w,lmcaster8w@china.com.cn,Lennie,McAster,ehocru92
gbagehot8x,gbagehot8x@google.ru,Garry,Bagehot,ozmfwd31
cmoraleda8y,cmoraleda8y@ow.ly,Caz,Moraleda,nklmcc32
rcunniffe8z,rcunniffe8z@instagram.com,Rorke,Cunniffe,lwhets70
bgreger90,bgreger90@hp.com,Baryram,Greger,oxjcjd52
rdowner91,rdowner91@patch.com,Rahal,Downer,sdfeak22
jdrewett92,jdrewett92@surveymonkey.com,Jonell,Drewett,sewjqb65
istading93,istading93@google.com,Irvin,Stading,cggdhn28
rdefau94,rdefau94@joomla.org,Reginauld,Defau,ohdpaq19
tphillins95,tphillins95@omniture.com,Todd,Phillins,bbglkd57
gneasam96,gneasam96@wisc.edu,Gannie,Neasam,fcchcs17
rambrozik97,rambrozik97@state.tx.us,Ralf,Ambrozik,qrdobi61
tgolborn98,tgolborn98@weebly.com,Trenton,Golborn,gcirra26
ccrusham99,ccrusham99@cam.ac.uk,Clarie,Crusham,sulywh65
atoe9a,atoe9a@moonfruit.com,Agnesse,Toe,psozvu89
gcrates9b,gcrates9b@wisc.edu,Ginger,Crates,mosnoh60
ktuttle9c,ktuttle9c@gov.uk,Kamillah,Tuttle,oiqgyr04
pdunnan9d,pdunnan9d@hhs.gov,Pauly,Dunnan,awvuaq03
nrope9e,nrope9e@pbs.org,Nil,Rope,pkpzez41
gvarfolomeev9f,gvarfolomeev9f@berkeley.edu,Gannie,Varfolomeev,xqkitk03
iturn9g,iturn9g@posterous.com,Irv,Turn,zxruas57
csnel9h,csnel9h@histats.com,Cristie,Snel,ytjwru63
tclynmans9i,tclynmans9i@dion.ne.jp,Tedda,Clynmans,izlquu13
cguidoni9j,cguidoni9j@ftc.gov,Cherie,Guidoni,naxees01
jaccomb9k,jaccomb9k@jugem.jp,Janice,Accomb,xndcmq85
klurner9l,klurner9l@pcworld.com,Katalin,Lurner,sazbmo98
hjefferd9m,hjefferd9m@cafepress.com,Haskel,Jefferd,xzmmrx47
shoggan9n,shoggan9n@myspace.com,Sheelah,Hoggan,mbydax58
dgocher9o,dgocher9o@arizona.edu,Dudley,Gocher,rjhcoo13
jgresswood9p,jgresswood9p@washingtonpost.com,Josy,Gresswood,dvnghy49
atinto9q,atinto9q@google.fr,April,Tinto,uplktm46
wgirdwood9r,wgirdwood9r@cpanel.net,Winnie,Girdwood,verjsk67
tdaviot9s,tdaviot9s@google.pl,Timmie,Daviot,hguzzy88
cyurinov9t,cyurinov9t@google.com.hk,Cletus,Yurinov,caiwlj81
battarge9u,battarge9u@ihg.com,Belia,Attarge,inagym81
mdavison9v,mdavison9v@washingtonpost.com,Madlin,Davison,duetmu27
tscrinage9w,tscrinage9w@yellowbook.com,Tracee,Scrinage,hnmndu72
aslaght9x,aslaght9x@nytimes.com,Avis,Slaght,pockvh82
sackland9y,sackland9y@live.com,Shirleen,Ackland,vjjwfh96
mfiggess9z,mfiggess9z@google.com.au,Mable,Figgess,fgbgfm16
jjordina0,jjordina0@drupal.org,Jermain,Jordin,xftzpb92
lmaccarlicha1,lmaccarlicha1@youtu.be,Leia,MacCarlich,zhlqdo22
pcheasmana2,pcheasmana2@fastcompany.com,Pamelina,Cheasman,gwowhu69
zbasona3,zbasona3@apple.com,Zorine,Bason,qeovio10
lsattina4,lsattina4@shutterfly.com,Leoline,Sattin,kkqxqq35
kmaruszewskia5,kmaruszewskia5@yahoo.co.jp,Kizzie,Maruszewski,zmmunu97
aeykelboscha6,aeykelboscha6@narod.ru,Amelina,Eykelbosch,xklrto58
aflecknessa7,aflecknessa7@pcworld.com,Ardith,Fleckness,frojoy76
pgreensitta8,pgreensitta8@ebay.com,Petra,Greensitt,lgqsdq47
sthinga9,sthinga9@imdb.com,Sissy,Thing,blfppp13
ateeceaa,ateeceaa@mlb.com,Anderson,Teece,fqgrgi73
mwallachab,mwallachab@cmu.edu,Madella,Wallach,urkmoc17
kfountainac,kfountainac@umn.edu,Karyl,Fountain,fzuofb61
afaheyad,afaheyad@usnews.com,Aviva,Fahey,xpegjc91
epoundsfordae,epoundsfordae@ca.gov,Eadith,Poundsford,nqtndo50
amcauliffeaf,amcauliffeaf@blinklist.com,Anders,McAuliffe,ltaqmi52
lkleeag,lkleeag@indiegogo.com,Lexie,Klee,xtoqbu26
cwhytockah,cwhytockah@oracle.com,Claude,Whytock,xlksdn09
mcroserai,mcroserai@geocities.jp,Marthena,Croser,fpvcjm63
rlecountaj,rlecountaj@comsenz.com,Reinald,Le - Count,qmecsc57
rmilnerak,rmilnerak@shinystat.com,Roda,Milner,yqnfaw19
cwalesbyal,cwalesbyal@slate.com,Clem,Walesby,ydjdhp89
kgraemeam,kgraemeam@amazonaws.com,Kathrine,Graeme,ycjhdn63
cmewburnan,cmewburnan@aol.com,Carissa,Mewburn,zhyhuu78
fcorainao,fcorainao@livejournal.com,Flora,Corain,ucvbeb79
eschachap,eschachap@meetup.com,Edie,Schach,abkxzz51
ehawkswoodaq,ehawkswoodaq@mapy.cz,Ellette,Hawkswood,helfya87
agebhardtar,agebhardtar@behance.net,Alisun,Gebhardt,jafzly61
rphilbrickas,rphilbrickas@webmd.com,Rianon,Philbrick,zwgiqn26
agligoraciat,agligoraciat@sciencedirect.com,Abba,Gligoraci,klvxto15
evandecasteleau,evandecasteleau@canalblog.com,Elianore,Van de Castele,iitgbd24
hrickwordav,hrickwordav@4shared.com,Hesther,Rickword,tcijoz12
rbodsworthaw,rbodsworthaw@abc.net.au,Rab,Bodsworth,prmwst63
dspradbrowax,dspradbrowax@bloomberg.com,Danya,Spradbrow,hymfgc26
kdundinay,kdundinay@surveymonkey.com,Kyla,Dundin,fpmgzb64
jfluitaz,jfluitaz@mozilla.com,Joni,Fluit,iurjft04
raujouanetb0,raujouanetb0@home.pl,Ritchie,Aujouanet,wcarue34
mcraydenb1,mcraydenb1@blinklist.com,Martina,Crayden,ldonid44
tspeeksb2,tspeeksb2@arizona.edu,Trumann,Speeks,iiwerz75
dissardb3,dissardb3@indiegogo.com,Demetri,Issard,duwktk97
acoltartb4,acoltartb4@gravatar.com,Arther,Coltart,iwakgq02
aclereb5,aclereb5@elpais.com,Aliza,Clere,mqtonm62
zsmitheb6,zsmitheb6@joomla.org,Zared,Smithe,vccnpp41
llanghorb7,llanghorb7@vk.com,Laural,Langhor,rwkrxe12
thairesnapeb8,thairesnapeb8@businessinsider.com,Tedie,Hairesnape,kesfgz41
twhitcherb9,twhitcherb9@tripadvisor.com,Tallie,Whitcher,lycbne66
rbaptieba,rbaptieba@arstechnica.com,Rois,Baptie,jhecwb20
afolletbb,afolletbb@ucla.edu,Aubert,Follet,znaapt50
nshorttbc,nshorttbc@gmpg.org,Natividad,Shortt,bjydjz44
efauschbd,efauschbd@patch.com,Ethyl,Fausch,utbacs17
gsymmersbe,gsymmersbe@unc.edu,Gertruda,Symmers,daqltf52
dlamckenbf,dlamckenbf@studiopress.com,Dorthea,Lamcken,kkvblr66
fdittybg,fdittybg@networksolutions.com,Fraze,Ditty,rwubpd40
nsandallbh,nsandallbh@hubpages.com,Nanete,Sandall,logdzf20
mmeekinsbi,mmeekinsbi@networksolutions.com,Marcus,Meekins,uwkjbv83
moscandallbj,moscandallbj@spiegel.de,Melva,O'Scandall,zjouji77
cgoodluckbk,cgoodluckbk@wsj.com,Catlee,Goodluck,roeies69
pblesingbl,pblesingbl@walmart.com,Pauline,Blesing,htzobc05
jcaddingbm,jcaddingbm@taobao.com,Jaquelin,Cadding,fnzxle43
kkubeckabn,kkubeckabn@reference.com,Karole,Kubecka,afbfep44
wdivesbo,wdivesbo@berkeley.edu,Wylie,Dives,utwpxn20
nmerigeaubp,nmerigeaubp@theglobeandmail.com,Nowell,Merigeau,zjuuoj92
gjacobssenbq,gjacobssenbq@cisco.com,Ginnifer,Jacobssen,djqdln33
fwoodroffebr,fwoodroffebr@auda.org.au,Fan,Woodroffe,blshsi56
klinkebs,klinkebs@squarespace.com,Katti,Linke,qwwukr42
drawlisonbt,drawlisonbt@hugedomains.com,Devlen,Rawlison,nxzayy47
eedgarsbu,eedgarsbu@toplist.cz,Etan,Edgars,ncauoz78
mseccombebv,mseccombebv@discuz.net,Marlon,Seccombe,dhewen01
fdevinebw,fdevinebw@dmoz.org,Fabe,Devine,nsgrlf21
zstivensbx,zstivensbx@github.com,Zita,Stivens,ganvsm60
nstigersby,nstigersby@google.nl,Noella,Stigers,vtiwbw66
jspelsburybz,jspelsburybz@va.gov,Jerrilee,Spelsbury,rrxfms06
ldinsalec0,ldinsalec0@fda.gov,Lisbeth,Dinsale,mugjwo52
pgarawayc1,pgarawayc1@rakuten.co.jp,Padraic,Garaway,psboqq66
dpryddenc2,dpryddenc2@discovery.com,Demetre,Prydden,xdvqhy08
apenddrethc3,apenddrethc3@about.me,Aundrea,Penddreth,erjyrq80
cshieldsc4,cshieldsc4@foxnews.com,Colman,Shields,oppgaz85
nlegenc5,nlegenc5@biblegateway.com,Nixie,Legen,ywgygy88
vtimsc6,vtimsc6@edublogs.org,Valeda,Tims,osmsyg34
slougheadc7,slougheadc7@networkadvertising.org,Salaidh,Loughead,absbzl19
dnewnhamc8,dnewnhamc8@adobe.com,Deborah,Newnham,byxenq24
bcoughlinc9,bcoughlinc9@japanpost.jp,Basia,Coughlin,brxysr76
efrancinoca,efrancinoca@google.pl,Elmore,Francino,olqllu28
cgosswellcb,cgosswellcb@4shared.com,Cornela,Gosswell,uknlxx56
bperkincc,bperkincc@usgs.gov,Bonnibelle,Perkin,hypauw46
torkneycd,torkneycd@rediff.com,Tami,Orkney,plxgat29
nmackerethce,nmackerethce@artisteer.com,Nickolaus,MacKereth,ppived83
gsalvagecf,gsalvagecf@wikia.com,Guilbert,Salvage,gmthfm17
lhuntingcg,lhuntingcg@yale.edu,Lucille,Hunting,jsnitr23
qoxboroughch,qoxboroughch@utexas.edu,Querida,Oxborough,skvvrn52
fmussingtonci,fmussingtonci@taobao.com,Fidel,Mussington,rjlsep59
ntalecj,ntalecj@census.gov,Netta,Tale,yexucz25
hdycheck,hdycheck@163.com,Hallsy,Dyche,bzqlrd55
pmaciacl,pmaciacl@buzzfeed.com,Paton,Macia,vfvzbg68
aofogartycm,aofogartycm@amazon.co.uk,Allyson,O'Fogarty,kabniz71
ewatkisscn,ewatkisscn@java.com,Ellie,Watkiss,fosdpf97
vaudreyco,vaudreyco@hugedomains.com,Vinni,Audrey,irysil68
sfarndellcp,sfarndellcp@apache.org,Sheena,Farndell,cpkktf23
whaightoncq,whaightoncq@prnewswire.com,Wilona,Haighton,dxcove14
dburndredcr,dburndredcr@quantcast.com,Diannne,Burndred,saqdjb70
kscowencs,kscowencs@wufoo.com,Krystalle,Scowen,stxtpr49
pcromettct,pcromettct@techcrunch.com,Paulie,Cromett,covkpd93
ebeckmanncu,ebeckmanncu@taobao.com,Elspeth,Beckmann,sfusyg10
tbricknallcv,tbricknallcv@instagram.com,Torrin,Bricknall,aqvoay08
tbingcw,tbingcw@barnesandnoble.com,Tad,Bing,triosk28
sgonzalvocx,sgonzalvocx@behance.net,Storm,Gonzalvo,obogkn81
sschindlercy,sschindlercy@webnode.com,Sigismundo,Schindler,ilsjoq47
jdundendalecz,jdundendalecz@themeforest.net,Jenni,Dundendale,kcuhre29
mspinkd0,mspinkd0@europa.eu,Madlin,Spink,qovxft80
gjirusekd1,gjirusekd1@clickbank.net,Graig,Jirusek,ivgmip64
ldeamd2,ldeamd2@e-recht24.de,Lemuel,Deam,qqmvsu14
dousbied3,dousbied3@hexun.com,Demetre,Ousbie,esxckt80
mglaisnerd4,mglaisnerd4@bizjournals.com,Myrah,Glaisner,aaarsw95
cmurdochd5,cmurdochd5@prnewswire.com,Collie,Murdoch,ngyxse01
cclellandd6,cclellandd6@etsy.com,Costa,Clelland,tkoqre88
eeasdond7,eeasdond7@feedburner.com,Eve,Easdon,eamdrf41
vlanchesterd8,vlanchesterd8@tinypic.com,Vin,Lanchester,vowhfc64
bwaelandd9,bwaelandd9@symantec.com,Beauregard,Waeland,nfgrso03
mjendrichda,mjendrichda@toplist.cz,Melany,Jendrich,fukevc60
apolycotedb,apolycotedb@timesonline.co.uk,Adrianne,Polycote,uzatfu21
fpointondc,fpointondc@posterous.com,Farica,Pointon,ripihh72
alobliedd,alobliedd@indiegogo.com,Andres,Loblie,uvfdec77
trickeardde,trickeardde@eventbrite.com,Tadio,Rickeard,bpjeky98
cianinottidf,cianinottidf@123-reg.co.uk,Chuck,Ianinotti,clozed26
rarbuckeldg,rarbuckeldg@usnews.com,Rebekkah,Arbuckel,xvzqwj17
lrubeedh,lrubeedh@hud.gov,Lockwood,Rubee,mlwfiu30
tdanielssondi,tdanielssondi@discovery.com,Thibaud,Danielsson,sqeyhe57
cblazeydj,cblazeydj@vistaprint.com,Cristina,Blazey,sybwgk19
jjoplindk,jjoplindk@opera.com,Jammie,Joplin,pdcqbo61
wdavydychevdl,wdavydychevdl@noaa.gov,Winona,Davydychev,xxsaet57
tpercydm,tpercydm@addtoany.com,Trip,Percy,kjrcui57
cwiggettdn,cwiggettdn@chicagotribune.com,Corabel,Wiggett,lbpqwt30
bcarverdo,bcarverdo@archive.org,Becca,Carver,kcswcz01
mchristmasdp,mchristmasdp@pcworld.com,Mercedes,Christmas,fdbzxn77
mbednalldq,mbednalldq@globo.com,Madeline,Bednall,ppalyo99
bwiffendr,bwiffendr@joomla.org,Baron,Wiffen,jaknsk23
sshackletonds,sshackletonds@php.net,Sapphira,Shackleton,anwmmf81
cwabydt,cwabydt@npr.org,Cal,Waby,fvsfsv97
fdescroixdu,fdescroixdu@cnn.com,Francois,Descroix,dzajjc38
cknowldendv,cknowldendv@yandex.ru,Curry,Knowlden,fgonpg87
ehouldindw,ehouldindw@adobe.com,Elias,Houldin,zpwcbf54
nolyhanedx,nolyhanedx@reverbnation.com,Nata,O'Lyhane,rjnxry24
tbalogundy,tbalogundy@studiopress.com,Terrye,Balogun,sqmsmj00
avanderveldedz,avanderveldedz@cloudflare.com,Allistir,Van der Velde,nrvdjk26
hmadille0,hmadille0@simplemachines.org,Happy,Madill,ioqfnn44
esabatinie1,esabatinie1@prlog.org,Ellwood,Sabatini,wuojez98
hhawese2,hhawese2@marketwatch.com,Hillier,Hawes,ukfdms16
jmarquesse3,jmarquesse3@epa.gov,Judye,Marquess,ctatlm36
rbradnicke4,rbradnicke4@bbb.org,Rodrigo,Bradnick,oyrkrx09
foliveirae5,foliveirae5@un.org,Felipa,Oliveira,autbdp55
jabbotte6,jabbotte6@4shared.com,Josephine,Abbott,pylllt08
jcarilloe7,jcarilloe7@deliciousdays.com,Jorry,Carillo,bwnywe44
cmccomishe8,cmccomishe8@cloudflare.com,Colver,McComish,ppvvjh47
tmacdonoughe9,tmacdonoughe9@liveinternet.ru,Teri,MacDonough,frlbxx59
jfahyea,jfahyea@soup.io,Johannah,Fahy,yhxfwf90
rmatushevitzeb,rmatushevitzeb@eepurl.com,Roselle,Matushevitz,zmqhdz61
nclowserec,nclowserec@shareasale.com,Ninnetta,Clowser,cgaolp73
saspinaled,saspinaled@ustream.tv,Sylvester,Aspinal,mmuyzj20
mfouchee,mfouchee@blogger.com,Marlee,Fouch,zqwnka21
kjenessef,kjenessef@nydailynews.com,Kylie,Jeness,meuguk00
rwainmaneg,rwainmaneg@woothemes.com,Randee,Wainman,nklsth01
mskelchereh,mskelchereh@woothemes.com,Moselle,Skelcher,eubhai39
asedenei,asedenei@freewebs.com,Adolf,Seden,zywqdh48
sgubbinsej,sgubbinsej@blogger.com,Sophey,Gubbins,qvcnwd15
fswaffordek,fswaffordek@weibo.com,Frannie,Swafford,adawdh43
brolleyel,brolleyel@prnewswire.com,Bruno,Rolley,qyznhe07
apaolottoem,apaolottoem@mlb.com,Alys,Paolotto,jfjzql14
aburehillen,aburehillen@ca.gov,Ashly,Burehill,zovgfq98
dbamburyeo,dbamburyeo@jimdo.com,Dorelle,Bambury,ivddgi81
nnoodsep,nnoodsep@apache.org,Neel,Noods,turgym72
sbeterisseq,sbeterisseq@surveymonkey.com,Sunshine,Beteriss,aptbvd09
valberter,valberter@eepurl.com,Vernor,Albert,wmnwpp67
vpetrollies,vpetrollies@blogspot.com,Verene,Petrolli,rkdhtd83
vhedgeet,vhedgeet@ucla.edu,Vasily,Hedge,rhugjk73
tharowereu,tharowereu@uol.com.br,Tammie,Harower,gzhhbd30
mclewesev,mclewesev@woothemes.com,Malinde,Clewes,qslmsf00
chalseyew,chalseyew@wsj.com,Charlene,Halsey,wzfumu61
egriffenex,egriffenex@wordpress.org,Eben,Griffen,utsizj92
hkellettey,hkellettey@seesaa.net,Haskell,Kellett,rwtviz53
ewhalleyez,ewhalleyez@tinypic.com,Ebenezer,Whalley,ymqtcm51
cremerf0,cremerf0@com.com,Caroline,Remer,ecxbxu08
mcoilsf1,mcoilsf1@va.gov,Marley,Coils,kvsfoz20
pyuryichevf2,pyuryichevf2@godaddy.com,Parker,Yuryichev,rcwtbt21
gsparrowef3,gsparrowef3@soup.io,Gerianna,Sparrowe,kxspnk66
eblaxterf4,eblaxterf4@gnu.org,Emmalyn,Blaxter,lcyrfp17
cleismanf5,cleismanf5@vinaora.com,Clio,Leisman,gepsiy80
fhughillf6,fhughillf6@ycombinator.com,Fulvia,Hughill,iujpog62
cdurdyf7,cdurdyf7@howstuffworks.com,Chick,Durdy,uewntr59
dgirdlestonef8,dgirdlestonef8@wix.com,Dionisio,Girdlestone,axbhnn87
dcahernyf9,dcahernyf9@e-recht24.de,Duffy,Caherny,nnhfcq08
msimeonovfa,msimeonovfa@prweb.com,Marcie,Simeonov,epdzvi91
tbautistefb,tbautistefb@cisco.com,Terrye,Bautiste,ldvqxu72
hionnidisfc,hionnidisfc@wired.com,Harry,Ionnidis,ksaquf79
afrenzlfd,afrenzlfd@amazonaws.com,Adolph,Frenzl,yhqcup07
cinderwickfe,cinderwickfe@wordpress.org,Cari,Inderwick,xsldcc87
emoraisff,emoraisff@usgs.gov,Edward,Morais,ggmsgh31
bunsteadfg,bunsteadfg@addtoany.com,Bil,Unstead,nmimyn75
mberzonfh,mberzonfh@soundcloud.com,Mikael,Berzon,alzqvb52
rcandlinfi,rcandlinfi@mac.com,Ruben,Candlin,bvtekd54
emcquorkellfj,emcquorkellfj@cbslocal.com,Etti,McQuorkell,noxwpk44
cwhettonfk,cwhettonfk@scientificamerican.com,Correy,Whetton,acwdxc80
jfuttyfl,jfuttyfl@com.com,Janessa,Futty,ajslbq63
lmcvickerfm,lmcvickerfm@drupal.org,Lonni,McVicker,lcpzym09
pguessfn,pguessfn@hexun.com,Paige,Guess,zuwgfs92
snafzigerfo,snafzigerfo@vimeo.com,Sabrina,Nafziger,wyxenp63
jforrefp,jforrefp@fc2.com,Joelly,Forre,mquswb41
lmackeegfq,lmackeegfq@ftc.gov,Laney,MacKeeg,deunde66
zshowlerfr,zshowlerfr@marketwatch.com,Zebulen,Showler,hwmoqy84
fmarfieldfs,fmarfieldfs@ox.ac.uk,Florella,Marfield,fipegq91
plabetft,plabetft@fotki.com,Pascal,Labet,snkybn36
mcashleyfu,mcashleyfu@e-recht24.de,Mickie,Cashley,hrmrxq77
mgiorgettifv,mgiorgettifv@digg.com,Michail,Giorgetti,odxvln63
macorsfw,macorsfw@blogs.com,Melisse,Acors,firbzr28
bblockwellfx,bblockwellfx@skyrock.com,Belinda,Blockwell,vqlome94
icottomfy,icottomfy@dyndns.org,Ingunna,Cottom,rtwllf26
dkinradefz,dkinradefz@taobao.com,Dory,Kinrade,scrmtj68
ydemezag0,ydemezag0@examiner.com,Yvette,Demeza,mekaqv46
mniemiecg1,mniemiecg1@tripadvisor.com,Mariejeanne,Niemiec,zkhhfz34
kburdiking2,kburdiking2@xrea.com,Kimmi,Burdikin,ihimhm64
gbontoftg3,gbontoftg3@typepad.com,Gael,Bontoft,rrmvyn88
aveelg4,aveelg4@weibo.com,Arlene,Veel,luxfog32
epingstong5,epingstong5@xinhuanet.com,Elvis,Pingston,dsfbep60
amansellg6,amansellg6@economist.com,Ailene,Mansell,bwpobo43
gvernazzag7,gvernazzag7@behance.net,Gifford,Vernazza,wqnklz82
vkiddsg8,vkiddsg8@webs.com,Vale,Kidds,sqhzvm56
lsergeang9,lsergeang9@intel.com,Leonerd,Sergean,nrspzu49
wgullimanga,wgullimanga@princeton.edu,Walton,Gulliman,ufvpjs80
mtregidgogb,mtregidgogb@quantcast.com,Merissa,Tregidgo,ibwfdo03
dbreengc,dbreengc@unesco.org,Devin,Breen,nobcxr12
dsearlgd,dsearlgd@cloudflare.com,Demetria,Searl,pagunr12
tnorthleyge,tnorthleyge@shinystat.com,Terza,Northley,kalqxy03
menrricogf,menrricogf@artisteer.com,Moll,Enrrico,qovaal53
jmuehlegg,jmuehlegg@earthlink.net,Jayme,Muehle,viixkw09
tblazdellgh,tblazdellgh@lycos.com,Thaine,Blazdell,ticlif13
acockaymegi,acockaymegi@bizjournals.com,Andriana,Cockayme,tlulpc80
tpucknellgj,tpucknellgj@nasa.gov,Teddy,Pucknell,dowwyf65
edikelingk,edikelingk@opera.com,Erhart,Dikelin,eccysl14
pwieldgl,pwieldgl@springer.com,Pollyanna,Wield,kcuerp66
cyanukgm,cyanukgm@nature.com,Carolus,Yanuk,jpbdbg99
thabeshawgn,thabeshawgn@illinois.edu,Theresina,Habeshaw,ifydhw93
eveljesgo,eveljesgo@shareasale.com,Eloisa,Veljes,qxoqif68
nhardistrygp,nhardistrygp@clickbank.net,Nichole,Hardistry,ahyjvx75
cvobesgq,cvobesgq@bloomberg.com,Cammie,Vobes,gbbieb52
dcrusegr,dcrusegr@infoseek.co.jp,Donnell,Cruse,cbrhzh29
koiseaugs,koiseaugs@google.com.br,Keriann,Oiseau,gxtysg79
wsuttillgt,wsuttillgt@cisco.com,Westleigh,Suttill,johlrr76
pfidilisgu,pfidilisgu@hp.com,Pat,Fidilis,hftuij70
nwolstencroftgv,nwolstencroftgv@whitehouse.gov,Nelli,Wolstencroft,xptrug94
gparkengw,gparkengw@angelfire.com,Grantley,Parken,lfyrnc35
hvarrengx,hvarrengx@ameblo.jp,Haroun,Varren,hrmwwi77
elyvongy,elyvongy@123-reg.co.uk,Eva,Lyvon,xpyxqr71
dmckeveneygz,dmckeveneygz@studiopress.com,Domini,McKeveney,xiwlhi01
shekh0,shekh0@gnu.org,Shamus,Hek,caozah67
mmarchanth1,mmarchanth1@list-manage.com,Mordy,Marchant,zbhgjq90
mharlockh2,mharlockh2@bloomberg.com,Melvin,Harlock,rfxxtw05
iblesingh3,iblesingh3@qq.com,Izaak,Blesing,mminjs49
sgecksh4,sgecksh4@simplemachines.org,Scotty,Gecks,wbbhmi50
kmarvelleyh5,kmarvelleyh5@ox.ac.uk,Korney,Marvelley,tylrcc92
tpinnh6,tpinnh6@dion.ne.jp,Tessy,Pinn,tyoxrw79
bmillingtonh7,bmillingtonh7@prnewswire.com,Billye,Millington,nwscsw29
lorthh8,lorthh8@163.com,Lacey,Orth,crfxhf46
rjolliffeh9,rjolliffeh9@illinois.edu,Rutherford,Jolliffe,kxxmfx73
bboysonha,bboysonha@uol.com.br,Brigitte,Boyson,cqumku52
atuffreyhb,atuffreyhb@4shared.com,Archy,Tuffrey,ztkrgf27
rwoodhamhc,rwoodhamhc@comcast.net,Rowen,Woodham,hltneb27
abenchhd,abenchhd@adobe.com,Abie,Bench,mbuova00
mkilminsterhe,mkilminsterhe@uiuc.edu,Morton,Kilminster,lpbstz49
zwrathmallhf,zwrathmallhf@multiply.com,Zeke,Wrathmall,xnhdik89
sspaulehg,sspaulehg@geocities.com,Sarena,Spaule,fnzcts11
hcarlissohh,hcarlissohh@spotify.com,Hiram,Carlisso,nsamum60
darpurhi,darpurhi@biblegateway.com,Delcine,Arpur,trldni08
bchetwyndhj,bchetwyndhj@sbwire.com,Bess,Chetwynd,hmcknx91
wskilletthk,wskilletthk@nydailynews.com,Wylie,Skillett,lmdsgj11
kcranefieldhl,kcranefieldhl@sourceforge.net,Kelwin,Cranefield,crzkna31
folwenhm,folwenhm@irs.gov,Frank,Olwen,xpgoem86
gvossgenhn,gvossgenhn@mashable.com,Glendon,Vossgen,dkjhta85
abilverstoneho,abilverstoneho@psu.edu,Ajay,Bilverstone,muzrrz41
awedmorehp,awedmorehp@archive.org,Ardelia,Wedmore.,wxapyq85
iflanneryhq,iflanneryhq@omniture.com,Isaac,Flannery,gqxpcj41
tcorhardhr,tcorhardhr@lycos.com,Toma,Corhard,gquohf19
msillhs,msillhs@bbb.org,Merrie,Sill,bhzgkr59
kmaharght,kmaharght@acquirethisname.com,Kevyn,Maharg,xtcohy67
etedorenkohu,etedorenkohu@prweb.com,Ebonee,Tedorenko,opdgai72
gkennanhv,gkennanhv@upenn.edu,Gale,Kennan,viqoli25
rterbruggehw,rterbruggehw@altervista.org,Rhett,Terbrugge,mffygy12
nbruffellhx,nbruffellhx@parallels.com,Northrop,Bruffell,zqduju22
hmorratthy,hmorratthy@123-reg.co.uk,Herman,Morratt,csdkgl88
sludlamhz,sludlamhz@skyrock.com,Staffard,Ludlam,gtybcp07
mhatchetti0,mhatchetti0@bluehost.com,Mireille,Hatchett,nfxrpv23
cmorgani1,cmorgani1@mozilla.org,Clemmy,Morgan,ucdvht95
jbetheli2,jbetheli2@scribd.com,Juliet,Bethel,fgwiit76
mfouchi3,mfouchi3@hugedomains.com,Marion,Fouch,imxzvq61
mhugei4,mhugei4@reference.com,Maximilien,Huge,pofxpd87
jmcmillami5,jmcmillami5@miitbeian.gov.cn,Jammie,McMillam,qwjbfw21
ccoulti6,ccoulti6@seesaa.net,Coleman,Coult,pukzuz12
jdoumerci7,jdoumerci7@tinypic.com,Jonell,Doumerc,vuosll24
fgoranovi8,fgoranovi8@marriott.com,Felita,Goranov,wwvzsf78
mvolkesi9,mvolkesi9@webnode.com,Marget,Volkes,cchnzj28
cvinauia,cvinauia@earthlink.net,Corty,Vinau,kqqpcv00
bupstellib,bupstellib@dot.gov,Bay,Upstell,eonooc03
mworksic,mworksic@go.com,Misti,Works,ajoytr85
agoodenid,agoodenid@un.org,Ana,Gooden,iunhqp11
jstapelsie,jstapelsie@usnews.com,Jennee,Stapels,eykeoi60
kscadeif,kscadeif@nydailynews.com,Karolina,Scade,yndptg75
rbickerstethig,rbickerstethig@bluehost.com,Rory,Bickersteth,lpkldn49
thalbertih,thalbertih@webs.com,Tildie,Halbert,aswrbm77
momearaii,momearaii@dailymotion.com,Meredithe,O'Meara,znlmlw24
kbachuraij,kbachuraij@reverbnation.com,Korry,Bachura,wwedvi61
adibartolomeoik,adibartolomeoik@guardian.co.uk,Archaimbaud,Di Bartolomeo,pttrms55
aketchil,aketchil@irs.gov,Angus,Ketch,vptzox93
mmadnerim,mmadnerim@nsw.gov.au,Margalit,Madner,nubqhj17
tcurgenvenin,tcurgenvenin@apple.com,Theda,Curgenven,zzloll93
scollicottio,scollicottio@tripod.com,Sapphira,Collicott,otunxt81
iguittip,iguittip@omniture.com,Ivory,Guitt,qdkfks84
ydomotoriq,ydomotoriq@ihg.com,Ysabel,Domotor,wpwzjg16
sploughwrightir,sploughwrightir@usa.gov,Shanon,Ploughwright,koubgw48
dkennerleyis,dkennerleyis@nymag.com,Daryl,Kennerley,akevta59
nchaulkit,nchaulkit@exblog.jp,Noach,Chaulk,kqbpjp33
rbatistelliiu,rbatistelliiu@nydailynews.com,Reeta,Batistelli,yvbuev45
ddomineciv,ddomineciv@github.io,Donal,Dominec,pvezyf19
segliseiw,segliseiw@weibo.com,Spike,Eglise,znewsf83
cfanthomix,cfanthomix@dailymail.co.uk,Carlota,Fanthom,uolnra79
jfranzoliniiy,jfranzoliniiy@baidu.com,Janenna,Franzolini,fryjfr12
felderbrantiz,felderbrantiz@google.com.au,Fred,Elderbrant,voyhgv20
pobraddenj0,pobraddenj0@aol.com,Philomena,O'Bradden,uynnbd76
mmulderj1,mmulderj1@about.com,Myrtie,Mulder,xmjsjc89
tmcfarlanj2,tmcfarlanj2@pinterest.com,Tadeas,McFarlan,frctay58
ncamamillj3,ncamamillj3@w3.org,Neddie,Camamill,ktthex58
ddebellj4,ddebellj4@wordpress.org,Don,De Bell,zxmkgh26
mrubinowitchj5,mrubinowitchj5@lulu.com,Margret,Rubinowitch,qxoxcv27
eolfertj6,eolfertj6@ning.com,Edgard,Olfert,xvvczt60
mgrigorioj7,mgrigorioj7@answers.com,Martha,Grigorio,ljjtzq76
tnequestj8,tnequestj8@soundcloud.com,Thia,Nequest,cfmtxo53
gginsiej9,gginsiej9@wp.com,Geordie,Ginsie,pftfiy61
pnundja,pnundja@blogger.com,Pammy,Nund,ewyyyw26
hwildsjb,hwildsjb@who.int,Harlen,Wilds,gjqndg16
sescalejc,sescalejc@nasa.gov,Steward,Escale,thonok29
mpardeyjd,mpardeyjd@netvibes.com,Maiga,Pardey,sgrcar57
srobeiroje,srobeiroje@chicagotribune.com,Seymour,Robeiro,qtgmfb71
gcattanachjf,gcattanachjf@so-net.ne.jp,Geordie,Cattanach,sliwgp71
vgeerjg,vgeerjg@nyu.edu,Vin,Geer,baolqw07
ghuckejh,ghuckejh@themeforest.net,Gregoor,Hucke,pqunxv53
vwickrathji,vwickrathji@mediafire.com,Verla,Wickrath,ygvgkl73
nmerringtonjj,nmerringtonjj@tumblr.com,Nanete,Merrington,cseufv49
cmurgatroydjk,cmurgatroydjk@yandex.ru,Callie,Murgatroyd,yinhmx50
lkuschekjl,lkuschekjl@blogspot.com,Louisa,Kuschek,auaase60
kvalentinjm,kvalentinjm@friendfeed.com,Kenna,Valentin,cijayn83
pwaythingjn,pwaythingjn@soundcloud.com,Paten,Waything,comneq87
ehambletonjo,ehambletonjo@google.com.hk,Ermanno,Hambleton,sbqakr62
cmablyjp,cmablyjp@nba.com,Carmina,Mably,pywuwb89
cskallsjq,cskallsjq@skype.com,Caterina,Skalls,wxanbd35
avasyaginjr,avasyaginjr@nba.com,Anett,Vasyagin,isjybs41
vlookerjs,vlookerjs@prnewswire.com,Vallie,Looker,jomytp46
rtreatjt,rtreatjt@google.com.hk,Ronalda,Treat,aafwnh34
scullinju,scullinju@stumbleupon.com,Storm,Cullin,vjqidw31
spaulatjv,spaulatjv@cpanel.net,Skippie,Paulat,crnjbs82
askoughjw,askoughjw@gizmodo.com,Abramo,Skough,eapciy92
nswanstonjx,nswanstonjx@nymag.com,Nikola,Swanston,kviywk08
lsircombejy,lsircombejy@is.gd,Lisetta,Sircombe,plyhar98
jokeeffejz,jokeeffejz@seesaa.net,Jobina,O'Keeffe,zspukl61
hleymank0,hleymank0@phoca.cz,Heinrik,Leyman,ozassk05
wtofaninik1,wtofaninik1@adobe.com,Werner,Tofanini,sikhib81
khuguetk2,khuguetk2@elpais.com,Kenon,Huguet,ibgjng63
gcrawforthk3,gcrawforthk3@princeton.edu,Glynda,Crawforth,beynaz33
tgligoracik4,tgligoracik4@dyndns.org,Tucker,Gligoraci,msrqkl82
dspenceleyk5,dspenceleyk5@usatoday.com,Deanna,Spenceley,bqxxiq39
aputtrellk6,aputtrellk6@newsvine.com,Ax,Puttrell,wroail04
mmethleyk7,mmethleyk7@paginegialle.it,Mirelle,Methley,xhkbpp84
tgoodounek8,tgoodounek8@myspace.com,Tiff,Goodoune,hstdvt70
ayearnek9,ayearnek9@weather.com,Aviva,Yearne,xppigu78
dcastelluzzika,dcastelluzzika@sina.com.cn,Doria,Castelluzzi,crhdho38
fcaberaskb,fcaberaskb@prlog.org,Fax,Caberas,ggwgsf77
cszantokc,cszantokc@pinterest.com,Cary,Szanto,odohkd20
kduckerkd,kduckerkd@imdb.com,Kareem,Ducker,haeqlg52
lcraceke,lcraceke@vistaprint.com,Lian,Crace,trsrzw03
epowdrellkf,epowdrellkf@vinaora.com,Effie,Powdrell,gbixny00
dmincikg,dmincikg@netscape.com,Desiree,Minci,aiivjp79
jnotokh,jnotokh@ifeng.com,Jamey,Noto,dfpnan72
lholburnki,lholburnki@vk.com,Lina,Holburn,fqgssr37
jstquentinkj,jstquentinkj@microsoft.com,Justine,St. Quentin,nhgabg66
sstannerskk,sstannerskk@google.com,Shandie,Stanners,ykbdrz50
mnaiseykl,mnaiseykl@uol.com.br,Morris,Naisey,nkoddy31
alangdonkm,alangdonkm@discuz.net,Almire,Langdon,qftllk18
gmarvelkn,gmarvelkn@parallels.com,Gale,Marvel,dknvaj04
dmoquinko,dmoquinko@printfriendly.com,Daphne,Moquin,ixojda36
fduquesnaykp,fduquesnaykp@phpbb.com,Frankie,Duquesnay,wwuuox36
mkilmartinkq,mkilmartinkq@cpanel.net,Madelle,Kilmartin,xtsglw65
jwylltkr,jwylltkr@yahoo.com,Johannes,Wyllt,djkebj68
nmingardiks,nmingardiks@china.com.cn,Nyssa,Mingardi,nirbku56
nlithgowkt,nlithgowkt@cafepress.com,Normy,Lithgow,shxell77
marmitku,marmitku@twitter.com,Margalit,Armit,uxowem46
jpashleykv,jpashleykv@geocities.jp,Jesus,Pashley,zkdkdv29
ahansfordkw,ahansfordkw@so-net.ne.jp,Allina,Hansford,rgadnq72
tcuminekx,tcuminekx@nih.gov,Teirtza,Cumine,ewpaol22
amoncreiffeky,amoncreiffeky@gov.uk,Arlin,Moncreiffe,iifrey96
ialveskz,ialveskz@bbb.org,Isabel,Alves,hnouzq75
wreayl0,wreayl0@imdb.com,Wolfy,Reay,wjwyxs36
schalonerl1,schalonerl1@hud.gov,Simmonds,Chaloner,fvdjuw02
dwingatel2,dwingatel2@cnet.com,Dana,Wingate,qnovsz48
mthomell3,mthomell3@sourceforge.net,Millie,Thomel,tvxvar72
tyeuletl4,tyeuletl4@nhs.uk,Trumann,Yeulet,uwflor44
wbossoml5,wbossoml5@usgs.gov,Wallie,Bossom,vdiuqk63
bcrossgrovel6,bcrossgrovel6@msu.edu,Basia,Crossgrove,zvpwza79
mheismanl7,mheismanl7@vistaprint.com,Maryjo,Heisman,zmjecw59
syesinovl8,syesinovl8@jugem.jp,Sosanna,Yesinov,hzflhr69
tworsalll9,tworsalll9@bloglines.com,Terri-jo,Worsall,zhkwko45
ppurselowla,ppurselowla@technorati.com,Pebrook,Purselow,rovefx05
dleisklb,dleisklb@hostgator.com,Damien,Leisk,dtiibk81
slangstonelc,slangstonelc@yelp.com,Sayres,Langstone,fgevpj25
epiperleyld,epiperleyld@ning.com,Earlie,Piperley,wrzels68
ccurlele,ccurlele@squarespace.com,Clemmie,Curle,zqebmk35
tdetoilelf,tdetoilelf@hhs.gov,Trista,Detoile,krzjwi57
lkettellg,lkettellg@about.com,Lauree,Kettel,ppbbaq24
mhabinlh,mhabinlh@1688.com,Mariele,Habin,olrpnu40
whogbenli,whogbenli@tmall.com,Waverley,Hogben,vsjmxs66
cmccluskeylj,cmccluskeylj@cyberchimps.com,Chev,McCluskey,vuudcn87
maucuttlk,maucuttlk@blogger.com,Myles,Aucutt,ercyvf94
msolowayll,msolowayll@webmd.com,Moina,Soloway,cvoiau12
kfowneslm,kfowneslm@ox.ac.uk,Kimmie,Fownes,kumhuy56
mlindln,mlindln@un.org,Mordecai,Lind,npgvai65
hgleaderlo,hgleaderlo@com.com,Henrietta,Gleader,wbmxqf38
mstutelylp,mstutelylp@theguardian.com,Melvin,Stutely,nukats22
ykillbylq,ykillbylq@pen.io,Ysabel,Killby,wmtonb79
gtubrittlr,gtubrittlr@springer.com,Gerry,Tubritt,hcqbpn01
tmustillls,tmustillls@w3.org,Thibaud,Mustill,mqyegs62
hloveridgelt,hloveridgelt@earthlink.net,Harlan,Loveridge,eajpuh88
kpatrisksonlu,kpatrisksonlu@thetimes.co.uk,Kaylee,Patriskson,olmamo99
vkohnertlv,vkohnertlv@studiopress.com,Violante,Kohnert,rdyela26
vcastagnerilw,vcastagnerilw@about.com,Valentine,Castagneri,wwiswu58
etomasicchiolx,etomasicchiolx@constantcontact.com,Emalee,Tomasicchio,sknygb42
ghadcockly,ghadcockly@marriott.com,Gwenore,Hadcock,frawqm28
stullettlz,stullettlz@cnbc.com,Sean,Tullett,cqkvag64
vrappportm0,vrappportm0@spotify.com,Vinita,Rappport,tgiafm55
bmaccookm1,bmaccookm1@tiny.cc,Bridget,MacCook,pnpvtm07
dbarklym2,dbarklym2@mtv.com,Dag,Barkly,rladgy81
vdugglebym3,vdugglebym3@so-net.ne.jp,Valentino,Duggleby,wzyrcl87
cbollandsm4,cbollandsm4@mozilla.org,Carie,Bollands,xbqxqz76
bvittetm5,bvittetm5@yahoo.co.jp,Brendin,Vittet,zmxhtn82
jlavarackm6,jlavarackm6@list-manage.com,Joseito,Lavarack,jhvcnh80
stwinboroughm7,stwinboroughm7@globo.com,Staffard,Twinborough,hmpkjc10
wbiermanm8,wbiermanm8@squarespace.com,Windham,Bierman,pcggvf75
meuesdenm9,meuesdenm9@t.co,Madison,Euesden,qbmgmj24
shutchensma,shutchensma@redcross.org,Sylas,Hutchens,yiyqpd31
lkarpychevmb,lkarpychevmb@statcounter.com,Luca,Karpychev,rklghw05
ktregeamc,ktregeamc@woothemes.com,Kellyann,Tregea,rngped33
hkerleymd,hkerleymd@admin.ch,Halie,Kerley,hyxoam45
nancliffme,nancliffme@ibm.com,Nat,Ancliff,gwntba19
nmcilhattonmf,nmcilhattonmf@ft.com,Nichole,McIlhatton,knapjg86
ttregenzamg,ttregenzamg@netlog.com,Terese,Tregenza,lnibns86
bfeasbymh,bfeasbymh@pcworld.com,Brooke,Feasby,uplmnm88
apalombimi,apalombimi@com.com,Ardyce,Palombi,eoxnjc80
ccarmenmj,ccarmenmj@forbes.com,Catriona,Carmen,illohw89
rlowtenmk,rlowtenmk@lycos.com,Roderic,Lowten,izyclo32
blongcasterml,blongcasterml@skyrock.com,Bari,Longcaster,esoojp36
npeasbymm,npeasbymm@drupal.org,Noella,Peasby,pjizfs56
yfennellymn,yfennellymn@rambler.ru,Yvette,Fennelly,cogmxb60
treacemo,treacemo@zimbio.com,Tedda,Reace,fvmcnf60
toflahertymp,toflahertymp@cocolog-nifty.com,Tedi,O' Flaherty,saxxkc24
mshurrocksmq,mshurrocksmq@wisc.edu,Marnie,Shurrocks,dqkpmw92
hbreachmr,hbreachmr@acquirethisname.com,Hoyt,Breach,nzolam96
aiannittims,aiannittims@paypal.com,Alanah,Iannitti,wptzcp21
jfleurymt,jfleurymt@cyberchimps.com,Joey,Fleury,vgyquu58
cmowlingmu,cmowlingmu@mapquest.com,Cheston,Mowling,aslxnl32
ndiggesmv,ndiggesmv@dyndns.org,Nappie,Digges,zogtgs12
zrylandmw,zrylandmw@netscape.com,Zachariah,Ryland,qtbgpv90
acousansmx,acousansmx@cbc.ca,Ardith,Cousans,jjfogt81
kwyldermy,kwyldermy@goo.ne.jp,Kingston,Wylder,kxrsav91
igoliglymz,igoliglymz@washingtonpost.com,Inessa,Goligly,ihoswb59
cfurmagen0,cfurmagen0@indiegogo.com,Caspar,Furmage,xajecc65
ssladern1,ssladern1@drupal.org,Stanley,Slader,bdbvfn03
mlinkn2,mlinkn2@reuters.com,Miguel,Link,pqelgq00
agrinvaln3,agrinvaln3@sitemeter.com,Alia,Grinval,mmvseo94
elavendern4,elavendern4@lycos.com,Emanuel,Lavender,kxmioe96
agraaln5,agraaln5@nifty.com,Amabel,Graal,tpknzf40
mbarnewillen6,mbarnewillen6@reuters.com,Mile,Barnewille,pxdgdr71
croizinn7,croizinn7@time.com,Chan,Roizin,qoapvd31
zkeyesn8,zkeyesn8@adobe.com,Zsa zsa,Keyes,yhfwvs40
chalksworthn9,chalksworthn9@topsy.com,Casar,Halksworth,euwtan51
gridderna,gridderna@google.pl,Gui,Ridder,oqyeba36
bdukernb,bdukernb@unicef.org,Butch,Duker,dgmzuc24
nbusfieldnc,nbusfieldnc@ycombinator.com,Nollie,Busfield,crbgeg35
mdyettnd,mdyettnd@independent.co.uk,Margery,Dyett,jqrzqk81
agriffene,agriffene@ehow.com,Ashla,Griffe,wrsmgt84
dcraddynf,dcraddynf@issuu.com,Dannie,Craddy,yeoxfi39
rsandyfordng,rsandyfordng@odnoklassniki.ru,Rhys,Sandyford,qathht23
ljuggingsnh,ljuggingsnh@wisc.edu,Ladonna,Juggings,iiuhql28
rjuraszni,rjuraszni@archive.org,Robinson,Jurasz,iqhjzd93
sgoodlattnj,sgoodlattnj@technorati.com,Schuyler,Goodlatt,icmamo20
hcrathornenk,hcrathornenk@ebay.co.uk,Hayward,Crathorne,yiuixw00
wdeferrarinl,wdeferrarinl@wisc.edu,Wolfy,De Ferrari,xmaxve47
dvintonnm,dvintonnm@businessweek.com,Delphinia,Vinton,aggonu36
xchrystalnn,xchrystalnn@indiegogo.com,Xever,Chrystal,mubzxn22
wtessierno,wtessierno@woothemes.com,Wally,Tessier,jpxucu50
eschimanknp,eschimanknp@bloglovin.com,Emogene,Schimank,zuzazf46
mdungaynq,mdungaynq@marketwatch.com,Mickey,Dungay,iyuomp68
rdrabblenr,rdrabblenr@blog.com,Richy,Drabble,nyznvg82
mhuggettns,mhuggettns@whitehouse.gov,Molly,Huggett,kjzluu00
rbyrnesnt,rbyrnesnt@nasa.gov,Rae,Byrnes,ovjyzt73
dgrimshawnu,dgrimshawnu@accuweather.com,Darci,Grimshaw,lfcyxs05
sdykinsnv,sdykinsnv@auda.org.au,Shena,Dykins,igmlvr08
hsutterfieldnw,hsutterfieldnw@sourceforge.net,Herbert,Sutterfield,rgrphn50
mgrayshonnx,mgrayshonnx@abc.net.au,Matias,Grayshon,jmgzdu29
fjolleyny,fjolleyny@sciencedaily.com,Fraze,Jolley,nezqxx13
rjurgennz,rjurgennz@barnesandnoble.com,Rey,Jurgen,ccxfro23
aturberno0,aturberno0@barnesandnoble.com,Anabal,Turbern,qdorzp19
ibircho1,ibircho1@state.gov,Iorgos,Birch,diqfad78
fkitto2,fkitto2@umn.edu,Feodora,Kitt,jliebs49
bzanettoo3,bzanettoo3@godaddy.com,Broderic,Zanetto,itsqrx99
cmiqueleto4,cmiqueleto4@wunderground.com,Caspar,Miquelet,hxinwu50
mbelchamo5,mbelchamo5@businessinsider.com,Marianne,Belcham,zkihuq35
lsteinero6,lsteinero6@walmart.com,Lindsey,Steiner,itqxpr02
qpanaso7,qpanaso7@mac.com,Quinta,Panas,ayzvol34
hguttridgeo8,hguttridgeo8@amazon.de,Hortensia,Guttridge,qkcrzl02
abrazuro9,abrazuro9@businesswire.com,Allayne,Brazur,gbqmms85
sorrahoa,sorrahoa@nyu.edu,Sax,Orrah,ghcawa32
ecathelob,ecathelob@latimes.com,Emery,Cathel,ndmhic03
egrimleyoc,egrimleyoc@prweb.com,Easter,Grimley,xsmont91
mhaskinsod,mhaskinsod@springer.com,Meryl,Haskins,egwake53
aonoulaneoe,aonoulaneoe@blinklist.com,Anette,O'Noulane,lahlzm33
sgrandissonof,sgrandissonof@mozilla.com,Steffie,Grandisson,dygbdx87
tlawesog,tlawesog@yandex.ru,Tildie,Lawes,axtadn55
fthundermanoh,fthundermanoh@netvibes.com,Florry,Thunderman,zmjiis72
lnucatoroi,lnucatoroi@wunderground.com,Leda,Nucator,ybjpip93
fclooneyoj,fclooneyoj@cbslocal.com,Florencia,Clooney,hjjkpl65
lcowpeok,lcowpeok@walmart.com,Lexy,Cowpe,xylfqn92
ereanyol,ereanyol@icq.com,Elva,Reany,dlpkip76
jscardifeildom,jscardifeildom@plala.or.jp,Joye,Scardifeild,libcvh07
amcnernon,amcnernon@wikipedia.org,Aleda,McNern,ufzarm09
mwillowayoo,mwillowayoo@clickbank.net,Modestine,Willoway,edbbka18
fambrogelliop,fambrogelliop@lulu.com,Fern,Ambrogelli,ijsocw22
fcordeauoq,fcordeauoq@fc2.com,Felicle,Cordeau,zslipf68
mdensumbeor,mdensumbeor@xing.com,Marwin,Densumbe,erbbdg43
sgodonos,sgodonos@newyorker.com,Stevena,Godon,utpapa03
ehamiltonot,ehamiltonot@cornell.edu,Emmeline,Hamilton,cxxhrs88
rmeachemou,rmeachemou@admin.ch,Ruy,Meachem,hoeeie42
tgorbellov,tgorbellov@yolasite.com,Tracy,Gorbell,gycgvo16
ciresonow,ciresonow@gravatar.com,Ced,Ireson,aciwlk45
svenmoreox,svenmoreox@google.com,Shurwood,Venmore,jjwykh86
kbonehilloy,kbonehilloy@naver.com,Kessiah,Bonehill,vtswmh86
gbahlmannoz,gbahlmannoz@chronoengine.com,Goldie,Bahlmann,dlrzmi36
ccharlesworthp0,ccharlesworthp0@mediafire.com,Cathryn,Charlesworth,vlkgpi37
aleversonp1,aleversonp1@thetimes.co.uk,Aurel,Leverson,teifnb32
kmallonp2,kmallonp2@oracle.com,Kimberly,Mallon,ktawra55
bcoldbathp3,bcoldbathp3@51.la,Barron,Coldbath,sqwnik44
ctarttp4,ctarttp4@about.me,Cindelyn,Tartt,rnwtbv74
apeachp5,apeachp5@foxnews.com,Anneliese,Peach,uhqecq08
azettoip6,azettoip6@wiley.com,Alic,Zettoi,hjqulz97
mgheorghep7,mgheorghep7@youku.com,Mitchell,Gheorghe,rdfyzo26
mpinorp8,mpinorp8@mysql.com,Melina,Pinor,hpncid53
ftylerp9,ftylerp9@who.int,Florance,Tyler,ojqvqq73
hstockfordpa,hstockfordpa@virginia.edu,Herbert,Stockford,auswtx21
atallentpb,atallentpb@oracle.com,Alyss,Tallent,xtlwnm48
ccamingspc,ccamingspc@fastcompany.com,Carey,Camings,ryskbc50
nivashintsovpd,nivashintsovpd@wufoo.com,Nathanael,Ivashintsov,mctyig23
bkundertpe,bkundertpe@linkedin.com,Borden,Kundert,duvyhr01
cnortunenpf,cnortunenpf@scientificamerican.com,Court,Nortunen,mhnwyi42
aleclairepg,aleclairepg@springer.com,Abdul,Le Claire,twnbgd27
cfilbyph,cfilbyph@newyorker.com,Christin,Filby,vafcki14
dschulzepi,dschulzepi@virginia.edu,Delainey,Schulze,mpynwn89
tvandenhofpj,tvandenhofpj@narod.ru,Trista,Van den Hof,xdjiaz07
estooppk,estooppk@google.ca,Erv,Stoop,cvksdz79
jaikettpl,jaikettpl@patch.com,Jean,Aikett,kfiipn71
llystpm,llystpm@ucoz.ru,Laurette,Lyst,doayxt80
wfaggepn,wfaggepn@miibeian.gov.cn,Whit,Fagge,lqwbdm23
alaughtissepo,alaughtissepo@google.com,Alika,Laughtisse,vwgybp63
jvaleripp,jvaleripp@addtoany.com,Julieta,Valeri,efagkw89
dcattellpq,dcattellpq@paypal.com,Darryl,Cattell,xrxffk66
ksouzapr,ksouzapr@hostgator.com,Kermie,Souza,zgsunu29
ldikeps,ldikeps@ow.ly,Liv,Dike,xcdoej68
aburfootpt,aburfootpt@msn.com,Aguste,Burfoot,mpdkzs24
sadnetpu,sadnetpu@reference.com,Steffen,Adnet,matlsb80
ibazekpv,ibazekpv@cornell.edu,Ibrahim,Bazek,fpfadf27
sdelbouxpw,sdelbouxpw@dailymotion.com,Stefan,d' Elboux,afknbg95
rhowbrookpx,rhowbrookpx@mapy.cz,Rockey,Howbrook,ffgzhf65
skittlepy,skittlepy@oaic.gov.au,Selig,Kittle,mzaeyu73
asielypz,asielypz@imgur.com,Audry,Siely,rdgrin15
qyushachkovq0,qyushachkovq0@cafepress.com,Querida,Yushachkov,xfcgeh36
bmeechq1,bmeechq1@spotify.com,Bertie,Meech,rodqfs48
mfrankiewiczq2,mfrankiewiczq2@last.fm,Marylynne,Frankiewicz,lskyww42
achantillonq3,achantillonq3@epa.gov,Aggi,Chantillon,cxgmac43
mbeginq4,mbeginq4@squidoo.com,Mikol,Begin,hrqpug82
mgrievsonq5,mgrievsonq5@latimes.com,Milo,Grievson,hdodhy75
tandrejevicq6,tandrejevicq6@yellowbook.com,Tito,Andrejevic,sdexzx22
ghaconq7,ghaconq7@blogspot.com,Goddart,Hacon,ichkfh76
byurikovq8,byurikovq8@blogger.com,Blinny,Yurikov,lpcnik49
wscoggansq9,wscoggansq9@nba.com,Wernher,Scoggans,hnqiwk59
bfalkqa,bfalkqa@biblegateway.com,Bennett,Falk,vxemfk38
mcrantonqb,mcrantonqb@cafepress.com,Malina,Cranton,rsmzjx07
ddufourqc,ddufourqc@yolasite.com,Danit,Dufour,hpzegr31
hspitellqd,hspitellqd@cnet.com,Hogan,Spitell,hkbakn60
cbleythinqe,cbleythinqe@theglobeandmail.com,Carol,Bleythin,imkhld93
ginnwoodqf,ginnwoodqf@sciencedaily.com,Gareth,Innwood,zphwfh07
dendonqg,dendonqg@google.co.jp,Dione,Endon,wzclsc79
mexeterqh,mexeterqh@cbsnews.com,Marven,Exeter,jbsjsp23
akamienskiqi,akamienskiqi@blog.com,Alfredo,Kamienski,vggigl16
pmutterqj,pmutterqj@a8.net,Pietrek,Mutter,sqwapb38
ckunkelqk,ckunkelqk@tmall.com,Connor,Kunkel,lsswqd99
alotteql,alotteql@nyu.edu,Adelind,Lotte,tbkbuw17
bnialsqm,bnialsqm@dyndns.org,Berny,Nials,nmylan47
clindupqn,clindupqn@blogspot.com,Claiborne,Lindup,eriqsl48
vsothcottqo,vsothcottqo@hc360.com,Vincenty,Sothcott,bwftom73
araimbauldqp,araimbauldqp@timesonline.co.uk,Angelita,Raimbauld,hwowdv09
gthirwellqq,gthirwellqq@howstuffworks.com,Glyn,Thirwell,zpgkvm93
mmactavishqr,mmactavishqr@wikia.com,Margalo,MacTavish,zepowe94
ymccloughenqs,ymccloughenqs@eventbrite.com,Yurik,McCloughen,demioa01
rspinasqt,rspinasqt@ebay.co.uk,Rheba,Spinas,ojlcib57
pwysequ,pwysequ@jugem.jp,Petronilla,Wyse,keskta33
ibenamqv,ibenamqv@amazon.de,Isak,Benam,sapnvl80
achismanqw,achismanqw@yolasite.com,Ailey,Chisman,yhlcrr47
cmorpethqx,cmorpethqx@businesswire.com,Carola,Morpeth,pddaxx48
mfurmedgeqy,mfurmedgeqy@studiopress.com,Mariejeanne,Furmedge,avklwu53
cquarlisqz,cquarlisqz@apache.org,Camila,Quarlis,wjrcjh75
bmastersonr0,bmastersonr0@ucla.edu,Brandice,Masterson,toqscb71
ayurmanovevr1,ayurmanovevr1@tinyurl.com,Alys,Yurmanovev,onmpro02
rbracegirdler2,rbracegirdler2@independent.co.uk,Rustin,Bracegirdle,crtite19
dgobolosr3,dgobolosr3@barnesandnoble.com,Dora,Gobolos,cajilw81
sdewingr4,sdewingr4@xrea.com,Skippie,Dewing,plsvxq30
zprescotr5,zprescotr5@symantec.com,Zared,Prescot,regwmc30
afarnishr6,afarnishr6@blinklist.com,Agretha,Farnish,joqusa96
mzannollir7,mzannollir7@wordpress.org,Mickey,Zannolli,kitnuw52
vmasarratr8,vmasarratr8@ocn.ne.jp,Valery,Masarrat,rhqdmf99
rstookesr9,rstookesr9@mapquest.com,Roddy,Stookes,lkxgen68
rgurgra,rgurgra@ameblo.jp,Robinson,Gurg,xesubz88
begglestonerb,begglestonerb@goo.ne.jp,Bamby,Egglestone,yuskgs76
jpietznerrc,jpietznerrc@altervista.org,Jock,Pietzner,maoglb65
aduligallrd,aduligallrd@psu.edu,Albie,Duligall,ghtmpq19
tlandrieure,tlandrieure@oakley.com,Tina,Landrieu,bmnkxj19
cmounceyrf,cmounceyrf@intel.com,Cele,Mouncey,csobcn69
vdanceyrg,vdanceyrg@photobucket.com,Vale,Dancey,ulnnaf29
dhovertrh,dhovertrh@businessinsider.com,Dilly,Hovert,wqdedv03
oellesri,oellesri@pagesperso-orange.fr,Odie,Elles,juchqt36
jhulkerj,jhulkerj@amazon.co.uk,Jaquenette,Hulke,mzpaxi61
schildesrk,schildesrk@opensource.org,Susanne,Childes,qxjtyi99
gbuxamrl,gbuxamrl@cyberchimps.com,Gilligan,Buxam,fxgorg30
ldeandisierm,ldeandisierm@youtube.com,Lou,De Andisie,fasehv66
rminihanrn,rminihanrn@si.edu,Robbin,Minihan,paudfl87
shugeninro,shugeninro@indiegogo.com,Selle,Hugenin,eaaqjt18
jharwoodrp,jharwoodrp@geocities.com,Jenni,Harwood,bifsry30
lforesrq,lforesrq@youku.com,Luz,Fores,eaknku95
pconfortrr,pconfortrr@europa.eu,Patrizia,Confort,ulxrsh10
