username,email,firstname,lastname,password
esporner0,esporner0@github.com,Erin,Sporner,oxqgxo11
kgreensall1,kgreensall1@google.fr,Kennith,Greensall,faqsth84
bhaythornthwaite2,bhaythornthwaite2@ft.com,Bastian,Haythornthwaite,kuvmbp64
wburley3,wburley3@youtu.be,Wainwright,Burley,heszwn39
nvignal4,nvignal4@histats.com,Nora,Vignal,mohsgm86
chanscombe5,chanscombe5@taobao.com,Cedric,Hanscombe,jcuxdu10
mmcentegart6,mmcentegart6@linkedin.com,Maryrose,McEntegart,whdxsl31
ispread7,ispread7@jigsy.com,Ilka,Spread,okslnu92
ksteely8,ksteely8@google.nl,Kala,Steely,mmcxop52
seskriet9,seskriet9@irs.gov,Sheilakathryn,Eskriet,ivegvg25
cantcliffa,cantcliffa@comcast.net,Conni,Antcliff,dmqtsn77
cplakb,cplakb@fema.gov,Chariot,Plak,qwbcni94
hongec,hongec@google.fr,Harman,Onge,wcagmw68
srodged,srodged@wix.com,Sioux,Rodge,kpvkah97
dgilbanee,dgilbanee@house.gov,Donnajean,Gilbane,roybjp17
abrewettf,abrewettf@bloglines.com,Augustus,Brewett,iixlzx64
omacranaldg,omacranaldg@scribd.com,Ode,MacRanald,bbixpa51
tbaudineth,tbaudineth@myspace.com,Thain,Baudinet,soxhjl68
lplanei,lplanei@wikimedia.org,Lenee,Plane,cirrwz77
ypaulingj,ypaulingj@typepad.com,Yul,Pauling,boygos88
mcurdk,mcurdk@thetimes.co.uk,Mordy,Curd,nkiolx13
ldambrosil,ldambrosil@usgs.gov,Lorry,D'Ambrosi,gofapl82
dbowhaym,dbowhaym@cdbaby.com,Dilan,Bowhay,srhgmr50
mchmieln,mchmieln@hugedomains.com,Mahalia,Chmiel,guvfax90
nrauo,nrauo@mac.com,Novelia,Rau,otadik90
atynemouthp,atynemouthp@simplemachines.org,Alastair,Tynemouth,bkrkob29
tbriddenq,tbriddenq@digg.com,Teirtza,Bridden,opabhy58
aillingsworthr,aillingsworthr@weather.com,Ax,Illingsworth,mlvknj90
kkynstons,kkynstons@latimes.com,Kamila,Kynston,hikmvj58
ekimmincet,ekimmincet@adobe.com,Erhard,Kimmince,jiixxe32
vpiggotu,vpiggotu@oaic.gov.au,Verne,Piggot,aoaylk58
jclemmenv,jclemmenv@posterous.com,Jeannette,Clemmen,tkofvy92
jvieyraw,jvieyraw@simplemachines.org,Jolynn,Vieyra,hjzxks04
livisonx,livisonx@unc.edu,Leona,Ivison,qcifii40
cstannetty,cstannetty@tumblr.com,Clarinda,Stannett,ivgwiy05
sstallanz,sstallanz@mediafire.com,Stearn,Stallan,osarww53
arobb10,arobb10@a8.net,Annmarie,Robb,ovdagz54
pdomleo11,pdomleo11@amazon.de,Pembroke,Domleo,waedpc41
amenary12,amenary12@wufoo.com,Agretha,Menary,ritsfy52
gheinschke13,gheinschke13@tuttocitta.it,Gal,Heinschke,cqixle70
kfee14,kfee14@mac.com,Karole,Fee,kfyese88
kjarrad15,kjarrad15@reddit.com,Kariotta,Jarrad,jotktw57
lmacfadzan16,lmacfadzan16@mlb.com,Lilly,MacFadzan,ybbezk96
npessel17,npessel17@myspace.com,Nariko,Pessel,wzlxat97
dedridge18,dedridge18@geocities.com,Dreddy,Edridge,xkszvw17
rmattityahou19,rmattityahou19@slate.com,Reggy,Mattityahou,cyjzey80
upettwood1a,upettwood1a@jigsy.com,Ulrikaumeko,Pettwood,vffkvd99
djentgens1b,djentgens1b@blogtalkradio.com,Dave,Jentgens,zhikav60
hfonquernie1c,hfonquernie1c@ucoz.ru,Hermann,Fonquernie,wuxnyw64
hlabbet1d,hlabbet1d@hubpages.com,Henrik,Labbet,sukfck65
mchoat1e,mchoat1e@bigcartel.com,Marion,Choat,lmwzzw05
ahurley1f,ahurley1f@admin.ch,Anestassia,Hurley,pgforl23
mgiorgetti1g,mgiorgetti1g@booking.com,Mikaela,Giorgetti,qrvmmv72
mmaccraw1h,mmaccraw1h@google.com.hk,Melonie,Maccraw,nsxzxj19
rvuittet1i,rvuittet1i@forbes.com,Rois,Vuittet,wqdiml50
mshillan1j,mshillan1j@engadget.com,Margit,Shillan,omswvy73
abogaert1k,abogaert1k@aol.com,Artemus,Bogaert,edppfm68
sdefilippis1l,sdefilippis1l@shinystat.com,Spike,De Filippis,bxhgly30
pgillani1m,pgillani1m@aol.com,Putnam,Gillani,elqrki03
pslemming1n,pslemming1n@sakura.ne.jp,Pattie,Slemming,fltnwb56
ssellman1o,ssellman1o@photobucket.com,Sheelagh,Sellman,gaqaky30
lrucklesse1p,lrucklesse1p@harvard.edu,Latrena,Rucklesse,ahqrgg84
abisseker1q,abisseker1q@webeden.co.uk,Ancell,Bisseker,fdynwx73
hlougheed1r,hlougheed1r@msn.com,Hersch,Lougheed,kvoirw79
ahowat1s,ahowat1s@washington.edu,Averil,Howat,ncmfbe23
blebrun1t,blebrun1t@xing.com,Bobina,Lebrun,rknjyd51
wdrinkhill1u,wdrinkhill1u@sohu.com,Wylie,Drinkhill,nqiqbb07
emcgeffen1v,emcgeffen1v@g.co,Edan,McGeffen,wfhbdb85
gcaccavale1w,gcaccavale1w@creativecommons.org,Gillie,Caccavale,eanatp62
tjohanssen1x,tjohanssen1x@angelfire.com,Trevor,Johanssen,gjxiid97
alaudham1y,alaudham1y@4shared.com,Arlina,Laudham,inbiju43
oblachford1z,oblachford1z@statcounter.com,Ortensia,Blachford,dakzja10
aburree20,aburree20@ustream.tv,Analise,Burree,zvbang47
lswafford21,lswafford21@ftc.gov,Larina,Swafford,mmawvw27
omoro22,omoro22@tinyurl.com,Oliviero,Moro,jpvudj68
jmecco23,jmecco23@youtu.be,Jamima,Mecco,pjupqc66
ashearme24,ashearme24@cargocollective.com,Annadiana,Shearme,fxynvv95
hpaulich25,hpaulich25@engadget.com,Hamel,Paulich,yklccx47
abygrave26,abygrave26@twitpic.com,Austin,Bygrave,ffhnsq50
jdransfield27,jdransfield27@bigcartel.com,Jordan,Dransfield,ioagby42
mbaudichon28,mbaudichon28@pen.io,Malorie,Baudichon,xabrxv33
cfasham29,cfasham29@netvibes.com,Constance,Fasham,vpvfft98
mgrioli2a,mgrioli2a@fastcompany.com,Mellisent,Grioli,ypdewh88
aseabrocke2b,aseabrocke2b@goo.ne.jp,Alexandr,Seabrocke,kxvlme36
pcrimes2c,pcrimes2c@wordpress.com,Percival,Crimes,ahkdrn87
jsigne2d,jsigne2d@youtu.be,Joseph,Signe,mzcegi40
yconrad2e,yconrad2e@usa.gov,Yoko,Conrad,xneqta59
zmannin2f,zmannin2f@sun.com,Zilvia,Mannin,sxnvlx40
brichfield2g,brichfield2g@dot.gov,Becca,Richfield,kfphyh58
jkemmish2h,jkemmish2h@discuz.net,Jud,Kemmish,jytsbi96
rshurlock2i,rshurlock2i@nhs.uk,Rosalie,Shurlock,btxeby05
avisco2j,avisco2j@trellian.com,Abbye,Visco,lztiko32
hdewire2k,hdewire2k@pbs.org,Harcourt,Dewire,srtazq04
lovid2l,lovid2l@forbes.com,Lauritz,Ovid,jnhoth73
gcantera2m,gcantera2m@list-manage.com,Gillian,Cantera,idotoj62
jswyersexey2n,jswyersexey2n@washington.edu,Jedidiah,Swyer-Sexey,bicbhk29
lrhys2o,lrhys2o@com.com,Lion,Rhys,snxiwy51
jcaldecutt2p,jcaldecutt2p@nydailynews.com,Jarrad,Caldecutt,pvdsmi49
dlerego2q,dlerego2q@opensource.org,Donavon,Lerego,ijorfw69
bsighard2r,bsighard2r@un.org,Britt,Sighard,iqltkz42
jhylands2s,jhylands2s@stanford.edu,Joann,Hylands,sucvof84
ivooght2t,ivooght2t@gnu.org,Idalia,Vooght,neyonk04
smceachern2u,smceachern2u@fda.gov,Silvain,McEachern,pxhuid94
twimlet2v,twimlet2v@wufoo.com,Thibaut,Wimlet,ckykyx07
ezannelli2w,ezannelli2w@alexa.com,Earle,Zannelli,cvodby73
rdoone2x,rdoone2x@com.com,Roana,Doone,spuhof05
rboerderman2y,rboerderman2y@over-blog.com,Rita,Boerderman,veefug25
aeasson2z,aeasson2z@upenn.edu,Anallise,Easson,xlahch16
rmulleary30,rmulleary30@sciencedirect.com,Raf,Mulleary,kctpmf07
aphipps31,aphipps31@barnesandnoble.com,Adamo,Phipps,pyehrr15
hpawlaczyk32,hpawlaczyk32@ed.gov,Hendrick,Pawlaczyk,tlivre21
rghiotto33,rghiotto33@indiegogo.com,Reid,Ghiotto,nktywb15
warundell34,warundell34@nbcnews.com,Wyatt,Arundell,mmgngh10
echeson35,echeson35@aol.com,Emmett,Cheson,kvsxoh90
mburghall36,mburghall36@is.gd,Matthieu,Burghall,cvkban27
ncancellario37,ncancellario37@bluehost.com,Neill,Cancellario,skyese38
gziemsen38,gziemsen38@skyrock.com,Guthry,Ziemsen,fpkltr97
trylett39,trylett39@cornell.edu,Tabb,Rylett,gusnzz96
mgoodlake3a,mgoodlake3a@phpbb.com,Mick,Goodlake,cierjw79
nparvin3b,nparvin3b@reference.com,Nana,Parvin,rjjxdb20
jsemper3c,jsemper3c@aol.com,Janith,Semper,hxtske38
bhughf3d,bhughf3d@wordpress.org,Bondon,Hughf,lntbav42
rdinisco3e,rdinisco3e@topsy.com,Ruben,Di Nisco,cmsskq67
lcrunkhorn3f,lcrunkhorn3f@themeforest.net,Letizia,Crunkhorn,lqdmyn77
cpresnail3g,cpresnail3g@clickbank.net,Charles,Presnail,derlby61
adrews3h,adrews3h@narod.ru,Adeline,Drews,qnezny97
jfibbings3i,jfibbings3i@over-blog.com,Jennee,Fibbings,ochwtp71
pprevett3j,pprevett3j@reverbnation.com,Patsy,Prevett,yddfng87
gslowgrave3k,gslowgrave3k@dagondesign.com,Grissel,Slowgrave,ogqkih81
jdicken3l,jdicken3l@bizjournals.com,Josephine,Dicken,raoquh42
cbenley3m,cbenley3m@cafepress.com,Chic,Benley,afslun59
patthowe3n,patthowe3n@qq.com,Perrine,Atthowe,ckezhs23
imetzig3o,imetzig3o@oakley.com,Ilyse,Metzig,dlczmn62
hatterley3p,hatterley3p@wsj.com,Henderson,Atterley,uktewi71
dpersehouse3q,dpersehouse3q@harvard.edu,Darin,Persehouse,jmkpqk07
tmorewood3r,tmorewood3r@123-reg.co.uk,Towny,Morewood,acueid61
dmarchington3s,dmarchington3s@nhs.uk,Dalt,Marchington,vrgtfw27
cmuschette3t,cmuschette3t@rakuten.co.jp,Cassey,Muschette,qbmask89
bhenzer3u,bhenzer3u@eepurl.com,Brien,Henzer,mnvfhe62
gcopson3v,gcopson3v@geocities.jp,Guinevere,Copson,srkhwu97
kkirkhouse3w,kkirkhouse3w@businessweek.com,Kizzie,Kirkhouse,fvxmpc27
cbruinemann3x,cbruinemann3x@senate.gov,Carter,Bruinemann,doeteh13
mmaccumeskey3y,mmaccumeskey3y@smugmug.com,Marlie,MacCumeskey,wfooiy02
tfante3z,tfante3z@etsy.com,Travis,Fante,crquym18
kcrickmore40,kcrickmore40@a8.net,Kellina,Crickmore,knribq56
aaluard41,aaluard41@cargocollective.com,Abagael,Aluard,jgtmzr61
vmalinson42,vmalinson42@wordpress.com,Vitia,Malinson,ikuahx31
ccarlisle43,ccarlisle43@list-manage.com,Charmane,Carlisle,shppow91
bgoodreid44,bgoodreid44@opensource.org,Blair,Goodreid,gutmis23
smingauld45,smingauld45@nasa.gov,Stanislaus,Mingauld,rsjbqu52
inenci46,inenci46@unesco.org,Isidor,Nenci,umwwmq51
agidman47,agidman47@google.com,Abby,Gidman,pfugmd35
ehendrikse48,ehendrikse48@deliciousdays.com,Evered,Hendrikse,wlwikg32
dsiddens49,dsiddens49@meetup.com,Dalli,Siddens,lbtwhw01
jmullany4a,jmullany4a@sciencedaily.com,Jeremiah,Mullany,nubvun32
jtirkin4b,jtirkin4b@go.com,Janaya,Tirkin,laqtvu93
hoades4c,hoades4c@dropbox.com,Harman,Oades,lmbpux52
sbruhnke4d,sbruhnke4d@apache.org,Simonne,Bruhnke,tklhjy96
slinforth4e,slinforth4e@ca.gov,Susanna,Linforth,wikcva85
mscholfield4f,mscholfield4f@pinterest.com,Melitta,Scholfield,hvrpqb43
schisholme4g,schisholme4g@pinterest.com,Saundra,Chisholme,ryyxwn09
vkincaid4h,vkincaid4h@tiny.cc,Viola,Kincaid,ajicxq80
pwilloughway4i,pwilloughway4i@creativecommons.org,Paulita,Willoughway,kqiyhe24
adumbrell4j,adumbrell4j@hhs.gov,Alexa,Dumbrell,zomteu23
cmoynham4k,cmoynham4k@nationalgeographic.com,Carline,Moynham,qyepgw72
cbalsdon4l,cbalsdon4l@howstuffworks.com,Carney,Balsdon,ogoesi46
pdavet4m,pdavet4m@sina.com.cn,Perri,Davet,fhexul54
ntomaselli4n,ntomaselli4n@phoca.cz,Nanine,Tomaselli,ondted66
ddillet4o,ddillet4o@nifty.com,Doloritas,Dillet,yssuww59
mwitherdon4p,mwitherdon4p@miibeian.gov.cn,Milt,Witherdon,zjyyry23
bbungey4q,bbungey4q@scientificamerican.com,Benedicta,Bungey,xgokws54
kholtom4r,kholtom4r@php.net,Kit,Holtom,thbwzx75
bduthie4s,bduthie4s@wordpress.org,Barri,Duthie,ocguxr08
aglazzard4t,aglazzard4t@ca.gov,Aggie,Glazzard,cmlxct40
apaggitt4u,apaggitt4u@hexun.com,Agnese,Paggitt,biysts32
icolloby4v,icolloby4v@ameblo.jp,Ilaire,Colloby,oqzcfr07
lprobert4w,lprobert4w@nhs.uk,Lauryn,Probert,jarjpd96
acottham4x,acottham4x@cnbc.com,Al,Cottham,qetnse95
rbotterill4y,rbotterill4y@domainmarket.com,Rochester,Botterill,ydkvzf21
lblanchard4z,lblanchard4z@nih.gov,Lane,Blanchard,vokchg95
tbowlas50,tbowlas50@surveymonkey.com,Tiebold,Bowlas,eszzif33
jmctrustram51,jmctrustram51@statcounter.com,Jillian,McTrustram,yuztmk25
dhusbands52,dhusbands52@nytimes.com,Donn,Husbands,mevvww58
breany53,breany53@wikipedia.org,Brion,Reany,ngwita53
smayhou54,smayhou54@upenn.edu,Sebastien,Mayhou,lrysji13
lbethell55,lbethell55@businessweek.com,Lalo,Bethell,mvpwat37
speggram56,speggram56@ucoz.com,Seka,Peggram,lwfpot39
hleisk57,hleisk57@chicagotribune.com,Hilary,Leisk,mdyqef74
mbawcock58,mbawcock58@google.com.hk,Maggy,Bawcock,vdssnl97
smerrisson59,smerrisson59@multiply.com,Sayre,Merrisson,ayxsti41
acaudwell5a,acaudwell5a@wordpress.org,Afton,Caudwell,sfeqgr86
cmottram5b,cmottram5b@answers.com,Cly,Mottram,ziaydk70
mgalbraith5c,mgalbraith5c@ovh.net,Michele,Galbraith,aswztm46
rmcgrouther5d,rmcgrouther5d@fc2.com,Reilly,McGrouther,qwwssv86
bduffrie5e,bduffrie5e@baidu.com,Beckie,Duffrie,naebyu38
cwhyatt5f,cwhyatt5f@t-online.de,Clevey,Whyatt,dovjkq32
rrotchell5g,rrotchell5g@freewebs.com,Rosmunda,Rotchell,emijif95
bthormann5h,bthormann5h@smugmug.com,Bryant,Thormann,fqqiui55
rfairholme5i,rfairholme5i@mayoclinic.com,Rebekah,Fairholme,qdhgcg68
gchisnall5j,gchisnall5j@people.com.cn,Giustino,Chisnall,qnajbi08
cfosdick5k,cfosdick5k@sphinn.com,Clem,Fosdick,bwaxuw99
gkensington5l,gkensington5l@gmpg.org,Gerrilee,Kensington,hcbtvv47
ecatterell5m,ecatterell5m@aboutads.info,Eddie,Catterell,gwkyza35
bleaning5n,bleaning5n@vistaprint.com,Barbara,Leaning,iqigbj54
mcourtney5o,mcourtney5o@pbs.org,Maurie,Courtney,jtvhqv60
asayce5p,asayce5p@e-recht24.de,Alaric,Sayce,sbqdai37
shamstead5q,shamstead5q@over-blog.com,Shanan,Hamstead,xwyvwl54
zfinlayson5r,zfinlayson5r@google.ru,Zenia,Finlayson,vnielv14
ltrinbey5s,ltrinbey5s@yahoo.com,Loree,Trinbey,rxjvqh94
mferroni5t,mferroni5t@pbs.org,Marianne,Ferroni,wivgkt17
jgabites5u,jgabites5u@merriam-webster.com,Jennilee,Gabites,xydsww82
lstrutton5v,lstrutton5v@mysql.com,Linn,Strutton,bgozxu41
dfligg5w,dfligg5w@washington.edu,Daven,Fligg,pfgevo52
fderham5x,fderham5x@t.co,Florinda,Derham,mjnwcl46
uderricoat5y,uderricoat5y@cbc.ca,Ulrick,Derricoat,yooozj58
lhryskiewicz5z,lhryskiewicz5z@blogspot.com,Lida,Hryskiewicz,sxtqrx90
imankor60,imankor60@naver.com,Ilka,Mankor,paugfm45
achidler61,achidler61@opera.com,Aluin,Chidler,dcxjho64
mhillin62,mhillin62@mayoclinic.com,Mason,Hillin,bxkgoc34
amaycock63,amaycock63@unicef.org,Allie,Maycock,hiaywz56
daldine64,daldine64@webnode.com,Dana,Aldine,hqgovs67
amountstephen65,amountstephen65@tinypic.com,Aviva,Mountstephen,kgawiv14
ewarrack66,ewarrack66@fc2.com,Elvyn,Warrack,duzvkq81
ceagles67,ceagles67@thetimes.co.uk,Crosby,Eagles,wqvtux69
hlumbers68,hlumbers68@ovh.net,Hamlen,Lumbers,idscah30
cummfrey69,cummfrey69@ucsd.edu,Cathyleen,Ummfrey,vliscj59
fcaplin6a,fcaplin6a@reverbnation.com,Fay,Caplin,wttuhf99
mrutter6b,mrutter6b@baidu.com,Martguerita,Rutter,ravnte03
tdrewett6c,tdrewett6c@google.cn,Tisha,Drewett,agyvpj96
lastman6d,lastman6d@simplemachines.org,Lucie,Astman,swikvi11
jcoulling6e,jcoulling6e@indiegogo.com,Juditha,Coulling,duaybv76
kmarchand6f,kmarchand6f@amazon.de,Kayla,Marchand,rsqvjt63
lwroughton6g,lwroughton6g@issuu.com,Linn,Wroughton,bduzbk17
nklos6h,nklos6h@imgur.com,Nola,Klos,ifazww57
caldham6i,caldham6i@imgur.com,Cam,Aldham,doczcq59
vburnell6j,vburnell6j@squarespace.com,Vincenty,Burnell,dttjcq98
ggrugerr6k,ggrugerr6k@opera.com,Georgianne,Grugerr,pmyfdv60
paylin6l,paylin6l@phoca.cz,Paulina,Aylin,qqbwxo33
gtudball6m,gtudball6m@wikia.com,Geoffrey,Tudball,cazpwl10
cvlasin6n,cvlasin6n@clickbank.net,Corinna,Vlasin,wxctsb88
agenge6o,agenge6o@bluehost.com,Ashly,Genge,ximbev02
khugonnet6p,khugonnet6p@hao123.com,Kermit,Hugonnet,obsxcs80
hrichley6q,hrichley6q@youtu.be,Hugibert,Richley,gqgwgu38
pvasnetsov6r,pvasnetsov6r@bloglovin.com,Paulette,Vasnetsov,lqiopd45
jfernehough6s,jfernehough6s@com.com,Jeramey,Fernehough,weawib93
mgaggen6t,mgaggen6t@un.org,Melody,Gaggen,xwetfn89
tbowsher6u,tbowsher6u@mashable.com,Tailor,Bowsher,cyaueu35
awindebank6v,awindebank6v@businessinsider.com,Austin,Windebank,mtlnxa23
glessmare6w,glessmare6w@opensource.org,Gran,Lessmare,ibbtll89
ssewall6x,ssewall6x@networkadvertising.org,Sebastian,Sewall,lbyzlw30
hcahalin6y,hcahalin6y@odnoklassniki.ru,Hobey,Cahalin,ruynoy85
mblei6z,mblei6z@unesco.org,Myriam,Blei,jghoun19
klinnock70,klinnock70@un.org,Kylen,Linnock,tqxnsp00
mmacharg71,mmacharg71@amazonaws.com,Matteo,MacHarg,wsukla14
jweinmann72,jweinmann72@kickstarter.com,Jackson,Weinmann,lbftfj49
gtunmore73,gtunmore73@com.com,Guillemette,Tunmore,flondg31
hdurrant74,hdurrant74@google.ru,Hobard,Durrant,aesnsr27
acrawcour75,acrawcour75@omniture.com,Alaine,Crawcour,jckjol14
byurasov76,byurasov76@bigcartel.com,Brigid,Yurasov,esafcw81
bmcvane77,bmcvane77@yahoo.com,Beverley,McVane,eaokti14
lmatchell78,lmatchell78@pen.io,Lem,Matchell,qyfrrp13
nbrownsword79,nbrownsword79@linkedin.com,Noelle,Brownsword,buxhmr44
bblay7a,bblay7a@thetimes.co.uk,Billie,Blay,eroksi86
clinkie7b,clinkie7b@biglobe.ne.jp,Claudell,Linkie,hkmzsk52
csigsworth7c,csigsworth7c@google.es,Cindee,Sigsworth,ezfyeo39
tbyrde7d,tbyrde7d@samsung.com,Timi,Byrde,wperuf42
cbarnson7e,cbarnson7e@yahoo.co.jp,Craggie,Barnson,eywgzg30
hbrinsden7f,hbrinsden7f@slate.com,Hillery,Brinsden,bjiigw33
agrahamslaw7g,agrahamslaw7g@businessweek.com,Antonella,Grahamslaw,obffnk72
mjearum7h,mjearum7h@prweb.com,Milly,Jearum,vumxwy50
efellow7i,efellow7i@stumbleupon.com,Emmy,Fellow,gwjzuc45
cricoald7j,cricoald7j@posterous.com,Carmella,Ricoald,lxedkb83
ashearer7k,ashearer7k@dion.ne.jp,Ajay,Shearer,peenzs14
rrudledge7l,rrudledge7l@g.co,Rice,Rudledge,vjipvz23
jsiviter7m,jsiviter7m@house.gov,Joby,Siviter,yjowtt45
jbanner7n,jbanner7n@ycombinator.com,Jocelin,Banner,avphqb92
rekell7o,rekell7o@oakley.com,Robinet,Ekell,yugzzm72
odesaur7p,odesaur7p@huffingtonpost.com,Owen,Desaur,wassba29
fwackley7q,fwackley7q@unesco.org,Fred,Wackley,nzdbxl17
nyelden7r,nyelden7r@quantcast.com,Nananne,Yelden,qbrnyg67
eleighfield7s,eleighfield7s@feedburner.com,Eadmund,Leighfield,qcuefm32
lsymon7t,lsymon7t@state.gov,Leila,Symon,gpfgna90
smatusov7u,smatusov7u@phoca.cz,Shalna,Matusov,psvatq12
ebatts7v,ebatts7v@cornell.edu,Enos,Batts,nqhfrs20
rdarrigoe7w,rdarrigoe7w@t-online.de,Ramon,Darrigoe,bashme38
mmarsham7x,mmarsham7x@youku.com,Maryellen,Marsham,oegylg86
cbandy7y,cbandy7y@chicagotribune.com,Carol-jean,Bandy,brtfnk58
ethorowgood7z,ethorowgood7z@japanpost.jp,Etan,Thorowgood,qqgcnc62
ecompston80,ecompston80@elegantthemes.com,Elwin,Compston,unmlwu71
tbryett81,tbryett81@booking.com,Thorsten,Bryett,vuktsk70
eprobbing82,eprobbing82@dmoz.org,Elden,Probbing,dpqaow48
fick83,fick83@jugem.jp,Flossi,Ick,sruydd56
gcassam84,gcassam84@goo.gl,Gennie,Cassam,xpcyro42
kwarn85,kwarn85@guardian.co.uk,Kippie,Warn,sqhluj27
hbaverstock86,hbaverstock86@state.gov,Hailey,Baverstock,qyrcdn78
bnanuccioi87,bnanuccioi87@reference.com,Bernardina,Nanuccioi,spgksn91
rthomen88,rthomen88@mozilla.org,Russell,Thomen,zbsecc52
jmcgannon89,jmcgannon89@arstechnica.com,Jarred,McGannon,ipahqg77
idoveston8a,idoveston8a@themeforest.net,Isiahi,Doveston,thrjnh28
ktandy8b,ktandy8b@aol.com,Kettie,Tandy,hkcfwb14
sgemmill8c,sgemmill8c@shutterfly.com,Stephine,Gemmill,mmssep51
cdeathridge8d,cdeathridge8d@sitemeter.com,Cully,Deathridge,mdqnzp43
sstentiford8e,sstentiford8e@sourceforge.net,Sydney,Stentiford,kvazgp64
wallmann8f,wallmann8f@pinterest.com,Wynn,Allmann,nnowen01
eclinnick8g,eclinnick8g@flavors.me,Emelyne,Clinnick,fnoyvg28
swestern8h,swestern8h@bandcamp.com,Shepard,Western,kwddwt27
khowett8i,khowett8i@dailymotion.com,Kiele,Howett,avewvi02
jfranses8j,jfranses8j@senate.gov,Jere,Franses,etauap09
rscoular8k,rscoular8k@sfgate.com,Reidar,Scoular,wuexan61
dlebourn8l,dlebourn8l@hc360.com,Darcee,Lebourn,fciwis74
pwindrass8m,pwindrass8m@t.co,Petey,Windrass,nicxwb23
tokey8n,tokey8n@4shared.com,Tristan,Okey,jsznmt06
wpoveleye8o,wpoveleye8o@marriott.com,Waylen,Poveleye,dbedbl53
sgarmons8p,sgarmons8p@google.com,Susanetta,Garmons,avsrby10
jbomb8q,jbomb8q@flavors.me,Jordana,Bomb,hduyqx30
amoreton8r,amoreton8r@geocities.com,Agnese,Moreton,kcigjt08
hnutley8s,hnutley8s@4shared.com,Humfrid,Nutley,lkxhhi50
ehilling8t,ehilling8t@phpbb.com,Esme,Hilling,ldhfld79
tmccluin8u,tmccluin8u@boston.com,Tarrah,McCluin,tbgjas80
rcuell8v,rcuell8v@ihg.com,Ruth,Cuell,hkdnke66
abroadstock8w,abroadstock8w@goo.gl,Alden,Broadstock,rpstgg49
hkondratyuk8x,hkondratyuk8x@free.fr,Henderson,Kondratyuk,xkhxbe88
mcorderoy8y,mcorderoy8y@google.com,Mozes,Corderoy,zgjehy19
mcondit8z,mcondit8z@about.com,Matthaeus,Condit,bgyfcv83
lpape90,lpape90@yellowbook.com,Lynette,Pape,qorqtd90
echill91,echill91@php.net,Emmi,Chill,nzbqsj04
ckaubisch92,ckaubisch92@spiegel.de,Cam,Kaubisch,yoykkw02
wstolz93,wstolz93@jugem.jp,Waylin,Stolz,ersnuj77
civashkov94,civashkov94@redcross.org,Cathe,Ivashkov,whkgcw40
aabramovitz95,aabramovitz95@answers.com,Arvie,Abramovitz,ctuxwu93
jwurz96,jwurz96@sogou.com,Josias,Wurz,cfzljm86
mlaverty97,mlaverty97@wsj.com,Melisa,Laverty,bkchnc37
clowder98,clowder98@bbc.co.uk,Ced,Lowder,xeklqz51
mconerding99,mconerding99@guardian.co.uk,Merci,Conerding,gocavs47
vwrettum9a,vwrettum9a@plala.or.jp,Verene,Wrettum,jdyenk70
abold9b,abold9b@simplemachines.org,Aldwin,Bold,chawtq63
dhembling9c,dhembling9c@ucsd.edu,Davin,Hembling,lqjdvz54
sgeeritz9d,sgeeritz9d@shinystat.com,Sara,Geeritz,rzfqqa38
jhanbidge9e,jhanbidge9e@ycombinator.com,Joyan,Hanbidge,iadkkq89
ytollfree9f,ytollfree9f@ebay.co.uk,Yankee,Tollfree,zzfios33
mlowy9g,mlowy9g@weibo.com,Mayer,Lowy,vnwkon94
abinding9h,abinding9h@indiegogo.com,Alfie,Binding,bgcmyn64
edulake9i,edulake9i@imageshack.us,Em,Dulake,qekmll14
stibbotts9j,stibbotts9j@spiegel.de,Sumner,Tibbotts,fsdsqs92
bwoodland9k,bwoodland9k@yolasite.com,Brigitta,Woodland,fiyojj71
dcraigg9l,dcraigg9l@instagram.com,Doris,Craigg,ptoevm48
tjapp9m,tjapp9m@sun.com,Templeton,Japp,qdxctr33
gberrisford9n,gberrisford9n@google.com,Giuseppe,Berrisford,iivlur46
vpadfield9o,vpadfield9o@scientificamerican.com,Vaclav,Padfield,wszurh67
shailston9p,shailston9p@earthlink.net,Susette,Hailston,bboioq98
creckless9q,creckless9q@gnu.org,Claudio,Reckless,ceclvu23
branyard9r,branyard9r@google.nl,Burtie,Ranyard,odkzbm56
ggonsalvo9s,ggonsalvo9s@eventbrite.com,Galvin,Gonsalvo,tjvwro88
wvargas9t,wvargas9t@privacy.gov.au,Wilhelmine,Vargas,obxmak96
gminshaw9u,gminshaw9u@mit.edu,Giovanna,Minshaw,lzlsoz48
dcoxen9v,dcoxen9v@cbc.ca,Dov,Coxen,pwioap12
emahony9w,emahony9w@live.com,Elisabeth,Mahony,cuznst55
amerrifield9x,amerrifield9x@infoseek.co.jp,Ailis,Merrifield,ydtfyt57
dgreenshiels9y,dgreenshiels9y@flavors.me,Daphene,Greenshiels,hyqupz88
sredwall9z,sredwall9z@aol.com,Shelton,Redwall,xlrbsz33
dluckmana0,dluckmana0@army.mil,Dallon,Luckman,oevmdq92
lshadfourtha1,lshadfourtha1@census.gov,Laureen,Shadfourth,rdzrjk33
btoomeya2,btoomeya2@godaddy.com,Bendix,Toomey,avvgxx37
aboumphreya3,aboumphreya3@hugedomains.com,Austina,Boumphrey,vghasg87
jsmallthwaitea4,jsmallthwaitea4@nhs.uk,Justino,Smallthwaite,taujmg58
ahowitta5,ahowitta5@bravesites.com,Arnoldo,Howitt,tfpszo25
zclibberya6,zclibberya6@t.co,Zebulon,Clibbery,cnikro49
cpowneya7,cpowneya7@google.it,Cobb,Powney,ncqukr80
ktignera8,ktignera8@skyrock.com,Kathy,Tigner,ajzwpq81
hsmalla9,hsmalla9@hubpages.com,Hillyer,Small,avvzhm94
dbortolettiaa,dbortolettiaa@ovh.net,Dell,Bortoletti,qzeynt83
gelveyab,gelveyab@hhs.gov,Gale,Elvey,xzvluq91
rlightbournac,rlightbournac@usgs.gov,Rickie,Lightbourn,zugjua19
ttrymead,ttrymead@storify.com,Torre,Tryme,jfalgx36
woughtonae,woughtonae@sakura.ne.jp,Winnah,Oughton,ypqfnk87
mashelfordaf,mashelfordaf@oakley.com,Myron,Ashelford,yawlhz03
grobberechtag,grobberechtag@jiathis.com,Goddard,Robberecht,lllknw18
ganthamah,ganthamah@tinyurl.com,Gav,Antham,hdtjxp73
mpicardoai,mpicardoai@thetimes.co.uk,Modestine,Picardo,izudrp53
nminchintonaj,nminchintonaj@mtv.com,Novelia,Minchinton,omoguw26
gfonsoak,gfonsoak@amazon.com,Gerrie,Fonso,ewpuxq05
eornilsal,eornilsal@slashdot.org,Estele,Ornils,dyonag80
rspeightam,rspeightam@bigcartel.com,Rivkah,Speight,skpaqn56
binderwickan,binderwickan@arizona.edu,Bibi,Inderwick,idnxxk90
ggagerao,ggagerao@mapquest.com,Gert,Gager,mplflg66
dtraslerap,dtraslerap@sitemeter.com,Denni,Trasler,xohmqw31
cbenyonaq,cbenyonaq@cdc.gov,Cloe,Benyon,auzjqd32
zmarlonar,zmarlonar@omniture.com,Zachary,Marlon,iuewwc54
gcreaneas,gcreaneas@google.it,Geneva,Creane,ublzbq68
ntarrat,ntarrat@ibm.com,Novelia,Tarr,tdhkcl79
thaswallau,thaswallau@accuweather.com,Timmie,Haswall,msypna60
mingreav,mingreav@reverbnation.com,Mayer,Ingre,tcynix61
avainaw,avainaw@fotki.com,Analiese,Vain,ickadn49
gmeynellax,gmeynellax@nasa.gov,Gasparo,Meynell,igooss51
aruckmanay,aruckmanay@deliciousdays.com,Austin,Ruckman,mgdyrn14
ccheatleaz,ccheatleaz@ucoz.ru,Clotilda,Cheatle,atikml43
blinningb0,blinningb0@miitbeian.gov.cn,Brande,Linning,lavgyh95
sdzenisenkab1,sdzenisenkab1@phoca.cz,Shurlock,Dzenisenka,rvszma02
odarkob2,odarkob2@rakuten.co.jp,Osborne,Darko,tslkmn04
sramsayb3,sramsayb3@exblog.jp,Samuele,Ramsay,jgoomj24
hwallheadb4,hwallheadb4@netscape.com,Hobey,Wallhead,izrezb77
tpinksb5,tpinksb5@ucsd.edu,Tannie,Pinks,inhmcu35
dhannabusb6,dhannabusb6@msn.com,Dew,Hannabus,iypdaq50
hshapterb7,hshapterb7@de.vu,Hendrick,Shapter,qxarju04
rillingb8,rillingb8@bravesites.com,Rene,Illing,dmbzpj29
mcockinb9,mcockinb9@sourceforge.net,Matty,Cockin,oiqgua94
dbonhamba,dbonhamba@chicagotribune.com,Delmor,Bonham,mkvpzm74
rbonessbb,rbonessbb@reference.com,Rockey,Boness,vohyez51
mrudallbc,mrudallbc@home.pl,Margalo,Rudall,wutvra01
avaggsbd,avaggsbd@de.vu,Ade,Vaggs,mkbgsk37
mswafferbe,mswafferbe@harvard.edu,Mar,Swaffer,huwngt74
neisenbergbf,neisenbergbf@telegraph.co.uk,Nell,Eisenberg,leqews38
rfarrinbg,rfarrinbg@globo.com,Ramsey,Farrin,zznqty07
paulettabh,paulettabh@cbsnews.com,Peter,Auletta,aixyru85
nwildsmithbi,nwildsmithbi@edublogs.org,Nichol,Wildsmith,stlast04
pmannoochbj,pmannoochbj@pagesperso-orange.fr,Phil,Mannooch,upzmgv59
fhuzzeybk,fhuzzeybk@hhs.gov,Florida,Huzzey,uaabow45
eavesbl,eavesbl@sun.com,Elbert,Aves,kjqqbp06
ksyredbm,ksyredbm@aol.com,Korrie,Syred,bfsftz27
wbraynbn,wbraynbn@ustream.tv,Westbrooke,Brayn,lhcssw95
dextillbo,dextillbo@bizjournals.com,Debbi,Extill,sshigs74
mcucheybp,mcucheybp@stumbleupon.com,Molli,Cuchey,fpgdtw72
amuatbq,amuatbq@nbcnews.com,Amalea,Muat,caslgk33
lfurphybr,lfurphybr@moonfruit.com,Lettie,Furphy,druonv26
lbottomleybs,lbottomleybs@auda.org.au,Lyell,Bottomley,pfpvki60
alistbt,alistbt@xinhuanet.com,Ammamaria,List,lpyfqm21
lcleavebu,lcleavebu@wsj.com,Leo,Cleave,wldoxl85
llindebv,llindebv@uol.com.br,Lanna,Linde,paemsv77
lredhillsbw,lredhillsbw@cnbc.com,Loy,Redhills,rtnlyv78
rcaldarobx,rcaldarobx@creativecommons.org,Roberta,Caldaro,dvwtxv86
bcoadeby,bcoadeby@freewebs.com,Bryan,Coade,nrfzwx85
rbonninbz,rbonninbz@hexun.com,Rubi,Bonnin,tbnngv60
gkestellc0,gkestellc0@toplist.cz,Giraldo,Kestell,mertuh86
ldanilyakc1,ldanilyakc1@twitpic.com,Lev,Danilyak,jwekee06
araynec2,araynec2@miitbeian.gov.cn,Abdel,Rayne,bwrvxm69
bbafordc3,bbafordc3@ucsd.edu,Brendon,Baford,tlavsl37
msymonesc4,msymonesc4@patch.com,Marcille,Symones,cqwcfw28
ehousemanc5,ehousemanc5@techcrunch.com,Eulalie,Houseman,ilrstz89
rkindredc6,rkindredc6@slideshare.net,Rafe,Kindred,uqchdn66
ehansodc7,ehansodc7@exblog.jp,Etta,Hansod,nbctkm04
kcoylec8,kcoylec8@usnews.com,Karlyn,Coyle,jxvdle54
dcreboec9,dcreboec9@barnesandnoble.com,Dimitri,Creboe,bmfiby74
nlattosca,nlattosca@behance.net,Norma,Lattos,htrjyj13
cmeineckcb,cmeineckcb@ucsd.edu,Chaim,Meineck,fzkzfm54
rsemoradcc,rsemoradcc@1und1.de,Rickey,Semorad,lvpywf71
rpawlingcd,rpawlingcd@washington.edu,Ray,Pawling,rklhkm37
skeldce,skeldce@yandex.ru,Shayne,Keld,ijkgbn42
mmeeuscf,mmeeuscf@comcast.net,Monah,Meeus,zdqqdn80
amcduffiecg,amcduffiecg@youtu.be,Arleen,McDuffie,jswihn10
gcrosswaitech,gcrosswaitech@tiny.cc,Gwenette,Crosswaite,frmgnu41
ghattoeci,ghattoeci@businesswire.com,Gussi,Hattoe,ewaalz52
dkinnarcj,dkinnarcj@shop-pro.jp,Derry,Kinnar,ucjaua75
bgregonck,bgregonck@digg.com,Broderick,Gregon,kbqglh37
ppearscl,ppearscl@ox.ac.uk,Pietrek,Pears,zgxzth06
eyurikovcm,eyurikovcm@elegantthemes.com,Elysha,Yurikov,unwsif90
samthorcn,samthorcn@list-manage.com,Silvia,Amthor,zbebki90
bpietruschkaco,bpietruschkaco@shinystat.com,Bryna,Pietruschka,qxdmas50
fsiggecp,fsiggecp@nba.com,Farlay,Sigge,lbiwee39
cbusstcq,cbusstcq@nhs.uk,Clyve,Busst,gldigw49
ijouannotcr,ijouannotcr@gmpg.org,Irwinn,Jouannot,depnej67
cpeskettcs,cpeskettcs@deliciousdays.com,Caprice,Peskett,hjuivr94
fdemerct,fdemerct@blogtalkradio.com,Francklin,Demer,bhkgti75
byanukcu,byanukcu@i2i.jp,Bryana,Yanuk,kcjibn22
whabbeshawcv,whabbeshawcv@delicious.com,Willy,Habbeshaw,bggmqu40
jtutingcw,jtutingcw@so-net.ne.jp,Jamesy,Tuting,reiydn98
ogasquoinecx,ogasquoinecx@reverbnation.com,Olenolin,Gasquoine,msiakt28
afraylingcy,afraylingcy@archive.org,Ameline,Frayling,gcmyce92
sdewscz,sdewscz@howstuffworks.com,Simone,Dews,uihroo84
mhuffeyd0,mhuffeyd0@addthis.com,Marley,Huffey,jmflui76
arathboned1,arathboned1@abc.net.au,Amelita,Rathbone,eosocw59
ksellensd2,ksellensd2@barnesandnoble.com,Keelia,Sellens,bjgudt40
dcowpd3,dcowpd3@blog.com,Damita,Cowp,inaexj34
lyoungd4,lyoungd4@berkeley.edu,Lilas,Young,pebfhd56
bsimmondsd5,bsimmondsd5@google.com,Brendan,Simmonds,igtqkg73
kneichod6,kneichod6@cbsnews.com,Karol,Neicho,ddnikk66
lonolandd7,lonolandd7@who.int,Lindon,O'Noland,ljqyru56
hcarusd8,hcarusd8@oaic.gov.au,Hi,Carus,xdgtaz32
askaymand9,askaymand9@jugem.jp,Angie,Skayman,tnjeis89
fcroanda,fcroanda@sogou.com,Floris,Croan,nrcqnm74
stincknelldb,stincknelldb@ed.gov,Sukey,Tincknell,tgpigj47
acorpesdc,acorpesdc@sciencedaily.com,Allyn,Corpes,bpgrii01
tsukbhansdd,tsukbhansdd@salon.com,Timmie,Sukbhans,vqhnwk87
jveldde,jveldde@last.fm,Joyous,Veld,lxhdhf16
tmcgarviedf,tmcgarviedf@mlb.com,Tess,McGarvie,hhbmhg60
mnoonandg,mnoonandg@paginegialle.it,Mable,Noonan,vicsfy66
pritmeyerdh,pritmeyerdh@chicagotribune.com,Padget,Ritmeyer,nwqzsl18
lcrowleydi,lcrowleydi@cafepress.com,Lemmie,Crowley,topfag60
dskatedj,dskatedj@scientificamerican.com,Dolly,Skate,ncnbih14
ljoesburydk,ljoesburydk@liveinternet.ru,Leonanie,Joesbury,fryyly34
kwhittuckdl,kwhittuckdl@github.com,Kristos,Whittuck,mycatx07
dniesedm,dniesedm@cyberchimps.com,Dehlia,Niese,vezsik98
srodiedn,srodiedn@go.com,Stephie,Rodie,qmtpox12
sinnettdo,sinnettdo@msn.com,Sig,Innett,jivmpf12
trissomdp,trissomdp@livejournal.com,Theodosia,Rissom,qwrkhl54
rcushedq,rcushedq@skype.com,Roland,Cushe,cbbuib52
jpagindr,jpagindr@ifeng.com,Jeannie,Pagin,kvxvlp52
cvigrassds,cvigrassds@scientificamerican.com,Cathe,Vigrass,bwkixb80
mmcgaughaydt,mmcgaughaydt@opensource.org,Madelaine,McGaughay,fedrkz54
pfeethamdu,pfeethamdu@princeton.edu,Pearl,Feetham,cufvor54
gsmallwooddv,gsmallwooddv@google.es,Gabbey,Smallwood,lvvwnz63
zpebworthdw,zpebworthdw@addthis.com,Zechariah,Pebworth,viijtp40
akenderdx,akenderdx@un.org,Aluino,Kender,hxzent85
bwilkesdy,bwilkesdy@netlog.com,Blinnie,Wilkes,voldyf91
cgronavdz,cgronavdz@hibu.com,Cathee,Gronav,gyevek52
sladdse0,sladdse0@ifeng.com,Scot,Ladds,zafstr41
isunnuckse1,isunnuckse1@ehow.com,Ingrim,Sunnucks,wdxyoz26
rwasbroughe2,rwasbroughe2@canalblog.com,Ruthe,Wasbrough,wbxntc59
agregolottie3,agregolottie3@edublogs.org,Ami,Gregolotti,llgzwl64
rhillbornee4,rhillbornee4@npr.org,Rod,Hillborne,bnmjhd00
lparkyne5,lparkyne5@liveinternet.ru,Larry,Parkyn,weqdud64
wbarajaze6,wbarajaze6@cnbc.com,Willdon,Barajaz,utbdrb67
tfreiree7,tfreiree7@fastcompany.com,Tybi,Freire,erpsth00
rmenziese8,rmenziese8@booking.com,Roxanna,Menzies,mbvspy68
ostillere9,ostillere9@ca.gov,Orin,Stiller,ckulni53
ldiegoea,ldiegoea@illinois.edu,Leicester,Diego,kutvun07
mrangalleb,mrangalleb@sakura.ne.jp,Meara,Rangall,cygvry57
cpitfordec,cpitfordec@google.ca,Cletus,Pitford,xlftpc51
cdymocked,cdymocked@people.com.cn,Carline,Dymock,vzogyf23
tstrongmanee,tstrongmanee@princeton.edu,Teressa,Strongman,mnbuwh78
imuneelyef,imuneelyef@utexas.edu,Ingelbert,Muneely,lkddft67
chennemanneg,chennemanneg@archive.org,Charmain,Hennemann,gsnyey75
xlardereh,xlardereh@istockphoto.com,Xever,Larder,mizrrp29
twharrierei,twharrierei@unblog.fr,Tamqrah,Wharrier,uquqsc40
vtowellej,vtowellej@opensource.org,Veronike,Towell,coeojh02
fransburyek,fransburyek@hugedomains.com,Fonz,Ransbury,cesdrb43
tjirikel,tjirikel@china.com.cn,Tawsha,Jirik,fqysti37
jtwycrossem,jtwycrossem@is.gd,Janna,Twycross,cfqkpb02
ckenyonen,ckenyonen@github.io,Carlita,Kenyon,fdwkrf43
jbraddickeo,jbraddickeo@51.la,Jude,Braddick,gasmog80
mieldenep,mieldenep@artisteer.com,Maryanne,Ielden,zjsisf38
sdeelayeq,sdeelayeq@upenn.edu,Silvanus,Deelay,exhjbn48
adadgeer,adadgeer@networksolutions.com,Anneliese,Dadge,wligvj00
slorenzettoes,slorenzettoes@i2i.jp,Stearne,Lorenzetto,rghkkf83
delleyneet,delleyneet@tinypic.com,Dale,Elleyne,vlmmcx01
hmcreynoldeu,hmcreynoldeu@foxnews.com,Hanni,McReynold,gdhwqg74
khapsev,khapsev@wikispaces.com,Kitty,Haps,zyuxap33
fduddingew,fduddingew@loc.gov,Falkner,Dudding,qsjssx22
dkenzieex,dkenzieex@loc.gov,Danielle,Kenzie,jsxdtg15
aitschakovey,aitschakovey@sourceforge.net,Alidia,Itschakov,vazdsc82
rkillingworthez,rkillingworthez@forbes.com,Ruthie,Killingworth,ldpavn96
nmacdermotf0,nmacdermotf0@miibeian.gov.cn,Nikaniki,MacDermot,woxgof89
lfronksf1,lfronksf1@printfriendly.com,Lisette,Fronks,slvldy84
dmoormanf2,dmoormanf2@weebly.com,Derron,Moorman,slgkpq55
syouseff3,syouseff3@taobao.com,Sula,Yousef,yllkfh48
sdriffef4,sdriffef4@answers.com,Shina,Driffe,wzeorm46
mbraisbyf5,mbraisbyf5@sourceforge.net,Mervin,Braisby,tmsszj81
tpacef6,tpacef6@reverbnation.com,Tamar,Pace,qimmbq33
asolomonf7,asolomonf7@smh.com.au,Austin,Solomon,paflye30
kgatheridgef8,kgatheridgef8@blogspot.com,Keary,Gatheridge,kexdkt25
bslottf9,bslottf9@yandex.ru,Benjamen,Slott,noypgh27
bwhitbyfa,bwhitbyfa@amazonaws.com,Blayne,Whitby,umnhvt96
emecofb,emecofb@w3.org,Edyth,Meco,oyzlcw79
kpuckettfc,kpuckettfc@amazon.co.jp,Kylie,Puckett,vducwu58
jschwiesofd,jschwiesofd@home.pl,Jo,Schwieso,xiwemk24
hzannelife,hzannelife@hao123.com,Hughie,Zanneli,izlpbd13
dkaubleff,dkaubleff@hibu.com,Darda,Kauble,vtuycm55
kpresswellfg,kpresswellfg@about.com,Katharina,Presswell,goxnue74
bburnesfh,bburnesfh@amazonaws.com,Bengt,Burnes,rfhaup71
mfellinifi,mfellinifi@cmu.edu,Myra,Fellini,eaqvse39
tmeddowsfj,tmeddowsfj@hp.com,Thoma,Meddows,iceyta17
kquidenhamfk,kquidenhamfk@odnoklassniki.ru,Kylila,Quidenham,opkony92
cpeyzerfl,cpeyzerfl@kickstarter.com,Claudia,Peyzer,jyyfru87
fneilfm,fneilfm@about.me,Frank,Neil,kmttnt08
gkidstonefn,gkidstonefn@dailymail.co.uk,Gabrila,Kidstone,daadff21
lmitchallfo,lmitchallfo@51.la,Lanny,Mitchall,stntzm26
fheadanfp,fheadanfp@wordpress.com,Fina,Headan,admccb88
gkeyzorfq,gkeyzorfq@wired.com,Gladys,Keyzor,jjgpat73
aosharryfr,aosharryfr@imdb.com,Alfie,O'Sharry,ulbuqw85
tovettfs,tovettfs@java.com,Tadeo,Ovett,cnhueb23
ncamberft,ncamberft@newyorker.com,Nico,Camber,etwxhb23
llovemanfu,llovemanfu@washingtonpost.com,Lindsay,Loveman,gbonnh33
rburtwistlefv,rburtwistlefv@digg.com,Rheba,Burtwistle,ffijev24
jsyalvesterfw,jsyalvesterfw@wufoo.com,Junette,Syalvester,qxdleu19
jcowlesfx,jcowlesfx@wordpress.com,Jenna,Cowles,cepgjm79
ehuncootfy,ehuncootfy@blogspot.com,Eloisa,Huncoot,bhwvhn29
delementfz,delementfz@google.com.hk,Dill,Element,towiwz82
ayatesg0,ayatesg0@slashdot.org,Atlanta,Yates,wuqubk15
ffarnabyg1,ffarnabyg1@eventbrite.com,Fawnia,Farnaby,pfuuha59
mbaggelleyg2,mbaggelleyg2@bing.com,Matthieu,Baggelley,vsmlat06
rannandg3,rannandg3@mit.edu,Rik,Annand,vkiedo90
arangellg4,arangellg4@hud.gov,Andras,Rangell,xbmzlc36
mleckeyg5,mleckeyg5@who.int,Meridith,Leckey,ldnong76
hsunleyg6,hsunleyg6@sogou.com,Harmonie,Sunley,uwoebh22
probertaccig7,probertaccig7@netvibes.com,Peri,Robertacci,uxtpev44
alemmersg8,alemmersg8@nsw.gov.au,Axel,Lemmers,wfmbqv22
wsalvatoreg9,wsalvatoreg9@msn.com,Wilmette,Salvatore,nsixsh96
hklawiga,hklawiga@t.co,Hanson,Klawi,sklaen33
gskedgegb,gskedgegb@aboutads.info,Granny,Skedge,tdxdyv90
skralegc,skralegc@lulu.com,Saba,Krale,xxtihu79
dgatchgd,dgatchgd@oaic.gov.au,Dacie,Gatch,vujwkp71
pdemainege,pdemainege@mozilla.org,Pooh,Demaine,ybgxqp34
rtrustygf,rtrustygf@jalbum.net,Ruby,Trusty,scvdbf59
agirodingg,agirodingg@booking.com,Anthe,Girodin,phvqfm62
tmeenangh,tmeenangh@twitpic.com,Teirtza,Meenan,vjmilo56
jclimogi,jclimogi@cloudflare.com,Jeniece,Climo,gvkipa37
lhirschmanngj,lhirschmanngj@infoseek.co.jp,Lucila,Hirschmann,znlbok48
pholleygk,pholleygk@ucla.edu,Pall,Holley,qtgayr99
ckenangl,ckenangl@a8.net,Cristionna,Kenan,oplxcz58
cmoaksongm,cmoaksongm@youtube.com,Coreen,Moakson,wxjzjg30
dtullygn,dtullygn@istockphoto.com,Dix,Tully,cnndoe66
jallakergo,jallakergo@go.com,Janey,Allaker,deufog63
mbasillgp,mbasillgp@wordpress.org,Marybeth,Basill,rzrkar91
kshillingtongq,kshillingtongq@jugem.jp,Karoline,Shillington,cihgeo54
cbruslegr,cbruslegr@alibaba.com,Cal,Brusle,qxtbaj88
sbubbingsgs,sbubbingsgs@examiner.com,Sterling,Bubbings,ramsbq45
bgettengt,bgettengt@mapquest.com,Burr,Getten,gfljdj65
plinkletgu,plinkletgu@unesco.org,Paxon,Linklet,zqbroq90
ajeaffersongv,ajeaffersongv@bbc.co.uk,Anna-diana,Jeafferson,ogoyhz21
jcorzorgw,jcorzorgw@washington.edu,Joceline,Corzor,mcwdly60
fblaisdalegx,fblaisdalegx@webeden.co.uk,Frederique,Blaisdale,khekvu70
dcaprongy,dcaprongy@blogger.com,Dud,Capron,gwqfzg04
ystuehmeiergz,ystuehmeiergz@istockphoto.com,Yorke,Stuehmeier,nwuewm14
cpurvesh0,cpurvesh0@youtube.com,Caresa,Purves,mxzydc20
sbernadeh1,sbernadeh1@spiegel.de,Sada,Bernade,hqzvwd93
lhadgrafth2,lhadgrafth2@cafepress.com,Levy,Hadgraft,twgszr97
hwelmanh3,hwelmanh3@nasa.gov,Humphrey,Welman,mcjmtr15
ksomerscalesh4,ksomerscalesh4@google.com.au,Keven,Somerscales,txyhta39
kderretth5,kderretth5@state.gov,Koressa,Derrett,itmmfu16
ojorezh6,ojorezh6@typepad.com,Olympe,Jorez,pcsmfn26
dshermanh7,dshermanh7@purevolume.com,Dorry,Sherman,glispa73
lpetchellh8,lpetchellh8@tuttocitta.it,Louise,Petchell,gtsxjm72
dwardenh9,dwardenh9@github.com,Delcine,Warden,krgtph88
lgabbottha,lgabbottha@digg.com,Linzy,Gabbott,ygmcvt83
mbinhamhb,mbinhamhb@ucoz.com,Minnnie,Binham,rghjed64
alocheadhc,alocheadhc@alexa.com,Aldwin,Lochead,iujlzk94
djacobihd,djacobihd@pagesperso-orange.fr,Danielle,Jacobi,zsbhuz97
lfellgatthe,lfellgatthe@topsy.com,Lorenzo,Fellgatt,dyfkxt14
asiccombehf,asiccombehf@csmonitor.com,Aviva,Siccombe,lbayis11
mvoglhg,mvoglhg@goo.gl,Maurita,Vogl,ltfkvm44
charnimanhh,charnimanhh@wisc.edu,Cati,Harniman,bytube67
mpettipherhi,mpettipherhi@yandex.ru,Marchall,Pettipher,pwntoi77
knewsteadhj,knewsteadhj@kickstarter.com,Kiele,Newstead,incyde41
zwaldronhk,zwaldronhk@youtu.be,Zsa zsa,Waldron,loeflm38
kgrinthl,kgrinthl@google.cn,Karie,Grint,nmilzs69
jcollerdhm,jcollerdhm@oakley.com,Joelie,Collerd,xschox74
gvanbrughhn,gvanbrughhn@auda.org.au,Glynn,VanBrugh,llviwy05
blacroutsho,blacroutsho@sina.com.cn,Bill,Lacrouts,zkuocv89
scinavashp,scinavashp@ftc.gov,Sylas,Cinavas,xazcob91
ainnshq,ainnshq@tinypic.com,Alberto,Inns,jolpel88
hswatheridgehr,hswatheridgehr@cnn.com,Hewe,Swatheridge,toaksy69
wcalleyhs,wcalleyhs@msn.com,Wendel,Calley,hpobjv18
dleversuchht,dleversuchht@reddit.com,Denny,Leversuch,fbqsnx41
mmunceyhu,mmunceyhu@paypal.com,Milty,Muncey,gcqmdu97
lbochhv,lbochhv@photobucket.com,Lindie,Boch,gsuqzb29
mfallishw,mfallishw@ucla.edu,Minnie,Fallis,gobsgf82
mtarzeyhx,mtarzeyhx@ifeng.com,Melinde,Tarzey,fzqkez50
hsustinshy,hsustinshy@home.pl,Halsey,Sustins,stleaw04
scoasterhz,scoasterhz@nsw.gov.au,Saundra,Coaster,ivxzhg56
pagostinii0,pagostinii0@nps.gov,Perkin,Agostini,yanyay47
rgordoni1,rgordoni1@biblegateway.com,Reid,Gordon,izqkuk56
iconstablei2,iconstablei2@gmpg.org,Ileane,Constable,sqboxc10
mfawdriei3,mfawdriei3@myspace.com,Meaghan,Fawdrie,iwxrhn93
ghattiffi4,ghattiffi4@xrea.com,Genna,Hattiff,yosesm63
jmomfordi5,jmomfordi5@cpanel.net,Jerrome,Momford,jbtksn02
mmaffullii6,mmaffullii6@ibm.com,Mathew,Maffulli,qbmxrn53
epumphreysi7,epumphreysi7@mozilla.com,Evie,Pumphreys,ztupev28
bfearneyi8,bfearneyi8@blogger.com,Borg,Fearney,agedoi85
ccolberti9,ccolberti9@zimbio.com,Cristi,Colbert,oomwpm71
akitleeia,akitleeia@feedburner.com,Adan,Kitlee,rojiro49
nmannakeeib,nmannakeeib@bluehost.com,Nickie,Mannakee,bxfsjz91
brenforthic,brenforthic@geocities.jp,Barnaby,Renforth,cpmmjf79
shorcheid,shorcheid@ning.com,Sayre,Horche,scudhe64
cnertneyie,cnertneyie@google.fr,Cece,Nertney,njwchy76
mbrunickeif,mbrunickeif@skyrock.com,Merrile,Brunicke,kpsbka89
cclemmettig,cclemmettig@hostgator.com,Clementina,Clemmett,hjkqhe60
nhalfacreeih,nhalfacreeih@creativecommons.org,Nessa,Halfacree,pskhyk54
ccaspellii,ccaspellii@joomla.org,Carolus,Caspell,skyvgn31
rjoscelyneij,rjoscelyneij@amazon.com,Ruddy,Joscelyne,dboiqx91
fpumphreysik,fpumphreysik@ca.gov,Fabien,Pumphreys,mfcggv14
lwildboreil,lwildboreil@google.it,Lynnea,Wildbore,vsfnwi03
ngittensim,ngittensim@time.com,Nana,Gittens,ghrufv15
mknapmanin,mknapmanin@trellian.com,Matthias,Knapman,yykkvw36
lcornejoio,lcornejoio@mysql.com,Leesa,Cornejo,ywznjz68
brookip,brookip@storify.com,Becka,Rook,grukgr30
jkelleriq,jkelleriq@hexun.com,Janenna,Keller,ykahtt71
mkaindlir,mkaindlir@google.com.br,Michaela,Kaindl,mofpwr78
bmesshamis,bmesshamis@cargocollective.com,Berne,Messham,qavphw42
mgynneit,mgynneit@fc2.com,Murvyn,Gynne,mkvgjq72
rfieldeniu,rfieldeniu@bloglines.com,Regine,Fielden,yagtcd96
tdeadmaniv,tdeadmaniv@youku.com,Ted,Deadman,ehoina19
mgrayshaniw,mgrayshaniw@meetup.com,Mylo,Grayshan,uhbobv22
evassbenderix,evassbenderix@sitemeter.com,Eadie,Vassbender,eytnmr27
hskelhorneiy,hskelhorneiy@weather.com,Hakeem,Skelhorne,bmjted28
mgundaiz,mgundaiz@toplist.cz,Margaretta,Gunda,vugwmf90
boliveraj0,boliveraj0@blogs.com,Brant,Olivera,jcvhps40
ebarnbyj1,ebarnbyj1@parallels.com,Efrem,Barnby,byyghj27
mgrinawayj2,mgrinawayj2@usgs.gov,Melamie,Grinaway,kdlcdt88
srambadtj3,srambadtj3@issuu.com,Smitty,Rambadt,hjismb29
atavernorj4,atavernorj4@creativecommons.org,Alison,Tavernor,fhjtyl87
tkingshottj5,tkingshottj5@timesonline.co.uk,Toddy,Kingshott,bihrfy41
skersawj6,skersawj6@imgur.com,Sianna,Kersaw,iopssx04
mvanyardj7,mvanyardj7@unesco.org,Myles,Vanyard,vkjtsq69
sloukesj8,sloukesj8@t.co,Sissy,Loukes,oapcmd27
apearsonj9,apearsonj9@adobe.com,Aeriell,Pearson,nqhhei87
gbertinja,gbertinja@surveymonkey.com,Geralda,Bertin,kqyzan98
hberrisfordjb,hberrisfordjb@google.com,Hilliary,Berrisford,qftljj70
pstauntonjc,pstauntonjc@gnu.org,Pippy,Staunton,hemewi09
squibelljd,squibelljd@mozilla.com,Sabra,Quibell,rnrzjo03
mfobidgeje,mfobidgeje@e-recht24.de,Marcellina,Fobidge,hxsnwi57
mconeronjf,mconeronjf@un.org,Maurits,Coneron,xmwqsh97
ocoldbathejg,ocoldbathejg@devhub.com,Othello,Coldbathe,kegbhj60
jboreljh,jboreljh@geocities.jp,Janice,Borel,fjmrud13
wgowanji,wgowanji@webeden.co.uk,Wallie,Gowan,wmieex17
hturnorjj,hturnorjj@kickstarter.com,Hanson,Turnor,gpgtsx64
amccorleyjk,amccorleyjk@hud.gov,Amalita,Mc Corley,mlttfw96
bklimkovichjl,bklimkovichjl@cbc.ca,Bili,Klimkovich,gxudxt35
apashjm,apashjm@prnewswire.com,Abe,Pash,ejwanv37
apollardjn,apollardjn@java.com,Aristotle,Pollard,eqqpfr18
iquigleyjo,iquigleyjo@toplist.cz,Iorgos,Quigley,cbcatj96
vdimitriadesjp,vdimitriadesjp@nymag.com,Vidovic,Dimitriades,kghzkh85
fsiseyjq,fsiseyjq@unesco.org,Flossy,Sisey,jcfsbc56
kellingtonjr,kellingtonjr@paginegialle.it,Kleon,Ellington,roeiwm25
svakhrushinjs,svakhrushinjs@stanford.edu,Sophia,Vakhrushin,luiliz47
lkarysjt,lkarysjt@blogspot.com,Lauren,Karys,pzajak38
ksavellju,ksavellju@hhs.gov,Kellen,Savell,gvfxed48
acasbonjv,acasbonjv@github.com,Adore,Casbon,hhqnse24
spetticrewjw,spetticrewjw@sun.com,Sax,Petticrew,ouahnh78
sgrealishjx,sgrealishjx@fotki.com,Sheryl,Grealish,ctkokx62
ebrattelljy,ebrattelljy@weibo.com,Elka,Brattell,tevezy87
fffoulkesjz,fffoulkesjz@icio.us,Forrester,Ffoulkes,nljims65
kdanskenk0,kdanskenk0@netvibes.com,Kalle,Dansken,rnfeny68
kchamberlainek1,kchamberlainek1@utexas.edu,Kimberlee,Chamberlaine,knchqv40
llardnerk2,llardnerk2@latimes.com,Lanie,Lardner,mzwfbw91
nbrissek3,nbrissek3@networkadvertising.org,Nataline,Brisse,vewade94
sdovidaitisk4,sdovidaitisk4@jalbum.net,Sax,Dovidaitis,znpaqd17
rdiggk5,rdiggk5@bloglovin.com,Randal,Digg,iyzayn37
ssawtellk6,ssawtellk6@smh.com.au,Sammie,Sawtell,zuxibq21
hlangfordk7,hlangfordk7@networksolutions.com,Hugues,Langford,jrddav58
bhymerk8,bhymerk8@princeton.edu,Beverlie,Hymer,nhkvia73
njosupeitk9,njosupeitk9@amazon.de,Norrie,Josupeit,sakxmy35
jbeachampka,jbeachampka@infoseek.co.jp,Jandy,Beachamp,gdhdrf09
cworgkb,cworgkb@un.org,Caterina,Worg,bsbuzj72
kmcbaynekc,kmcbaynekc@netvibes.com,Kendall,McBayne,euoott96
bhuggankd,bhuggankd@walmart.com,Brade,Huggan,gvueef67
athurstonke,athurstonke@4shared.com,Adriaens,Thurston,dpdouh99
jcoronadokf,jcoronadokf@clickbank.net,Jakob,Coronado,kwxkzj27
ppordallkg,ppordallkg@twitpic.com,Paten,Pordall,kuphdo19
wfrerekh,wfrerekh@cdbaby.com,Walsh,Frere,gjvaae54
eoloughranki,eoloughranki@privacy.gov.au,Elwin,O' Loughran,gxnxvm47
ldonisokj,ldonisokj@nytimes.com,Linet,Doniso,dbrwnw80
rkeddlekk,rkeddlekk@multiply.com,Roderigo,Keddle,vvmhgw25
wwoodroofkl,wwoodroofkl@so-net.ne.jp,Willette,Woodroof,inarqs78
trainbirdkm,trainbirdkm@jiathis.com,Thorn,Rainbird,mlheyt33
sabramovicikn,sabramovicikn@goodreads.com,Sonnie,Abramovici,sdrciz86
amcquillinko,amcquillinko@thetimes.co.uk,Andras,McQuillin,cuqwql62
bizattkp,bizattkp@ameblo.jp,Barb,Izatt,hobynf85
hhospitalkq,hhospitalkq@gov.uk,Haleigh,Hospital,dbsoxz64
emckagkr,emckagkr@netscape.com,Elonore,McKag,vecedd03
dshatfordks,dshatfordks@addtoany.com,Dannye,Shatford,jssnzu91
scoattskt,scoattskt@ask.com,Shea,Coatts,pdjzjl39
gpepperku,gpepperku@soup.io,Glori,Pepper,ddcbrb17
avidelerkv,avidelerkv@twitpic.com,Arlee,Videler,fqkrzm61
sbraddockkw,sbraddockkw@vinaora.com,Sterling,Braddock,fnsngb97
mstrotherkx,mstrotherkx@w3.org,Mic,Strother,wnpikh00
mflecknellky,mflecknellky@moonfruit.com,Montague,Flecknell,mnkcst92
cmacfaellkz,cmacfaellkz@auda.org.au,Casi,MacFaell,vkznqh45
bhaslockl0,bhaslockl0@istockphoto.com,Brockie,Haslock,rmhmoz85
pllopl1,pllopl1@hao123.com,Peirce,Llop,gcnosf28
cdevorilll2,cdevorilll2@joomla.org,Cesya,Devorill,snijdl21
walawayl3,walawayl3@patch.com,Warden,Alaway,rjpiuq65
mtompkinsl4,mtompkinsl4@mlb.com,Merle,Tompkins,mmokwy93
ccalvardl5,ccalvardl5@nbcnews.com,Carine,Calvard,ggyqau44
mrutherforthl6,mrutherforthl6@slate.com,Matthieu,Rutherforth,dmxokn76
msigsworthl7,msigsworthl7@blogtalkradio.com,Manya,Sigsworth,grjpdw63
lavoryl8,lavoryl8@vinaora.com,Lelah,Avory,gyhhlj45
cbrahanl9,cbrahanl9@amazonaws.com,Corissa,Brahan,qirgmm78
tlawrenzla,tlawrenzla@blogger.com,Tobe,Lawrenz,biblvi43
netchellslb,netchellslb@networkadvertising.org,Nelle,Etchells,cwenuj51
gfowneslc,gfowneslc@google.nl,Galven,Fownes,lgjqon46
glustyld,glustyld@yellowpages.com,Gregoire,Lusty,nnufey99
jbrandelle,jbrandelle@discuz.net,Jemmie,Brandel,kvhsvb18
wcromlylf,wcromlylf@jimdo.com,Westleigh,Cromly,thkhfu46
ffarlowelg,ffarlowelg@blinklist.com,Fredek,Farlowe,twiyhu78
abowkerlh,abowkerlh@wired.com,Arel,Bowker,rkgflh03
dwermerlingli,dwermerlingli@reference.com,Demeter,Wermerling,dzrfli28
tcrosstonlj,tcrosstonlj@woothemes.com,Tanner,Crosston,pnjipj30
lodamslk,lodamslk@techcrunch.com,Leland,Odams,bpxfss13
hlichfieldll,hlichfieldll@msn.com,Horten,Lichfield,feahvs97
hbraslm,hbraslm@homestead.com,Herbie,Bras,rkuxav83
gjorissenln,gjorissenln@biblegateway.com,Genni,Jorissen,cggmvr92
bocooneylo,bocooneylo@twitpic.com,Benedict,O'Cooney,azgqzj82
aforcadelp,aforcadelp@washingtonpost.com,Alla,Forcade,fkmhkm10
lobispolq,lobispolq@cafepress.com,Leighton,Obispo,qnnzmv19
mmudielr,mmudielr@hud.gov,Mira,Mudie,ndetvg98
jswansonls,jswansonls@posterous.com,Jammal,Swanson,pvubvy77
gartzlt,gartzlt@about.com,Germain,Artz,uvrisx03
wrickertlu,wrickertlu@google.de,Willow,Rickert,kaspbk32
cjentgenslv,cjentgenslv@imgur.com,Candida,Jentgens,elmueg56
fdurbanlw,fdurbanlw@tamu.edu,Forrester,Durban,kugkrl03
cclausewitzlx,cclausewitzlx@google.com,Cary,Clausewitz,dzzpeu28
tmelmarly,tmelmarly@fc2.com,Thomasa,Melmar,bokikp64
fbestmanlz,fbestmanlz@quantcast.com,Forest,Bestman,lyiuth32
egrosvenerm0,egrosvenerm0@bluehost.com,Ethel,Grosvener,jyoewj00
edadgem1,edadgem1@ftc.gov,Erena,Dadge,lbjpxq50
edahlenm2,edahlenm2@marketwatch.com,Elva,Dahlen,pcdaag03
edenisyukm3,edenisyukm3@godaddy.com,Editha,Denisyuk,sawixf23
ldawsonm4,ldawsonm4@domainmarket.com,Langsdon,Dawson,zvcmxm28
spoizerm5,spoizerm5@illinois.edu,Silvio,Poizer,grtntc49
jwrightamm6,jwrightamm6@oracle.com,Jelene,Wrightam,zduzhl90
drannaldm7,drannaldm7@tiny.cc,Dorise,Rannald,qmdfqx85
tpoxonm8,tpoxonm8@live.com,Tish,Poxon,jejbza69
nsoftleym9,nsoftleym9@dailymail.co.uk,Natalya,Softley,gvvutw50
eflecknoema,eflecknoema@deliciousdays.com,Ellissa,Flecknoe,krsxwd42
rconstanzamb,rconstanzamb@ycombinator.com,Rafaelita,Constanza,syxomh62
chadleymc,chadleymc@bizjournals.com,Charil,Hadley,qnreor32
pbagotmd,pbagotmd@hao123.com,Pepito,Bagot,nhgcrx18
fabbame,fabbame@myspace.com,Forrester,Abba,mrqnwo00
ccrittenmf,ccrittenmf@ucla.edu,Charlotte,Critten,bvjhpr28
ljoselsonmg,ljoselsonmg@istockphoto.com,Linn,Joselson,aogbza57
ralmeymh,ralmeymh@cmu.edu,Robinet,Almey,fprlku72
epayemi,epayemi@ucla.edu,Emelen,Paye,gwtdza79
hfatharlymj,hfatharlymj@icio.us,Henry,Fatharly,vndkbi04
lchiccomk,lchiccomk@ezinearticles.com,Louisa,Chicco,zvlmwr35
sheisml,sheisml@joomla.org,Sarena,Heis,lccbkk61
cstowgillmm,cstowgillmm@yahoo.co.jp,Caye,Stowgill,aojcah78
adawidmn,adawidmn@smh.com.au,Abra,Dawid,zftxbr73
emacclenanmo,emacclenanmo@google.com,Elnora,MacClenan,lngcjk61
dgaggenmp,dgaggenmp@miibeian.gov.cn,Dimitri,Gaggen,inktpf01
csewleymq,csewleymq@soup.io,Christoffer,Sewley,upewyy94
ksmorthitmr,ksmorthitmr@fema.gov,Kiersten,Smorthit,oxkwtg65
wjeavesms,wjeavesms@dagondesign.com,Winfield,Jeaves,pwcnmk12
dderlmt,dderlmt@purevolume.com,Debora,Derl,lblgkj06
mmecozzimu,mmecozzimu@posterous.com,Murielle,Mecozzi,nvcvfn29
kgoundrymv,kgoundrymv@angelfire.com,Katheryn,Goundry,dqzamt60
jpurchesmw,jpurchesmw@yale.edu,Judah,Purches,ruwvpr65
atitchenmx,atitchenmx@usa.gov,Alleyn,Titchen,agagim03
lsevillemy,lsevillemy@yandex.ru,Lavinia,Seville,kmcuko24
afaichneymz,afaichneymz@fotki.com,Amalie,Faichney,rlkllc79
eloudern0,eloudern0@edublogs.org,Ertha,Louder,cmmoro07
pdraytonn1,pdraytonn1@businessweek.com,Pattin,Drayton,uarqri68
plilionn2,plilionn2@tripadvisor.com,Pavel,Lilion,crrjzd44
gbuntainn3,gbuntainn3@drupal.org,Gabey,Buntain,indhki53
lfolkern4,lfolkern4@webs.com,Lavina,Folker,jmpwdv20
lcrumbn5,lcrumbn5@dion.ne.jp,Lindsy,Crumb,veocuu20
gkerwinn6,gkerwinn6@squarespace.com,Gunther,Kerwin,txoipo43
akaesn7,akaesn7@google.ca,Atlante,Kaes,mkwpwz47
gcottrilln8,gcottrilln8@mysql.com,Gerianna,Cottrill,rlfupi20
mtoffalon9,mtoffalon9@xrea.com,Merry,Toffalo,eqwqhl92
hroonyna,hroonyna@symantec.com,Homere,Roony,ebajvt45
dthomasnb,dthomasnb@ox.ac.uk,Dollie,Thomas,nxbwpt28
lambroznc,lambroznc@shinystat.com,Lin,Ambroz,lkroym77
zkittlesnd,zkittlesnd@google.nl,Zeke,Kittles,glnsuq13
atansliene,atansliene@clickbank.net,Ardith,Tanslie,kakhsj33
jgaynsfordnf,jgaynsfordnf@bing.com,Justino,Gaynsford,hhkupq64
dodlinng,dodlinng@netscape.com,Dorree,Odlin,bqhoxv78
rroyalnh,rroyalnh@google.co.jp,Robb,Royal,zfujed56
ckyngdonni,ckyngdonni@npr.org,Corry,Kyngdon,yxqonf31
abutterfillnj,abutterfillnj@paypal.com,Allis,Butterfill,srlpad45
zmorenonk,zmorenonk@mashable.com,Zeb,Moreno,zraqbc29
blawleenl,blawleenl@patch.com,Bondon,Lawlee,pngswa50
btaylernm,btaylernm@delicious.com,Borg,Tayler,zprxtt33
wcaisleynn,wcaisleynn@va.gov,Welch,Caisley,zpbugb91
cdruettno,cdruettno@biglobe.ne.jp,Chen,Druett,jzpago86
tjandlnp,tjandlnp@prweb.com,Thaine,Jandl,orukae68
alabbeznq,alabbeznq@stumbleupon.com,Algernon,Labbez,sksccy95
gbywatersnr,gbywatersnr@nbcnews.com,Glenn,Bywaters,svfhth73
jshevelsns,jshevelsns@diigo.com,Jarrid,Shevels,yqzmhk82
acheshernt,acheshernt@gnu.org,Artie,Chesher,nlgjbp92
pprenu,pprenu@ca.gov,Pauletta,Pre,nbtpvd80
msantoronv,msantoronv@dion.ne.jp,Morganne,Santoro,vwscek74
wchaimsonnw,wchaimsonnw@mozilla.com,Willie,Chaimson,smutyp06
cjannynx,cjannynx@icq.com,Carmela,Janny,lvouqi43
rbretlandny,rbretlandny@netvibes.com,Raven,Bretland,gdttfh37
kzappelnz,kzappelnz@weibo.com,Kanya,Zappel,hbisfd62
jmcaneo0,jmcaneo0@purevolume.com,Joanie,McAne,zolcci87
sfraneko1,sfraneko1@acquirethisname.com,Sansone,Franek,ffgyey97
gsherelo2,gsherelo2@vkontakte.ru,Garret,Sherel,jnfycl25
handrinio3,handrinio3@fotki.com,Hewett,Andrini,zapjle40
lodeeo4,lodeeo4@geocities.com,Leone,O'Dee,gzhyws36
oferronelo5,oferronelo5@google.ca,Otto,Ferronel,gtdwoz45
bbolstridgeo6,bbolstridgeo6@macromedia.com,Burk,Bolstridge,yzqfrh49
kjustiso7,kjustiso7@rakuten.co.jp,Kin,Justis,jyylxi10
sbezantso8,sbezantso8@dailymail.co.uk,Shaughn,Bezants,ffibzh26
jpayo9,jpayo9@twitpic.com,Jennifer,Pay,syurea58
hostoa,hostoa@salon.com,Haslett,Ost,ibjmqi83
sbayfieldob,sbayfieldob@goodreads.com,Shaughn,Bayfield,ichyov49
lblodgettsoc,lblodgettsoc@buzzfeed.com,Lorette,Blodgetts,dzombt83
cbabbeod,cbabbeod@bloomberg.com,Caro,Babbe,risgdl24
ncarnachenoe,ncarnachenoe@wordpress.com,Nilson,Carnachen,utallv53
crounsivallof,crounsivallof@163.com,Clayson,Rounsivall,bnigco02
apenninoog,apenninoog@tiny.cc,Abran,Pennino,tgrvqd48
zschoenrockoh,zschoenrockoh@last.fm,Zacharia,Schoenrock,vjgjly65
fwhalebellyoi,fwhalebellyoi@usnews.com,Field,Whalebelly,akjswa34
bpasseoj,bpasseoj@hatena.ne.jp,Bradney,Passe,wtyxbj37
ihazeupok,ihazeupok@com.com,Izak,Hazeup,ksctjj80
mgarnsworthyol,mgarnsworthyol@time.com,Matteo,Garnsworthy,oequhx48
lmurrowom,lmurrowom@jigsy.com,Lew,Murrow,gmhezu16
ohendenon,ohendenon@acquirethisname.com,Ora,Henden,ezwkml97
drekesoo,drekesoo@creativecommons.org,Danyette,Rekes,cogfdv46
afaucettop,afaucettop@i2i.jp,Ammamaria,Faucett,wsghrm28
lhofneroq,lhofneroq@discuz.net,La verne,Hofner,nbgubw21
smcandrewor,smcandrewor@mozilla.org,Sigmund,Mc Andrew,blyvwg94
swardlawos,swardlawos@over-blog.com,Sky,Wardlaw,fiqytl44
josmentot,josmentot@tamu.edu,Joshuah,Osment,vwywrd45
slegueyou,slegueyou@sakura.ne.jp,Sheena,Leguey,phmfwb78
zfeehamov,zfeehamov@shutterfly.com,Zedekiah,Feeham,nmlwsk31
gruddleow,gruddleow@wikia.com,Gav,Ruddle,snpjin99
acreadyox,acreadyox@pagesperso-orange.fr,Ashly,Cready,uybqaf86
saronsoy,saronsoy@timesonline.co.uk,Sisile,Arons,mzcrsx88
gdoucheoz,gdoucheoz@myspace.com,Gunter,Douche,cbbhrc87
eledramp0,eledramp0@jugem.jp,Emmott,Ledram,vwpkim57
gswatonp1,gswatonp1@blogtalkradio.com,Gabi,Swaton,gzgmwm11
tretterp2,tretterp2@arizona.edu,Trista,Retter,mrsmnz05
mdunksp3,mdunksp3@webeden.co.uk,Marrissa,Dunks,ghaccg43
cmacmichaelp4,cmacmichaelp4@army.mil,Consuelo,MacMichael,eoxocz15
ndradeyp5,ndradeyp5@sourceforge.net,Nolly,Dradey,eqhxak39
kmillandp6,kmillandp6@mlb.com,Karlee,Milland,oruqkv55
smaccostop7,smaccostop7@usa.gov,Shepherd,MacCosto,ukwten37
ybrodestp8,ybrodestp8@sbwire.com,Yoshi,Brodest,afhrsf10
twinnyp9,twinnyp9@4shared.com,Tadd,Winny,skqqde92
bnisbithpa,bnisbithpa@weibo.com,Brew,Nisbith,zguqxt21
rmactrusteypb,rmactrusteypb@wisc.edu,Roman,MacTrustey,astrpr77
laxelbeepc,laxelbeepc@linkedin.com,Laurie,Axelbee,auqytg96
acharonpd,acharonpd@blog.com,Aleta,Charon,kipdnk39
lripleype,lripleype@gravatar.com,Linell,Ripley,pnspdz16
jfoxonpf,jfoxonpf@si.edu,Jess,Foxon,gctwop50
lmacauleypg,lmacauleypg@drupal.org,Lin,Macauley,qfxbnn55
wovendaleph,wovendaleph@xing.com,West,Ovendale,iiiohr26
jshailerpi,jshailerpi@ed.gov,Janessa,Shailer,wtgice35
kcubberleypj,kcubberleypj@chron.com,Kettie,Cubberley,crfjbj31
bpeltzerpk,bpeltzerpk@reference.com,Berkeley,Peltzer,yvobtg49
clindstedtpl,clindstedtpl@sohu.com,Cristian,Lindstedt,jepfhu71
dmcmanamanpm,dmcmanamanpm@wordpress.com,Dynah,Mcmanaman,nbazpw08
sdungatepn,sdungatepn@yahoo.co.jp,Sherrie,Dungate,cfukih98
sdoughillpo,sdoughillpo@forbes.com,Sampson,Doughill,ujwclm75
nasppp,nasppp@geocities.com,Noelle,Asp,jbnbot60
bbuttepq,bbuttepq@foxnews.com,Brigg,Butte,hieigj09
ninnwoodpr,ninnwoodpr@dion.ne.jp,Nikola,Innwood,dxoiuo93
kjacombsps,kjacombsps@blog.com,Kerri,Jacombs,upeucr56
weloypt,weloypt@telegraph.co.uk,Wainwright,Eloy,mvljnb61
ahawksleypu,ahawksleypu@nsw.gov.au,Agnella,Hawksley,rctyfe68
cbyarspv,cbyarspv@1688.com,Carlina,Byars,grkhxt79
brivalpw,brivalpw@networkadvertising.org,Beverlee,Rival,wxawtr53
kclaibournpx,kclaibournpx@sphinn.com,Karrah,Claibourn,pjsomg55
mdrabblepy,mdrabblepy@illinois.edu,Mariel,Drabble,xbvadc92
gpetticanpz,gpetticanpz@vistaprint.com,Garold,Pettican,psjubb61
bconigsbyq0,bconigsbyq0@123-reg.co.uk,Blair,Conigsby,zbmlmo78
jtweedeq1,jtweedeq1@tinypic.com,Jaime,Tweede,rpbovw00
putleyq2,putleyq2@cnet.com,Perry,Utley,irsihk65
ggrevelq3,ggrevelq3@google.co.uk,Gratiana,Grevel,egslwo11
sbardeq4,sbardeq4@fotki.com,Sawyer,Barde,vsbsdc51
acancottq5,acancottq5@phoca.cz,Austin,Cancott,prrlxf78
lvaseq6,lvaseq6@imdb.com,Lenna,Vase,stbbue70
enevetq7,enevetq7@vkontakte.ru,Evaleen,Nevet,yznmnq09
gcalverq8,gcalverq8@vimeo.com,Gwen,Calver,choalj96
rionsq9,rionsq9@twitter.com,Ranique,Ions,cyyezw68
thamnerqa,thamnerqa@businessweek.com,Teriann,Hamner,paaynm24
avanarsdallqb,avanarsdallqb@geocities.jp,Amy,Van Arsdall,lzchhf88
glebournqc,glebournqc@pinterest.com,Glen,Lebourn,ghktui78
ybutrimovichqd,ybutrimovichqd@oakley.com,York,Butrimovich,sjnrmf34
esconesqe,esconesqe@sitemeter.com,Emyle,Scones,lvobna44
bgerbelqf,bgerbelqf@umn.edu,Berti,Gerbel,ziukfk47
ngoodhallqg,ngoodhallqg@weebly.com,Nickolas,Goodhall,yxtipy66
hpardeyqh,hpardeyqh@blogtalkradio.com,Heinrick,Pardey,kfolgl19
cboxhillqi,cboxhillqi@barnesandnoble.com,Cinderella,Boxhill,qluohp46
orohlfqj,orohlfqj@goo.ne.jp,Olenka,Rohlf,mhwojl35
dbeyerqk,dbeyerqk@boston.com,Dalton,Beyer,pjhyzz42
fpetrasekql,fpetrasekql@ucsd.edu,Frasco,Petrasek,emcubu81
mgoodridgeqm,mgoodridgeqm@discovery.com,Marti,Goodridge,jzwmim66
bpaiceqn,bpaiceqn@springer.com,Brennan,Paice,vtnbab68
challiganqo,challiganqo@usatoday.com,Christy,Halligan,sxqmri55
edaneqp,edaneqp@guardian.co.uk,Euphemia,Dane,enihgv08
fslowgroveqq,fslowgroveqq@imdb.com,Flynn,Slowgrove,mlvhal84
aeliassenqr,aeliassenqr@hud.gov,Alisun,Eliassen,mnxhwp89
hyoungeqs,hyoungeqs@unc.edu,Hersh,Younge,poksmh48
nzamoraqt,nzamoraqt@wsj.com,Nanny,Zamora,geiwmy14
dadanezqu,dadanezqu@guardian.co.uk,Dasie,Adanez,oyczjt22
schildsqv,schildsqv@usgs.gov,Shepperd,Childs,plmhrm93
mharkesqw,mharkesqw@economist.com,Mella,Harkes,ewiuqm52
jchiplinqx,jchiplinqx@yahoo.co.jp,Josy,Chiplin,vxwqfx18
plindblomqy,plindblomqy@prweb.com,Pete,Lindblom,ddsvoc15
hjannaschqz,hjannaschqz@engadget.com,Hanson,Jannasch,tkjuby48
escarrer0,escarrer0@unesco.org,Ethel,Scarre,toeykj68
jganifordr1,jganifordr1@omniture.com,Joaquin,Ganiford,nfreet61
trugierir2,trugierir2@oracle.com,Teador,Rugieri,uhywjt70
sbusainr3,sbusainr3@bbb.org,Sky,Busain,eabnbz44
browenr4,browenr4@unblog.fr,Brendin,Rowen,wgriod16
jrigmondr5,jrigmondr5@bbc.co.uk,Johnna,Rigmond,pdvorb62
kskowcraftr6,kskowcraftr6@senate.gov,Kathe,Skowcraft,izbqay98
jpedlinghamr7,jpedlinghamr7@oakley.com,Janaya,Pedlingham,nqgcpz98
ecaudelierr8,ecaudelierr8@dagondesign.com,Evita,Caudelier,dbtxun02
rlevingr9,rlevingr9@spotify.com,Rosette,Leving,gfpbxt98
amuldoonra,amuldoonra@samsung.com,Amanda,Muldoon,deqiga38
averdonrb,averdonrb@wiley.com,Amos,Verdon,mhfuya87
chatherleyrc,chatherleyrc@twitter.com,Charmain,Hatherley,kzrtln36
adraiseyrd,adraiseyrd@scientificamerican.com,Anita,Draisey,yeumka93
vmccuffiere,vmccuffiere@technorati.com,Vincenty,McCuffie,zrnvkx30
obrigginshawrf,obrigginshawrf@sohu.com,Oswell,Brigginshaw,guihkl74
bmacmurrayrg,bmacmurrayrg@wufoo.com,Barbe,MacMurray,fcycrn66
nfanthomerh,nfanthomerh@webnode.com,Nicki,Fanthome,otfoxz49
gwheatmanri,gwheatmanri@telegraph.co.uk,Gabrielle,Wheatman,anylem18
khacquardrj,khacquardrj@instagram.com,Kimmy,Hacquard,mgchoa42
bkemballrk,bkemballrk@si.edu,Berte,Kemball,fhcrfm71
cflattmanrl,cflattmanrl@friendfeed.com,Codie,Flattman,jkihwm14
ccrackrm,ccrackrm@scribd.com,Celestina,Crack,dlggxj48
wproudlerrn,wproudlerrn@last.fm,Windham,Proudler,ldimqn32
cpiddockero,cpiddockero@163.com,Chauncey,Piddocke,axovrz56
nfessbyrp,nfessbyrp@msn.com,Nixie,Fessby,tgzweq09
eastillrq,eastillrq@tumblr.com,Earvin,Astill,wavklk56
acrowchrr,acrowchrr@mapy.cz,Adelaida,Crowch,ftruuv35
