username,email,firstname,lastname,password
rhedin0,rhedin0@vk.com,Reinhard,Hedin,bynuth65
cboundey1,cboundey1@fda.gov,Cly,Boundey,lyowuj47
ujanssen2,ujanssen2@mediafire.com,Urbanus,Janssen,djqshr88
fluppitt3,fluppitt3@usgs.gov,Fedora,Luppitt,ulocem80
tstollenhof4,tstollenhof4@naver.com,Teddie,Stollenhof,ozehfn08
bgiblin5,bgiblin5@google.co.jp,Beau,Giblin,vlwqqp52
wdelacoste6,wdelacoste6@usnews.com,Wylma,Delacoste,xtgffa53
erandall7,erandall7@pbs.org,Elnore,Randall,pqunhp60
kadrien8,kadrien8@youtu.be,Kimmi,Adrien,svacze65
emonan9,emonan9@fotki.com,Editha,Monan,eaabbw90
cdorracotta,cdorracotta@sitemeter.com,Christiano,Dorracott,fhaybw77
cwoolvettb,cwoolvettb@nyu.edu,Corenda,Woolvett,vpkequ51
ccoardc,ccoardc@usgs.gov,Cleveland,Coard,qmcxyp64
kneaversond,kneaversond@topsy.com,Karlie,Neaverson,dxtdph30
gbaldreye,gbaldreye@imdb.com,Guinna,Baldrey,yptmsf46
fsheildsf,fsheildsf@vkontakte.ru,Fraser,Sheilds,wqjyqu40
tbemlottg,tbemlottg@hhs.gov,Tersina,Bemlott,wdnwdf57
btilmouthh,btilmouthh@multiply.com,Becka,Tilmouth,vejzts84
ldockeryi,ldockeryi@cloudflare.com,Lanita,Dockery,pqnnxr80
kbransomj,kbransomj@exblog.jp,Kent,Bransom,msnimg98
igalbraethk,igalbraethk@discuz.net,Ingaberg,Galbraeth,giyepm24
mholhousel,mholhousel@drupal.org,Mildred,Holhouse,gtiybm07
waucourtem,waucourtem@arizona.edu,Willy,Aucourte,krakux04
ssorbyn,ssorbyn@cbsnews.com,Staffard,Sorby,cqoswb08
ekochero,ekochero@amazon.de,Englebert,Kocher,vvtats62
efellosp,efellosp@de.vu,Eveleen,Fellos,csnpcv40
wbenettelliq,wbenettelliq@walmart.com,Windy,Benettelli,romobm21
aartindaler,aartindaler@clickbank.net,Abagael,Artindale,jnqkgh77
dcorraos,dcorraos@un.org,Davy,Corrao,sftvyj13
dputmant,dputmant@marketwatch.com,Dorine,Putman,tvzneh84
showu,showu@csmonitor.com,Sloan,How,gmsxgy47
byurygynv,byurygynv@un.org,Baxy,Yurygyn,aqfuno11
nbennerw,nbennerw@cpanel.net,Nancey,Benner,npzxdq17
ljohananovx,ljohananovx@furl.net,Lexis,Johananov,lztkxy18
jflavelley,jflavelley@vistaprint.com,Jodie,Flavelle,tkydfm02
lgrubyz,lgrubyz@hubpages.com,Leila,Gruby,ehavur53
mtidbold10,mtidbold10@blog.com,Maud,Tidbold,knwbxb99
mgwinnell11,mgwinnell11@ibm.com,Margareta,Gwinnell,glbghp52
jbasford12,jbasford12@hhs.gov,Jessamine,Basford,fnlgva81
bcapini13,bcapini13@earthlink.net,Bondy,Capini,vizffm63
ngehrts14,ngehrts14@storify.com,Nelson,Gehrts,lgqbzh09
cwetter15,cwetter15@nytimes.com,Chelsae,Wetter,syaxex10
dliepmann16,dliepmann16@hubpages.com,Davida,Liepmann,pocqux19
fgounel17,fgounel17@theguardian.com,Fancy,Gounel,jfvvnt15
prennebeck18,prennebeck18@ovh.net,Pris,Rennebeck,seuadq62
gthormwell19,gthormwell19@chron.com,Gillian,Thormwell,luvyyh50
lbattershall1a,lbattershall1a@discovery.com,Lauren,Battershall,uxtmss03
pwayland1b,pwayland1b@who.int,Pamella,Wayland,cdipvx38
pboullen1c,pboullen1c@deviantart.com,Pammy,Boullen,xsppgx20
rmatczak1d,rmatczak1d@cam.ac.uk,Rosabella,Matczak,jpiknp34
lmaly1e,lmaly1e@ameblo.jp,Lorine,Maly,fnqjem13
gskeldon1f,gskeldon1f@ibm.com,Gav,Skeldon,suiccx23
cjoscelin1g,cjoscelin1g@wix.com,Carine,Joscelin,ilrezs61
idavidovici1h,idavidovici1h@arizona.edu,Ileane,Davidovici,oljgix81
misaak1i,misaak1i@gov.uk,May,Isaak,vybmge42
vgerrelts1j,vgerrelts1j@google.it,Vonni,Gerrelts,bqjmxl50
gbulley1k,gbulley1k@google.nl,Gardener,Bulley,filwaj19
gpala1l,gpala1l@hao123.com,Ginni,Pala,epnaht18
gmapson1m,gmapson1m@issuu.com,Gregoor,Mapson,gtokfz33
holeksiak1n,holeksiak1n@timesonline.co.uk,Hayward,Oleksiak,gvxjpx59
lmccleary1o,lmccleary1o@constantcontact.com,Laurella,McCleary,rzctzc20
spohl1p,spohl1p@discovery.com,Smith,Pohl,dpdtoc38
cbailes1q,cbailes1q@noaa.gov,Carl,Bailes,ijlthf83
dwindibank1r,dwindibank1r@parallels.com,Daria,Windibank,dfqaxl54
odavion1s,odavion1s@w3.org,Odo,Davion,purujb47
rfaireclough1t,rfaireclough1t@deliciousdays.com,Rina,Faireclough,wsitvy93
mgyse1u,mgyse1u@sogou.com,Melinda,Gyse,ceausj43
msanz1v,msanz1v@hp.com,Maire,Sanz,avmkgn56
nshafto1w,nshafto1w@skyrock.com,Neil,Shafto,qzyvdz80
dmettricke1x,dmettricke1x@aboutads.info,Dennie,Mettricke,spqpvg43
tlayzell1y,tlayzell1y@imageshack.us,Tucky,Layzell,hqgeuh50
fcrim1z,fcrim1z@marriott.com,Filberte,Crim,lppcpu77
ejoscelin20,ejoscelin20@google.co.jp,Elspeth,Joscelin,ztrvvn73
rgerred21,rgerred21@photobucket.com,Ryley,Gerred,fwznmj57
ebrooksbie22,ebrooksbie22@geocities.com,Everard,Brooksbie,bbzsth54
dduddell23,dduddell23@prweb.com,Diann,Duddell,knnjpt62
clomis24,clomis24@wikia.com,Chuck,Lomis,wjqinj51
gkirtland25,gkirtland25@rambler.ru,Gonzales,Kirtland,rpclrf18
lmioni26,lmioni26@histats.com,Lewes,Mioni,oczunt50
awellbelove27,awellbelove27@va.gov,Antoinette,Wellbelove,gzerla19
ladamsky28,ladamsky28@miitbeian.gov.cn,Leann,Adamsky,daeyrx89
lgreenhill29,lgreenhill29@ycombinator.com,Lou,Greenhill,ipljnd17
sraddenbury2a,sraddenbury2a@microsoft.com,Shandie,Raddenbury,xcddrr69
dwyman2b,dwyman2b@ibm.com,Donnamarie,Wyman,cypkmm79
srorke2c,srorke2c@rediff.com,Stephana,Rorke,uptbym36
pleggan2d,pleggan2d@mapy.cz,Phil,Leggan,kxmoun63
mfronek2e,mfronek2e@arstechnica.com,Minne,Fronek,udervo43
ldavers2f,ldavers2f@webmd.com,Linoel,Davers,phssnp56
greddin2g,greddin2g@indiegogo.com,Gib,Reddin,lnrzkh04
jhelling2h,jhelling2h@edublogs.org,Josi,Helling,wwrjdr93
johowbane2i,johowbane2i@wikipedia.org,Janna,O'Howbane,bnjklu08
rkrebs2j,rkrebs2j@pagesperso-orange.fr,Rodina,Krebs,olcgce54
hbottomley2k,hbottomley2k@jiathis.com,Heather,Bottomley,zfpxrf96
cdelias2l,cdelias2l@gov.uk,Charlot,D'Elias,ahgbjc44
ctidy2m,ctidy2m@pinterest.com,Cinnamon,Tidy,yzgtxm29
slichfield2n,slichfield2n@seesaa.net,Stanislaus,Lichfield,jbjjnm92
yjurgen2o,yjurgen2o@usa.gov,Yance,Jurgen,bnelyp01
bgerraty2p,bgerraty2p@yolasite.com,Bart,Gerraty,usllfo84
cbrackenbury2q,cbrackenbury2q@diigo.com,Cally,Brackenbury,maqiul30
gklimkowski2r,gklimkowski2r@fastcompany.com,Gran,Klimkowski,urjhic32
asyddon2s,asyddon2s@sohu.com,Athene,Syddon,tzlqxr80
ejanata2t,ejanata2t@soup.io,Edd,Janata,jgklcu10
sdanzig2u,sdanzig2u@taobao.com,Selle,Danzig,qedyid55
rboxhill2v,rboxhill2v@github.io,Raychel,Boxhill,jwdesd56
cburris2w,cburris2w@buzzfeed.com,Cassandre,Burris,ltmscn65
hmalling2x,hmalling2x@upenn.edu,Herb,Malling,pgwbki86
slincke2y,slincke2y@people.com.cn,Shaylah,Lincke,uiwxhn97
tboutell2z,tboutell2z@webeden.co.uk,Tommi,Boutell,jrtszy84
amaclean30,amaclean30@house.gov,Agata,Maclean,nlmjyf50
hdilleway31,hdilleway31@toplist.cz,Holly,Dilleway,oozssc42
rstallworthy32,rstallworthy32@qq.com,Ruby,Stallworthy,evflqb82
fbarthelet33,fbarthelet33@loc.gov,Flem,Barthelet,oncyiq28
fmudle34,fmudle34@uol.com.br,Filippa,Mudle,qciceh39
lgallardo35,lgallardo35@example.com,Lauren,Gallardo,egfqxb68
hlisciardelli36,hlisciardelli36@fc2.com,Hobie,Lisciardelli,aikonh18
gdelepine37,gdelepine37@canalblog.com,Glenine,Delepine,osebjp04
lsturton38,lsturton38@oaic.gov.au,Lindsey,Sturton,hjsdfp24
llambard39,llambard39@craigslist.org,Lorita,Lambard,nsotfm97
wkinge3a,wkinge3a@cocolog-nifty.com,Wheeler,Kinge,pgavcd58
kbennellick3b,kbennellick3b@example.com,Kele,Bennellick,qdatkp50
wwesthofer3c,wwesthofer3c@upenn.edu,Westley,Westhofer,zppktd68
tspradbrow3d,tspradbrow3d@arstechnica.com,Theodora,Spradbrow,dupibz73
drigbye3e,drigbye3e@chicagotribune.com,Dorrie,Rigbye,vlhufw72
gshawyers3f,gshawyers3f@ftc.gov,Gaylene,Shawyers,wokbvu57
briley3g,briley3g@miibeian.gov.cn,Booth,Riley,jhreeg78
hdebiaggi3h,hdebiaggi3h@tuttocitta.it,Hugh,De Biaggi,pnifcg72
ptsar3i,ptsar3i@comsenz.com,Papagena,Tsar,qblhln91
ffairfoull3j,ffairfoull3j@tripadvisor.com,Farah,Fairfoull,rfyylo02
bvigors3k,bvigors3k@psu.edu,Benoite,Vigors,hjvato05
cburrill3l,cburrill3l@histats.com,Cahra,Burrill,vnssxg99
gbeeze3m,gbeeze3m@istockphoto.com,Gustie,Beeze,nqoiel26
mkirdsch3n,mkirdsch3n@1und1.de,Mitchel,Kirdsch,kqctnz90
mbrainsby3o,mbrainsby3o@comsenz.com,Marcille,Brainsby,dujjpd38
lheers3p,lheers3p@odnoklassniki.ru,Lisetta,Heers,numckl08
yroote3q,yroote3q@nifty.com,Yovonnda,Roote,iumjnk13
hlorentz3r,hlorentz3r@bloglovin.com,Huberto,Lorentz,ojondm13
rshimmans3s,rshimmans3s@amazon.co.jp,Rik,Shimmans,jiybpz86
lduplock3t,lduplock3t@pagesperso-orange.fr,Leif,Duplock,ongnxw62
brawlcliffe3u,brawlcliffe3u@blogger.com,Breanne,Rawlcliffe,pxyuhq75
kdicte3v,kdicte3v@mlb.com,Kettie,Dicte,lgjjrv14
dalabastar3w,dalabastar3w@craigslist.org,Dniren,Alabastar,jkmrvt57
vsmeaton3x,vsmeaton3x@paypal.com,Violante,Smeaton,hfrkib71
kdormand3y,kdormand3y@nifty.com,Karina,Dormand,lamyju67
obickersteth3z,obickersteth3z@wix.com,Olvan,Bickersteth,xzjrrl51
cshankster40,cshankster40@vistaprint.com,Clywd,Shankster,qyirnq58
mburness41,mburness41@wisc.edu,Mateo,Burness,sebdjm28
ccrooks42,ccrooks42@shinystat.com,Christel,Crooks,fenrrj55
pmounsey43,pmounsey43@scientificamerican.com,Pauli,Mounsey,xinvkg17
elydden44,elydden44@xing.com,Elianore,Lydden,uyqunq72
rbenardeau45,rbenardeau45@auda.org.au,Rozina,Benardeau,pqnoop52
ehover46,ehover46@google.it,Emilie,Hover,fpkmgy86
lhagwood47,lhagwood47@aol.com,Luisa,Hagwood,urmptu74
eranken48,eranken48@va.gov,Ertha,Ranken,nixqxt10
ljaggar49,ljaggar49@nymag.com,Lowe,Jaggar,xwvnlt04
twarner4a,twarner4a@shutterfly.com,Tyrus,Warner,skttkk06
ddullingham4b,ddullingham4b@hp.com,Daveen,Dullingham,tfrqax88
wmotte4c,wmotte4c@cloudflare.com,Wilma,Motte,zojola74
rwoodfine4d,rwoodfine4d@seattletimes.com,Ryun,Woodfine,rpgyhk87
tdanis4e,tdanis4e@loc.gov,Taddeusz,Danis,wsbrnj30
aassad4f,aassad4f@scientificamerican.com,Alvina,Assad,jbksrx98
carnke4g,carnke4g@angelfire.com,Catarina,Arnke,dyatyr39
rbaudouin4h,rbaudouin4h@youtube.com,Reggy,Baudouin,mcvwji18
mgrimsdike4i,mgrimsdike4i@wordpress.com,Minerva,Grimsdike,bmodtg32
szanutti4j,szanutti4j@over-blog.com,Saundra,Zanutti,eseoxz01
agent4k,agent4k@blogs.com,Anya,Gent,ykkfbo33
sparkman4l,sparkman4l@nature.com,Samuel,Parkman,vdrqxs12
tsydney4m,tsydney4m@bandcamp.com,Tildie,Sydney,smxglb58
jmulvy4n,jmulvy4n@jimdo.com,Jo,Mulvy,jybpyl99
blapley4o,blapley4o@usgs.gov,Bidget,Lapley,xnlbvw03
bfidelli4p,bfidelli4p@csmonitor.com,Babbette,Fidelli,ghoqii94
aourry4q,aourry4q@berkeley.edu,Arte,Ourry,jjpgoq52
lrobker4r,lrobker4r@delicious.com,Laetitia,Robker,qdhbkh81
cmccarthy4s,cmccarthy4s@prlog.org,Cal,McCarthy,hzveeg24
tmccomiskie4t,tmccomiskie4t@elpais.com,Timmy,McComiskie,uqclsk27
vbloxham4u,vbloxham4u@ftc.gov,Viviyan,Bloxham,evlrea02
pkopisch4v,pkopisch4v@so-net.ne.jp,Phineas,Kopisch,fradar85
mvennings4w,mvennings4w@nymag.com,Marlowe,Vennings,fhxbpg68
oixor4x,oixor4x@domainmarket.com,Obadiah,Ixor,wqevph98
drodolico4y,drodolico4y@gravatar.com,Darda,Rodolico,nwgtie98
gmengue4z,gmengue4z@blogger.com,Gregor,Mengue,vdktzr85
orawling50,orawling50@skype.com,Opalina,Rawling,vrwxoy47
abraven51,abraven51@nature.com,Amelia,Braven,mwdwus09
ldigwood52,ldigwood52@ihg.com,Lukas,Digwood,guszhk62
sworks53,sworks53@deviantart.com,Sher,Works,yhwsnf86
msiuda54,msiuda54@accuweather.com,Mirna,Siuda,kyrneq82
mmitchelhill55,mmitchelhill55@de.vu,Mignon,Mitchelhill,onuaax47
mkreuzer56,mkreuzer56@hubpages.com,Maxi,Kreuzer,mvjoyx45
cleathwood57,cleathwood57@rediff.com,Chrotoem,Leathwood,dwisld35
ddefew58,ddefew58@who.int,Dorthea,De Few,zdlhzc39
mjeanneau59,mjeanneau59@accuweather.com,Missy,Jeanneau,gxifsy59
fsapson5a,fsapson5a@pbs.org,Friedrick,Sapson,ltlqvv62
zgumery5b,zgumery5b@boston.com,Zondra,Gumery,ufcffa80
cblaw5c,cblaw5c@ucsd.edu,Candis,Blaw,rkowhi22
bmcnulty5d,bmcnulty5d@xrea.com,Barnebas,McNulty,tvqixv18
dconley5e,dconley5e@europa.eu,Dulce,Conley,jktjom93
lfrowde5f,lfrowde5f@reuters.com,Lyndel,Frowde,rilvaw63
awildbore5g,awildbore5g@dyndns.org,Alejandro,Wildbore,tcohni48
cmunt5h,cmunt5h@ucoz.ru,Candie,Munt,cjkecz20
cjenckes5i,cjenckes5i@unicef.org,Colas,Jenckes,jiembc12
vabriani5j,vabriani5j@blogs.com,Viva,Abriani,dsrtlk12
fmattschas5k,fmattschas5k@surveymonkey.com,Fernanda,Mattschas,jwckms35
bwoodrough5l,bwoodrough5l@yahoo.co.jp,Bryant,Woodrough,aeyqft24
karnoud5m,karnoud5m@yellowpages.com,Kele,Arnoud,wmohiw44
jgreenhough5n,jgreenhough5n@earthlink.net,Janaye,Greenhough,pigkbl36
bdowson5o,bdowson5o@blogtalkradio.com,Bradley,Dowson,ncupyg85
ngaraghan5p,ngaraghan5p@jimdo.com,Nestor,Garaghan,hthzkh67
kbertrand5q,kbertrand5q@alexa.com,Kiele,Bertrand,btdixf55
jhallewell5r,jhallewell5r@time.com,Jay,Hallewell,dgvxjs81
imoffet5s,imoffet5s@google.de,Inna,Moffet,jhmqqb27
lgoadsby5t,lgoadsby5t@imdb.com,Linet,Goadsby,bdfhsl69
jcettell5u,jcettell5u@reference.com,Juliet,Cettell,yvcyow96
dcutmere5v,dcutmere5v@ezinearticles.com,Dorisa,Cutmere,insmdj88
sgarnsey5w,sgarnsey5w@noaa.gov,Sadye,Garnsey,ncqlpi66
fwais5x,fwais5x@google.ca,Ferne,Wais,qmvban58
tdevillier5y,tdevillier5y@blog.com,Tina,de Villier,kfgats39
wstoneham5z,wstoneham5z@furl.net,Wilhelm,Stoneham,ikutaz87
sdemead60,sdemead60@google.cn,Sybil,Demead,pswsbu71
mnewlove61,mnewlove61@shinystat.com,Mariya,Newlove,tflvdt50
eabbado62,eabbado62@auda.org.au,Emmey,Abbado,yasqce35
tspringell63,tspringell63@ibm.com,Tera,Springell,xxalbs94
aungerechts64,aungerechts64@nydailynews.com,Angelita,Ungerechts,dbyptr83
azimmerman65,azimmerman65@xinhuanet.com,Art,Zimmerman,quslyj49
bbrimmicombe66,bbrimmicombe66@foxnews.com,Beverley,Brimmicombe,gkbybu16
esearl67,esearl67@jigsy.com,Elsbeth,Searl,mrytjq05
bmagister68,bmagister68@noaa.gov,Burty,Magister,zecvta63
rscadding69,rscadding69@aboutads.info,Rockie,Scadding,pnlvoh73
blissandri6a,blissandri6a@google.es,Bren,Lissandri,dvidqc35
gbonnier6b,gbonnier6b@auda.org.au,Grethel,Bonnier,jxtycc51
uetienne6c,uetienne6c@w3.org,Urbanus,Etienne,mnqyum17
ssuckling6d,ssuckling6d@bandcamp.com,Shelba,Suckling,arxduj91
dkahler6e,dkahler6e@constantcontact.com,Dorotea,Kahler,kzuwle46
dmegson6f,dmegson6f@g.co,Darren,Megson,anecgk85
taskam6g,taskam6g@meetup.com,Tally,Askam,wvopai42
melger6h,melger6h@rambler.ru,Matilde,Elger,yftuhd35
hdemitri6i,hdemitri6i@home.pl,Hank,De Mitri,plcxac73
dhurdidge6j,dhurdidge6j@cpanel.net,Dodie,Hurdidge,ulzywr64
lketchaside6k,lketchaside6k@networkadvertising.org,Loralyn,Ketchaside,kbrrwb66
lbatey6l,lbatey6l@ehow.com,Lucas,Batey,afeihu56
avint6m,avint6m@irs.gov,Ashely,Vint,lowpqw50
jlaneham6n,jlaneham6n@odnoklassniki.ru,Juanita,Laneham,swddeu45
hangell6o,hangell6o@who.int,Hedda,Angell,fvxutk17
pshipperbottom6p,pshipperbottom6p@amazon.co.jp,Philippine,Shipperbottom,oupwty45
cwoosnam6q,cwoosnam6q@usda.gov,Candie,Woosnam,utbxah36
cscudamore6r,cscudamore6r@behance.net,Charlene,Scudamore,yhbmak08
cbyass6s,cbyass6s@google.com.hk,Clarissa,Byass,grpiqh89
vheephy6t,vheephy6t@uiuc.edu,Vail,Heephy,smcqhp66
nsaye6u,nsaye6u@uol.com.br,Norri,Saye,mxcghx98
dgorwood6v,dgorwood6v@meetup.com,Dody,Gorwood,tohkrj41
glimpenny6w,glimpenny6w@state.gov,Gertrude,Limpenny,mhclta27
wtroughton6x,wtroughton6x@google.com,Webb,Troughton,mdudsd97
pgheorghe6y,pgheorghe6y@macromedia.com,Phillida,Gheorghe,crfonv27
medwicke6z,medwicke6z@mail.ru,Margeaux,Edwicke,ulsmhs49
ahamon70,ahamon70@bing.com,Armando,Hamon,spbnyo38
klesslie71,klesslie71@adobe.com,Keith,Lesslie,kazlgf87
apaladino72,apaladino72@upenn.edu,Anders,Paladino,swkodp38
mcoucher73,mcoucher73@senate.gov,Madalena,Coucher,xhlymm59
mahearne74,mahearne74@sohu.com,Melloney,Ahearne,izkuqt33
mmacilory75,mmacilory75@jigsy.com,Misty,MacIlory,frvnbf91
islaney76,islaney76@bloglovin.com,Isis,Slaney,jyyujv33
vbirkett77,vbirkett77@latimes.com,Virginia,Birkett,suxibl26
wmatelaitis78,wmatelaitis78@domainmarket.com,Wade,Matelaitis,ggxofx26
rbaline79,rbaline79@indiegogo.com,Rodina,Baline,junkrm46
bfairnie7a,bfairnie7a@ebay.co.uk,Bil,Fairnie,pekyxp58
kvernham7b,kvernham7b@salon.com,Keenan,Vernham,tadeij23
jattenburrow7c,jattenburrow7c@dyndns.org,Jessi,Attenburrow,pxcyod16
ssexti7d,ssexti7d@nps.gov,Selig,Sexti,kxgbre18
gskouling7e,gskouling7e@jugem.jp,Gunar,Skouling,eyzvgd46
bdumphry7f,bdumphry7f@youku.com,Beck,Dumphry,cioczi67
dgianasi7g,dgianasi7g@xrea.com,Demetria,Gianasi,hmajsh69
mabel7h,mabel7h@cmu.edu,Marta,Abel,jddhta44
mhinchshaw7i,mhinchshaw7i@altervista.org,Madelon,Hinchshaw,pbdcov20
ntingley7j,ntingley7j@usda.gov,Nesta,Tingley,hxfcsf46
ostoker7k,ostoker7k@cbslocal.com,Odelia,Stoker,kxgkok30
bferrey7l,bferrey7l@e-recht24.de,Bennie,Ferrey,sxqcko89
agilmore7m,agilmore7m@soundcloud.com,Andrew,Gilmore,wadjiy54
ylesper7n,ylesper7n@nytimes.com,Yuri,Lesper,dieatz26
eglidder7o,eglidder7o@slideshare.net,Elsie,Glidder,whgjao39
ecaulfield7p,ecaulfield7p@sogou.com,Evelyn,Caulfield,gmqlvc24
mstanyer7q,mstanyer7q@ox.ac.uk,Mariann,Stanyer,dycawe37
cgadney7r,cgadney7r@blog.com,Coletta,Gadney,fwjhmh60
wcatherine7s,wcatherine7s@facebook.com,Woodrow,Catherine,xnshlh03
blindenboim7t,blindenboim7t@merriam-webster.com,Bea,Lindenboim,zumrlv24
gpengilly7u,gpengilly7u@nhs.uk,Garrik,Pengilly,fdzrqu16
jmatei7v,jmatei7v@dedecms.com,Jany,Matei,ccuwcd72
inaldrett7w,inaldrett7w@java.com,Iris,Naldrett,fnnzjw59
vscougall7x,vscougall7x@webs.com,Valentijn,Scougall,qfnrys02
cfransoni7y,cfransoni7y@prlog.org,Caryn,Fransoni,auqqzu34
mbenoy7z,mbenoy7z@flickr.com,Manda,Benoy,qpldwc03
zthaim80,zthaim80@virginia.edu,Zola,Thaim,lmnkbj41
rpaull81,rpaull81@boston.com,Ron,Paull,oamrgu25
cmcmorran82,cmcmorran82@irs.gov,Clemmie,McMorran,utgplk66
llelievre83,llelievre83@techcrunch.com,Lamond,Lelievre,kveotm39
cpigne84,cpigne84@amazon.co.uk,Casie,Pigne,wwowdc68
ewaylen85,ewaylen85@nba.com,Elnar,Waylen,eolbvw00
vayrton86,vayrton86@smugmug.com,Verine,Ayrton,qbxuvi97
bduffill87,bduffill87@dedecms.com,Barrie,Duffill,kpbyym95
aarchell88,aarchell88@barnesandnoble.com,Ami,Archell,mcdctb28
dmisselbrook89,dmisselbrook89@yellowbook.com,Duff,Misselbrook,skkvhl39
imorhall8a,imorhall8a@comsenz.com,Inglebert,Morhall,iyengq49
waugur8b,waugur8b@weibo.com,Waverley,Augur,futqql50
ijakubovsky8c,ijakubovsky8c@yandex.ru,Imelda,Jakubovsky,upazak18
eeaklee8d,eeaklee8d@desdev.cn,Evelyn,Eaklee,gtfdue11
vneil8e,vneil8e@desdev.cn,Vivia,Neil,xmtclq68
dennever8f,dennever8f@google.co.jp,Dael,Ennever,mpwpuv90
frhodes8g,frhodes8g@unc.edu,Fidelia,Rhodes,hsbphi34
ccockitt8h,ccockitt8h@yellowbook.com,Cooper,Cockitt,ybztqy67
pdeacon8i,pdeacon8i@umn.edu,Page,Deacon,tlpfqa65
alaise8j,alaise8j@reverbnation.com,Adrienne,Laise,jncssl05
edumbrill8k,edumbrill8k@springer.com,Ellie,Dumbrill,ztvcpo56
vlucchi8l,vlucchi8l@weebly.com,Veda,Lucchi,lholxb62
hsandwith8m,hsandwith8m@patch.com,Hatti,Sandwith,cxdzdc84
bbacher8n,bbacher8n@mayoclinic.com,Beret,Bacher,yuptpl05
frisdale8o,frisdale8o@dailymail.co.uk,Filmer,Risdale,shwnax88
gvarey8p,gvarey8p@github.com,Gino,Varey,xvomer64
rbufton8q,rbufton8q@house.gov,Rog,Bufton,rzlcec73
nmenci8r,nmenci8r@si.edu,Neils,Menci,jdwngf64
chenlon8s,chenlon8s@ftc.gov,Corette,Henlon,ftkqoq14
dskilling8t,dskilling8t@nbcnews.com,Devonna,Skilling,mewzqr55
jvany8u,jvany8u@arstechnica.com,Jeremie,Vany,tvyzgo26
smacanelley8v,smacanelley8v@creativecommons.org,Shaylyn,MacAnelley,kkawrs22
selis8w,selis8w@businessweek.com,Sibella,Elis,sojfku99
lbuggy8x,lbuggy8x@sciencedaily.com,Lucias,Buggy,hxnczz95
bpaul8y,bpaul8y@virginia.edu,Belvia,Paul,ucqokn89
glarking8z,glarking8z@t-online.de,Gabey,Larking,ypiuqj29
ncockshtt90,ncockshtt90@tinypic.com,Nickola,Cockshtt,feucuv23
ntreleaven91,ntreleaven91@mayoclinic.com,North,Treleaven,prjanc44
jclemonts92,jclemonts92@uiuc.edu,Jsandye,Clemonts,pofnec18
kmacdearmont93,kmacdearmont93@google.ca,Kendricks,MacDearmont,soomtn44
skivell94,skivell94@independent.co.uk,Sibby,Kivell,nkxypj27
llabram95,llabram95@chicagotribune.com,Legra,Labram,thfdhv64
mbannard96,mbannard96@imageshack.us,Moore,Bannard,cikvpq48
hcurnucke97,hcurnucke97@foxnews.com,Hailee,Curnucke,kbegfd57
fhollingdale98,fhollingdale98@ifeng.com,Fina,Hollingdale,tqxdjh80
clabdon99,clabdon99@imdb.com,Cullen,Labdon,iszwgt93
bkernan9a,bkernan9a@theatlantic.com,Bud,Kernan,dhvjpk29
rjurca9b,rjurca9b@ted.com,Reggis,Jurca,qhxayk81
acancellieri9c,acancellieri9c@printfriendly.com,Alfie,Cancellieri,izzsfn26
arodie9d,arodie9d@networksolutions.com,Annalise,Rodie,qnzdxa71
cmerida9e,cmerida9e@blogger.com,Connie,Merida,urgpkt24
lspeare9f,lspeare9f@mashable.com,Lisha,Speare,nvnlqz81
lmcalester9g,lmcalester9g@nifty.com,Lonny,McAlester,woqmjo08
bpetasch9h,bpetasch9h@auda.org.au,Bentlee,Petasch,otjnuk65
dkinig9i,dkinig9i@wordpress.org,Daria,Kinig,jcavvh63
gdilleway9j,gdilleway9j@marriott.com,Glori,Dilleway,vndouz56
sblair9k,sblair9k@quantcast.com,Selig,Blair,cquraw88
lmcclure9l,lmcclure9l@naver.com,Lilith,McClure,dzpcpp96
kinns9m,kinns9m@businessinsider.com,Kaitlynn,Inns,kchzzz60
tsillito9n,tsillito9n@fda.gov,Tyne,Sillito,pvqcxq76
raucott9o,raucott9o@usa.gov,Regan,Aucott,bwrgdu28
kreding9p,kreding9p@sphinn.com,Kakalina,Reding,ofrsze74
abeagen9q,abeagen9q@flavors.me,Adina,Beagen,ulonzb83
kgudger9r,kgudger9r@disqus.com,Kenneth,Gudger,fyfkvx48
tmaso9s,tmaso9s@godaddy.com,Tish,Maso,vtwqzk62
mbeeke9t,mbeeke9t@whitehouse.gov,Marge,Beeke,thqlde43
psalzberger9u,psalzberger9u@gizmodo.com,Pammie,Salzberger,oiifdr03
osyrett9v,osyrett9v@constantcontact.com,Ogden,Syrett,huohvc91
mallchorn9w,mallchorn9w@1688.com,Meade,Allchorn,frgavd78
tbartelot9x,tbartelot9x@adobe.com,Tadeo,Bartelot,hetsft63
mbockings9y,mbockings9y@blinklist.com,Maiga,Bockings,cwdgzq18
shunnam9z,shunnam9z@wired.com,Stormi,Hunnam,hdbuot63
sgregorowicza0,sgregorowicza0@netscape.com,Siobhan,Gregorowicz,kxoegw85
aoverela1,aoverela1@dell.com,Andriana,Overel,ujzvvw67
totya2,totya2@nationalgeographic.com,Tanner,Oty,fesdhp81
cdantuonia3,cdantuonia3@cbslocal.com,Cecil,D'Antuoni,hmsvxq64
fvaleka4,fvaleka4@ebay.co.uk,Frasquito,Valek,ynpqia68
acowderoya5,acowderoya5@businesswire.com,Anselm,Cowderoy,gdztin47
hblansharda6,hblansharda6@cmu.edu,Holly,Blanshard,plbkki50
dmaughana7,dmaughana7@elpais.com,Deanna,Maughan,heiijc80
dgrentera8,dgrentera8@wikispaces.com,Dale,Grenter,ywfcgi42
bstationa9,bstationa9@hubpages.com,Baxy,Station,oggzvn88
jdamettiaa,jdamettiaa@about.com,Johannah,Dametti,jpkilk94
rdenidgeab,rdenidgeab@shinystat.com,Ronnica,Denidge,phwvyg23
mcoppac,mcoppac@1und1.de,Mitzi,Copp,xqwpuc20
stripettad,stripettad@pbs.org,Shannan,Tripett,valfgs17
cwehnerrae,cwehnerrae@indiatimes.com,Constantia,Wehnerr,aeygns71
mburhouseaf,mburhouseaf@ted.com,Mala,Burhouse,thkczd97
wferrierioag,wferrierioag@marketwatch.com,Walden,Ferrierio,qcirlr69
kbackeah,kbackeah@mashable.com,Kirby,Backe,cdaamz32
ejarvisai,ejarvisai@bbb.org,Elnore,Jarvis,tqkxmr47
amorbyaj,amorbyaj@state.tx.us,Alvinia,Morby,egtkkt94
egelardiak,egelardiak@wikimedia.org,Everard,Gelardi,ysqwdl45
cmacarthural,cmacarthural@pcworld.com,Corette,MacArthur,psdchl90
amassonam,amassonam@seesaa.net,Amandi,Masson,qjuuhw54
mcharkeran,mcharkeran@apple.com,Mariam,Charker,kcbiwk09
cvallantineao,cvallantineao@tinyurl.com,Connie,Vallantine,ipshgc58
raudsleyap,raudsleyap@marriott.com,Ravid,Audsley,mfhuye25
mwulfingeraq,mwulfingeraq@diigo.com,Maryrose,Wulfinger,qtsoep72
rfiskar,rfiskar@hugedomains.com,Raffarty,Fisk,rdrsod61
osowreyas,osowreyas@wisc.edu,Ortensia,Sowrey,afsyui83
mmccarlyat,mmccarlyat@timesonline.co.uk,Marcos,McCarly,evuvwu28
bhutchasonau,bhutchasonau@youtube.com,Berke,Hutchason,ppgvbf11
rtalletav,rtalletav@youtube.com,Rochelle,Tallet,drmqzh54
amillettaw,amillettaw@reddit.com,Artair,Millett,qmmgtb84
tpanasax,tpanasax@hhs.gov,Tony,Panas,vmhxka08
tmattiacciay,tmattiacciay@rediff.com,Tori,Mattiacci,tweglm94
lwebbyaz,lwebbyaz@sina.com.cn,Loreen,Webby,rdmrmo18
dmcgillacoellb0,dmcgillacoellb0@biblegateway.com,Dilly,McGillacoell,uurdpx74
achilesb1,achilesb1@soup.io,Adrea,Chiles,mrnyys59
smcillrickb2,smcillrickb2@plala.or.jp,Sylas,McIllrick,urnfnu92
kscardifeildb3,kscardifeildb3@aol.com,Karena,Scardifeild,rzolzz86
lderricob4,lderricob4@bravesites.com,Lyssa,D'Errico,ufkvqe88
gdyteb5,gdyteb5@prweb.com,Garth,Dyte,ozjnnq99
somearab6,somearab6@unblog.fr,Selena,O' Meara,ffnfmr30
vtuddallb7,vtuddallb7@spotify.com,Vassily,Tuddall,dltchm35
gjacopb8,gjacopb8@joomla.org,Giulietta,Jacop,oxazdr51
avankinb9,avankinb9@oaic.gov.au,Arman,Vankin,cqfcrw30
cvidelerba,cvidelerba@opera.com,Caroljean,Videler,pgaitj41
ebuzinebb,ebuzinebb@topsy.com,Emyle,Buzine,mrdxan54
sstollerbc,sstollerbc@cornell.edu,Sydney,Stoller,fjomqq53
jkristofbd,jkristofbd@mysql.com,Jocelin,Kristof,yjjtdm35
dpedwellbe,dpedwellbe@usa.gov,Daile,Pedwell,iyaioo48
isouthernsbf,isouthernsbf@google.es,Ivy,Southerns,vmvffe86
gizaksonbg,gizaksonbg@edublogs.org,Gael,Izakson,axnsah71
avowlesbh,avowlesbh@netlog.com,Allx,Vowles,cbjatp68
lnajerabi,lnajerabi@hc360.com,Lothario,Najera,wtrnub27
hswindonbj,hswindonbj@zdnet.com,Hagan,Swindon,oeawkx02
bbooybk,bbooybk@trellian.com,Benedicto,Booy,aqsfkv68
dnicollsbl,dnicollsbl@printfriendly.com,Dorry,Nicolls,pvixqi94
vwychbm,vwychbm@disqus.com,Vikky,Wych,dwiwcq64
kcollierbn,kcollierbn@edublogs.org,Klarrisa,Collier,jolpzm83
chenriebo,chenriebo@bravesites.com,Cacilia,Henrie,ghwdvq74
mkubatschbp,mkubatschbp@alexa.com,Marjie,Kubatsch,ttkcbd30
nidneybq,nidneybq@theatlantic.com,Norris,Idney,ybvnfn88
mpenquetbr,mpenquetbr@oracle.com,Mureil,Penquet,hghugw71
lespybs,lespybs@1688.com,Lazaro,Espy,skmmjp95
cdameiselebt,cdameiselebt@nature.com,Carena,Dameisele,afvewi72
estollardbu,estollardbu@ustream.tv,Ewell,Stollard,vuumee74
ngrayhambv,ngrayhambv@joomla.org,Nickey,Grayham,nwadbu23
bbrubw,bbrubw@163.com,Berny,Bru,linryx51
rsmoutbx,rsmoutbx@ft.com,Raimondo,Smout,dipbbp62
ostrelitzkiby,ostrelitzkiby@yahoo.com,Ole,Strelitzki,lbfumj76
jgaudinbz,jgaudinbz@skype.com,Jarrid,Gaudin,iwdyhh03
ndigbyc0,ndigbyc0@simplemachines.org,Nils,Digby,nkzblg35
docannanc1,docannanc1@cafepress.com,Debbie,O'Cannan,pnlhdx57
swelfarec2,swelfarec2@irs.gov,Sheffy,Welfare,tocfyr12
slintonc3,slintonc3@jigsy.com,Sabine,Linton,xxkrcr18
kfulhamc4,kfulhamc4@engadget.com,Kellyann,Fulham,wzuunz24
acolletc5,acolletc5@example.com,Allister,Collet,mayrrn72
lsimenonc6,lsimenonc6@marketwatch.com,Lilias,Simenon,uyedrc15
sgarvinc7,sgarvinc7@parallels.com,Steven,Garvin,qkpugg03
tjellmanc8,tjellmanc8@opera.com,Tamas,Jellman,snocjk60
rrichardesc9,rrichardesc9@mayoclinic.com,Ralf,Richardes,cqvedx85
ddanovichca,ddanovichca@wufoo.com,Dorena,Danovich,voligd82
yliascb,yliascb@dedecms.com,Yuri,Lias,jzdzbp04
akeycc,akeycc@imageshack.us,Adeline,Key,znfsqv39
kholdecd,kholdecd@dyndns.org,Kalvin,Holde,xtnpbi13
jaddicottce,jaddicottce@livejournal.com,Jolie,Addicott,ourwtu29
mkobelcf,mkobelcf@nydailynews.com,Martica,Kobel,olsapt60
rmarquandcg,rmarquandcg@china.com.cn,Rogers,Marquand,ukxyfs45
jnancech,jnancech@theglobeandmail.com,Jamesy,Nance,jpkvhn45
ekinchleaci,ekinchleaci@sphinn.com,Eden,Kinchlea,zklfbx55
kgaydoncj,kgaydoncj@google.com.hk,Kristen,Gaydon,yozjrn77
esturtonck,esturtonck@liveinternet.ru,Ewell,Sturton,afrkob29
rhartupcl,rhartupcl@fema.gov,Roxane,Hartup,qefifr81
hmunncm,hmunncm@pagesperso-orange.fr,Hill,Munn,mjapim49
cphilipsoncn,cphilipsoncn@cocolog-nifty.com,Cordell,Philipson,bhnvcp88
mfernsco,mfernsco@nba.com,Miriam,Ferns,scwpcm97
ddeerycp,ddeerycp@pen.io,Delia,Deery,iioyzd08
tquantrellcq,tquantrellcq@homestead.com,Tull,Quantrell,uknmue68
lgosscr,lgosscr@arizona.edu,Lyell,Goss,paknyt40
jolivellacs,jolivellacs@foxnews.com,Jaquelin,Olivella,hnngvi00
dgernierct,dgernierct@nationalgeographic.com,Denise,Gernier,uocazy19
jmabeecu,jmabeecu@mail.ru,Jacenta,Mabee,swjxbv12
bbetteneycv,bbetteneycv@foxnews.com,Boycie,Betteney,bpiksn00
gcockerhamcw,gcockerhamcw@ebay.co.uk,Georgy,Cockerham,hkfzhi63
ymoscocx,ymoscocx@berkeley.edu,Yuma,Mosco,yvtzob52
sebdincy,sebdincy@timesonline.co.uk,Sapphire,Ebdin,cypotw87
hcraggcz,hcraggcz@privacy.gov.au,Hector,Cragg,bvatei19
apickersaild0,apickersaild0@google.co.uk,Ashlin,Pickersail,uakjck12
espinksd1,espinksd1@biblegateway.com,Emlen,Spinks,hcroyx95
sdebiasid2,sdebiasid2@comsenz.com,Scot,De Biasi,oakpkl41
rmacbreartyd3,rmacbreartyd3@aol.com,Raye,MacBrearty,ajtufu03
cjirickd4,cjirickd4@oracle.com,Cathyleen,Jirick,bbhnmd60
tskittralld5,tskittralld5@posterous.com,Theodosia,Skittrall,oumrbp50
fmaylourd6,fmaylourd6@un.org,Flemming,Maylour,dkqnxa53
cblythd7,cblythd7@buzzfeed.com,Culley,Blyth,pfqcjy93
wcalteroned8,wcalteroned8@prnewswire.com,Wylie,Calterone,hhnsvo70
iruddockd9,iruddockd9@google.com,Imojean,Ruddock,ihwfer71
iriderda,iriderda@ucoz.ru,Ingamar,Rider,ihmuhb63
bmillottdb,bmillottdb@abc.net.au,Bernardo,Millott,boaodg12
wpeattiedc,wpeattiedc@hatena.ne.jp,Waylin,Peattie,sockff44
ymastermandd,ymastermandd@topsy.com,York,Masterman,yuguio17
gmeede,gmeede@slate.com,Gretta,Mee,jxkvbg84
bscohierdf,bscohierdf@devhub.com,Bealle,Scohier,hoqtfi02
gparnabydg,gparnabydg@biblegateway.com,Gustavo,Parnaby,rtmsor50
knicklinsondh,knicklinsondh@guardian.co.uk,Keane,Nicklinson,xpkdtj63
bfretterdi,bfretterdi@chronoengine.com,Bordie,Fretter,gzgeti92
afulkdj,afulkdj@trellian.com,Ardelle,Fulk,sgtwrk42
alandsburydk,alandsburydk@bbc.co.uk,Aloisia,Landsbury,pyqkwg74
owilgardl,owilgardl@miitbeian.gov.cn,Orel,Wilgar,rbigog06
jiaduccellidm,jiaduccellidm@icio.us,Jeannie,Iaduccelli,yhtooc40
dkitneydn,dkitneydn@chronoengine.com,Derwin,Kitney,fbynxg05
fdagondo,fdagondo@theguardian.com,Frederik,Dagon,wqlmht11
tfurnessdp,tfurnessdp@i2i.jp,Tiphanie,Furness,zdfrbj07
dpaddydq,dpaddydq@google.co.jp,Denys,Paddy,jeytvw95
nmeachemdr,nmeachemdr@columbia.edu,Nanni,Meachem,syqxau84
mcowernds,mcowernds@newyorker.com,Maddie,Cowern,npjdhz13
pkarolyidt,pkarolyidt@rambler.ru,Pat,Karolyi,xamthh26
lupwarddu,lupwarddu@github.com,Lillis,Upward,uzdueh28
mbewickedv,mbewickedv@jimdo.com,Malia,Bewicke,jlhtqu43
rmargriedw,rmargriedw@ed.gov,Rufe,Margrie,rebtwi34
salevequedx,salevequedx@wikispaces.com,Shurwood,Aleveque,bxiugh59
yiacobinidy,yiacobinidy@diigo.com,Yasmin,Iacobini,dwdiin93
cgorrydz,cgorrydz@newsvine.com,Clare,Gorry,ocojql09
lbiggine0,lbiggine0@google.es,Leonhard,Biggin,jpksti03
klalondee1,klalondee1@dailymail.co.uk,Katuscha,Lalonde,sqvlfo39
xstorrese2,xstorrese2@pen.io,Xenia,Storres,viapcx46
bcherme3,bcherme3@naver.com,Bernardine,Cherm,spdaeu01
mrialle4,mrialle4@npr.org,Mureil,Riall,jnnqkc42
fellsome5,fellsome5@hc360.com,Frederich,Ellsom,nblzvh32
gmetherelle6,gmetherelle6@google.nl,Greta,Metherell,wjgioz13
mhenzere7,mhenzere7@mapy.cz,Morgan,Henzer,pajbsp35
igrogonae8,igrogonae8@fema.gov,Iain,Grogona,michfu68
crichforde9,crichforde9@washingtonpost.com,Cordie,Richford,njoybu66
ltilliardea,ltilliardea@wikia.com,Letisha,Tilliard,uddkid89
hhowlingeb,hhowlingeb@live.com,Heath,Howling,gkowyp84
rtanmanec,rtanmanec@google.nl,Rock,Tanman,txjvjq12
sropsed,sropsed@army.mil,Serena,Rops,mosqhy55
ipenaee,ipenaee@sakura.ne.jp,Inger,Pena,mdvrkw90
lconklingef,lconklingef@ebay.co.uk,Lin,Conkling,kmilsq65
pvasyutineg,pvasyutineg@economist.com,Paula,Vasyutin,qwrpou76
lhammerbergereh,lhammerbergereh@hp.com,Loralyn,Hammerberger,uqmjte48
odivverei,odivverei@livejournal.com,Oona,Divver,dymiwu80
dheishamej,dheishamej@wiley.com,Deloria,Heisham,jfdmvr81
apracyek,apracyek@people.com.cn,Astrid,Pracy,exstoy99
erijkeseisel,erijkeseisel@springer.com,Eduardo,Rijkeseis,jhuhxp46
dcristofoloem,dcristofoloem@ovh.net,Daphne,Cristofolo,actdnv39
lcossansen,lcossansen@quantcast.com,Letta,Cossans,deetoe34
gdickensoneo,gdickensoneo@wikimedia.org,Glad,Dickenson,qikfhg44
bdavidoffep,bdavidoffep@google.nl,Brose,Davidoff,tdkygc19
msampereq,msampereq@abc.net.au,Margit,Samper,uuzovn54
dsouthorner,dsouthorner@printfriendly.com,Donnie,Southorn,jdpagx10
mlowethes,mlowethes@unicef.org,Monica,Loweth,zgemct22
jdavittet,jdavittet@list-manage.com,Julienne,Davitt,lwvkiu26
atzukereu,atzukereu@ucoz.com,Aila,Tzuker,kagpxu81
csweetsurev,csweetsurev@tuttocitta.it,Carleton,Sweetsur,uylvus27
lrudloffew,lrudloffew@ask.com,Lishe,Rudloff,wxyind76
nclausnerex,nclausnerex@1688.com,Ninette,Clausner,etorrf98
odurstoney,odurstoney@mozilla.org,Orsola,Durston,bdkhdx27
mcoundleyez,mcoundleyez@merriam-webster.com,Martie,Coundley,wdqlzb95
hpoggf0,hpoggf0@delicious.com,Hinda,Pogg,udvujv38
rspearettf1,rspearettf1@sbwire.com,Randolf,Spearett,dpfpce36
mroself2,mroself2@topsy.com,Marta,Rosel,hgqajo66
mmccrawf3,mmccrawf3@oracle.com,Merilyn,McCraw,xhxkqc66
gfenimoref4,gfenimoref4@plala.or.jp,Giulio,Fenimore,mlpigw30
cpatyf5,cpatyf5@netlog.com,Coraline,Paty,aeyodj91
rmelsomf6,rmelsomf6@theglobeandmail.com,Rosemaria,Melsom,oskisb74
lsandersonf7,lsandersonf7@shutterfly.com,Libby,Sanderson,logekd01
dmcsheaf8,dmcsheaf8@reference.com,Dominik,McShea,jkhfjs09
ymaudef9,ymaudef9@twitpic.com,Yancy,Maude,vxecxq13
jfarnhamfa,jfarnhamfa@wunderground.com,Jeanine,Farnham,famrls60
mhaggethfb,mhaggethfb@yahoo.co.jp,Melany,Haggeth,snrjxs63
gharborowfc,gharborowfc@auda.org.au,Geoffry,Harborow,ewbxqo69
bjamisonfd,bjamisonfd@barnesandnoble.com,Birk,Jamison,xertbu57
mraubheimfe,mraubheimfe@vkontakte.ru,Minetta,Raubheim,cxomdk49
gcarekff,gcarekff@cargocollective.com,Giorgi,Carek,yevqgm24
pmaffinifg,pmaffinifg@forbes.com,Pacorro,Maffini,dcmpvp97
eorkneyfh,eorkneyfh@senate.gov,Ernestus,Orkney,apuyqt34
ohustonfi,ohustonfi@dion.ne.jp,Ole,Huston,lcjfns23
cbigadikefj,cbigadikefj@admin.ch,Clarette,Bigadike,bbcbjo13
srignoldfk,srignoldfk@mozilla.org,Sidney,Rignold,dunwhz71
oposenfl,oposenfl@bravesites.com,Octavius,Posen,enhqbx49
chazletonfm,chazletonfm@dailymail.co.uk,Carley,Hazleton,hhjexk20
sdahillfn,sdahillfn@hhs.gov,Staffard,Dahill,dsprfj76
rleythleyfo,rleythleyfo@reverbnation.com,Rolland,Leythley,bbrtxz54
rlukehurstfp,rlukehurstfp@symantec.com,Romy,Lukehurst,cwdyft17
ndinesfq,ndinesfq@hibu.com,Nike,Dines,rrqned30
rsiggeryfr,rsiggeryfr@hugedomains.com,Reginauld,Siggery,gkoxxs10
ahusherfs,ahusherfs@creativecommons.org,Antoni,Husher,mipzte95
emumbeyft,emumbeyft@linkedin.com,Elwin,Mumbey,ivobvm41
rwestgarthfu,rwestgarthfu@about.com,Richart,Westgarth,dxczeb42
shammondsfv,shammondsfv@paginegialle.it,Sid,Hammonds,icqbxj43
katleefw,katleefw@indiatimes.com,Kary,Atlee,gkfsgc01
dcarsefx,dcarsefx@microsoft.com,Dimitri,Carse,mmhevv09
pgaynefy,pgaynefy@mtv.com,Paten,Gayne,wpsvek78
apolkinghornefz,apolkinghornefz@infoseek.co.jp,Armstrong,Polkinghorne,vivofu02
cperreeg0,cperreeg0@buzzfeed.com,Con,Perree,taguyp93
mwedderburng1,mwedderburng1@comcast.net,Marcela,Wedderburn,ghqmvt32
fdriuzzig2,fdriuzzig2@zdnet.com,Faina,Driuzzi,piicgo32
aloyntong3,aloyntong3@spotify.com,Aurore,Loynton,ymdtzi75
jmarling4,jmarling4@washingtonpost.com,Jens,Marlin,qbjenz73
bfansyg5,bfansyg5@usnews.com,Berkley,Fansy,vtcclj37
lcumberlidgeg6,lcumberlidgeg6@csmonitor.com,Lainey,Cumberlidge,oomklv63
rweeksg7,rweeksg7@ucoz.ru,Rebecca,Weeks,mahixh70
bhowtong8,bhowtong8@hexun.com,Bernie,Howton,tvljvd24
hburtwistleg9,hburtwistleg9@constantcontact.com,Hurlee,Burtwistle,dcrygy33
hstaveleyga,hstaveleyga@hibu.com,Hermann,Staveley,mqcftj44
jhurlstongb,jhurlstongb@altervista.org,Jaquenetta,Hurlston,szcgfi77
odietzlergc,odietzlergc@wikipedia.org,Onfroi,Dietzler,zxggif83
nplumergd,nplumergd@dion.ne.jp,Nessa,Plumer,conuio14
sbradtkege,sbradtkege@php.net,Sharleen,Bradtke,sjrtmr37
beedegf,beedegf@blogs.com,Bar,Eede,zuqnsa68
drumpgg,drumpgg@spotify.com,Devonna,Rump,tjjjoo17
mracciogh,mracciogh@wufoo.com,Meridel,Raccio,xzhyna51
kcharlestongi,kcharlestongi@noaa.gov,Kennith,Charleston,owzwnx17
cdictusgj,cdictusgj@un.org,Christian,Dictus,cddypq49
drennebeckgk,drennebeckgk@patch.com,Daune,Rennebeck,pxtzur13
mdungategl,mdungategl@accuweather.com,Marcos,Dungate,zngmhl33
hbortolgm,hbortolgm@google.co.uk,Hilliard,Bortol,tavjst97
aboddingtongn,aboddingtongn@usda.gov,Annora,Boddington,ocxmnr26
pfairheadgo,pfairheadgo@purevolume.com,Pinchas,Fairhead,ztiwed38
tgorelligp,tgorelligp@macromedia.com,Towney,Gorelli,chcffd33
isouthcoatgq,isouthcoatgq@hc360.com,Irwinn,Southcoat,dmlrrf73
bcaddellgr,bcaddellgr@ning.com,Brody,Caddell,diieee47
vmckeneygs,vmckeneygs@creativecommons.org,Vinni,McKeney,zrblcn86
gcarolangt,gcarolangt@ovh.net,Gertruda,Carolan,ucdenm34
methridgegu,methridgegu@blogs.com,Marven,Ethridge,qasjel46
bfengegv,bfengegv@slashdot.org,Base,Fenge,jtewoa13
rhowellgw,rhowellgw@about.com,Richy,Howell,rbjeig57
rmardlegx,rmardlegx@rambler.ru,Ruddie,Mardle,zxzkwv28
usparwaygy,usparwaygy@nhs.uk,Ursula,Sparway,lsrzkn52
pswainsgz,pswainsgz@boston.com,Palmer,Swains,wlbbzj39
emasseoh0,emasseoh0@umich.edu,Emiline,Masseo,mowaug32
wsinclaireh1,wsinclaireh1@paginegialle.it,Wake,Sinclaire,yphzwo64
asilversmidh2,asilversmidh2@cornell.edu,Alverta,Silversmid,dmsqbi19
ospitellh3,ospitellh3@tuttocitta.it,Odele,Spitell,wzchmu00
dchrishoph4,dchrishoph4@accuweather.com,Dominik,Chrishop,vphbdd79
bscrivenorh5,bscrivenorh5@dagondesign.com,Brade,Scrivenor,qjwjrs24
kbarckh6,kbarckh6@booking.com,Katine,Barck,ifabvg83
ferath7,ferath7@howstuffworks.com,Frederico,Erat,ruqdjk98
mabateh8,mabateh8@sitemeter.com,Melba,Abate,bmezhr01
mwhaleh9,mwhaleh9@google.fr,Mireielle,Whale,xxzigq61
cbellelliha,cbellelliha@ning.com,Codee,Bellelli,oabvqj14
dinfantehb,dinfantehb@paypal.com,Darby,Infante,chprjf85
koffilerhc,koffilerhc@cam.ac.uk,Kirsteni,Offiler,czhzon19
mskeenhd,mskeenhd@salon.com,Mommy,Skeen,ktealt02
fgourdonhe,fgourdonhe@creativecommons.org,Fulvia,Gourdon,vmygbh08
akilmurrayhf,akilmurrayhf@nasa.gov,Angie,Kilmurray,pcpikc58
ouziellihg,ouziellihg@quantcast.com,Oates,Uzielli,ljglsy76
tdakershh,tdakershh@freewebs.com,Trina,Dakers,vpflkt30
aswanbournehi,aswanbournehi@wordpress.org,Alaster,Swanbourne,kkpdqb55
lbernthj,lbernthj@nationalgeographic.com,Leonardo,Bernt,uijznq61
uemblowhk,uemblowhk@surveymonkey.com,Ulberto,Emblow,pnouqu52
wackermannhl,wackermannhl@usa.gov,Waiter,Ackermann,jrrvtg63
gmoycehm,gmoycehm@dot.gov,Gerrie,Moyce,qlgigl08
ghumbleshn,ghumbleshn@istockphoto.com,Guinevere,Humbles,yvribf37
pbulteelho,pbulteelho@elpais.com,Petronille,Bulteel,ejbems94
gwayletthp,gwayletthp@slate.com,Georgette,Waylett,lxmecx31
uormondehq,uormondehq@g.co,Udall,Ormonde,nvprwm14
jarundelhr,jarundelhr@google.com.hk,Jacklyn,Arundel,ifxlhx47
bjedrzejczakhs,bjedrzejczakhs@answers.com,Brade,Jedrzejczak,rjvryp60
pjohnceyht,pjohnceyht@apple.com,Prue,Johncey,uwrsnc34
elangshawhu,elangshawhu@creativecommons.org,Emlyn,Langshaw,phjrvt43
dcursonshv,dcursonshv@hubpages.com,Dolf,Cursons,ijicld06
jhazeltinehw,jhazeltinehw@hugedomains.com,Jilly,Hazeltine,mytkfg12
mmcilennahx,mmcilennahx@toplist.cz,Michel,McIlenna,phukgi23
mcrosgrovehy,mcrosgrovehy@senate.gov,Maure,Crosgrove,jqriyx37
sbomehz,sbomehz@usda.gov,Sybille,Bome,fhecsv30
kgoulleei0,kgoulleei0@joomla.org,Kylie,Goullee,vjratx18
ldupreyi1,ldupreyi1@ed.gov,Leela,Duprey,raatkz00
bimorti2,bimorti2@123-reg.co.uk,Brit,Imort,lpjktu79
ggoldinei3,ggoldinei3@surveymonkey.com,Guido,Goldine,kfwvvo30
levansi4,levansi4@microsoft.com,Lora,Evans,rojcsq07
jlichfieldi5,jlichfieldi5@usa.gov,Jeffy,Lichfield,dfabme69
bgrevilei6,bgrevilei6@cisco.com,Brody,Grevile,kladpc06
gmaybeyi7,gmaybeyi7@dedecms.com,Gill,Maybey,xhopnv20
jhalpini8,jhalpini8@nbcnews.com,Jennie,Halpin,yaxncc58
eallibandi9,eallibandi9@businesswire.com,Emmaline,Alliband,akpvwt97
habbisia,habbisia@eventbrite.com,Hastie,Abbis,ulhfom34
phedderlyib,phedderlyib@trellian.com,Penny,Hedderly,wmpaww96
rkersleyic,rkersleyic@forbes.com,Robb,Kersley,ynlrzl55
boriganid,boriganid@goo.ne.jp,Beck,Origan,bedenl84
mpohlie,mpohlie@about.com,Morena,Pohl,rnkgwg05
dcureeif,dcureeif@un.org,Deerdre,Curee,ontbrm02
vrayburnig,vrayburnig@ucoz.com,Vitoria,Rayburn,tuuzbm07
mcaughtih,mcaughtih@uiuc.edu,Maxy,Caught,xrzvqp94
wogreadyii,wogreadyii@weather.com,Whitby,O'Gready,eqjiqg74
tkieransij,tkieransij@domainmarket.com,Tony,Kierans,hkwqom81
hrallingsik,hrallingsik@wikipedia.org,Humfrid,Rallings,dpouxm16
kfishleyil,kfishleyil@squarespace.com,Kristo,Fishley,voqqwx43
lcrookstonim,lcrookstonim@reddit.com,Letizia,Crookston,yybagw29
ethysin,ethysin@engadget.com,Elmo,Thys,rwvqaq59
xgowansonio,xgowansonio@baidu.com,Ximenez,Gowanson,bnudks05
mtomalaip,mtomalaip@ow.ly,Merrick,Tomala,atdjvd04
pshearsbyiq,pshearsbyiq@technorati.com,Pen,Shearsby,kocmje39
eserleir,eserleir@youtu.be,Emelia,Serle,vslpfb93
crispenis,crispenis@cafepress.com,Cicily,Rispen,nfrumg91
rdrinkeldit,rdrinkeldit@blinklist.com,Rora,Drinkeld,ijflwf65
aatackiu,aatackiu@disqus.com,Anabal,Atack,jbsngu62
mbraidmaniv,mbraidmaniv@etsy.com,Melba,Braidman,kzkcyy65
rborrieiw,rborrieiw@statcounter.com,Ruthann,Borrie,auhfjc79
cdonnix,cdonnix@g.co,Clem,Donn,juyyzj45
hvittetiy,hvittetiy@free.fr,Herman,Vittet,ideikl59
agurlingiz,agurlingiz@goo.ne.jp,Aubrette,Gurling,jkfaqm05
bhatryj0,bhatryj0@wsj.com,Bette,Hatry,fcegim06
bcagej1,bcagej1@twitpic.com,Branden,Cage,pzeecf34
jswaynej2,jswaynej2@usa.gov,Joleen,Swayne,yrqvve62
etwelftreej3,etwelftreej3@netvibes.com,Estell,Twelftree,votpfz09
mparrisj4,mparrisj4@abc.net.au,Monica,Parris,uudcot72
fpionterj5,fpionterj5@pcworld.com,Fidole,Pionter,muchtg26
agartrellj6,agartrellj6@moonfruit.com,Aime,Gartrell,dlkava54
egoodsellj7,egoodsellj7@sakura.ne.jp,Eugine,Goodsell,cdkeme29
smoncreifj8,smoncreifj8@nba.com,Sapphire,Moncreif,zvdvme68
mbocklerj9,mbocklerj9@google.com.au,Maddalena,Bockler,dpgqni25
ccoggillja,ccoggillja@w3.org,Clevie,Coggill,mmclgs69
cdilstonjb,cdilstonjb@tamu.edu,Corey,Dilston,tfrfsc70
bhousenjc,bhousenjc@amazon.co.uk,Berton,Housen,afisoc69
nmcreathjd,nmcreathjd@stanford.edu,Niels,McReath,lkzdrz19
dseedsje,dseedsje@constantcontact.com,Daloris,Seeds,viabsf41
bcarolinejf,bcarolinejf@yahoo.co.jp,Bevan,Caroline,cycurp02
hhaskaynejg,hhaskaynejg@globo.com,Hannis,Haskayne,edqzaa29
mvoicejh,mvoicejh@dyndns.org,Millard,Voice,eqqvlx47
fthorbyji,fthorbyji@vkontakte.ru,Francklyn,Thorby,iztfci93
sbentjj,sbentjj@adobe.com,Saidee,Bent,pxvgtw37
ballsupjk,ballsupjk@va.gov,Bethena,Allsup,wkovhn55
sblaiklockjl,sblaiklockjl@nih.gov,Sybille,Blaiklock,lfoqed26
lorvissjm,lorvissjm@tuttocitta.it,Laurens,Orviss,twcxou96
drameljn,drameljn@parallels.com,Darelle,Ramel,kcsrhs55
lrickelljo,lrickelljo@craigslist.org,Lurline,Rickell,eklomz17
brochesterjp,brochesterjp@dailymail.co.uk,Benedicto,Rochester,mhvcne62
gduguejq,gduguejq@themeforest.net,Gib,Dugue,tyeltw97
hbilbeejr,hbilbeejr@ibm.com,Harley,Bilbee,iljyis71
tloveladyjs,tloveladyjs@dot.gov,Tova,Lovelady,ysyoap43
fcafferyjt,fcafferyjt@washington.edu,Fields,Caffery,uhqrqu62
mbendleyju,mbendleyju@theatlantic.com,Meghann,Bendley,pkgwqn81
mmaciejajv,mmaciejajv@cdbaby.com,Mikol,Macieja,ukwvzg92
cgauvinjw,cgauvinjw@ihg.com,Chantal,Gauvin,hooaxr13
dkiehnltjx,dkiehnltjx@pbs.org,Dallon,Kiehnlt,ghxgfq42
clengletjy,clengletjy@springer.com,Cthrine,Lenglet,jnkbht71
hmenghijz,hmenghijz@altervista.org,Hastie,Menghi,bzzstu15
rlandersk0,rlandersk0@bluehost.com,Roanna,Landers,vjtmgg90
rmckinnonk1,rmckinnonk1@yellowpages.com,Roland,McKinnon,bcuijq22
mponnsettk2,mponnsettk2@constantcontact.com,Mauricio,Ponnsett,gyknir50
chambridgek3,chambridgek3@businessinsider.com,Coral,Hambridge,gjaxpm04
kzimak4,kzimak4@tiny.cc,Kort,Zima,lfidxt04
lfallenk5,lfallenk5@people.com.cn,Lyon,Fallen,gnertl90
lcardonk6,lcardonk6@networkadvertising.org,Lyda,Cardon,ockgbi21
psnaddenk7,psnaddenk7@plala.or.jp,Phineas,Snadden,dmuako09
pdichek8,pdichek8@php.net,Pam,Diche,rcxqtl59
pscardefieldk9,pscardefieldk9@shinystat.com,Pat,Scardefield,awevjk87
kgeeritska,kgeeritska@princeton.edu,Katina,Geerits,bpnjyf74
lodbykb,lodbykb@uol.com.br,Lacey,Odby,wursgq49
ajoelkc,ajoelkc@phoca.cz,Ardelia,Joel,hvymkv56
oaindraiskd,oaindraiskd@weather.com,Osmund,Aindrais,ugjnmv55
tbarochke,tbarochke@google.nl,Tammie,Baroch,nrsqsz29
rdyballkf,rdyballkf@engadget.com,Ruthann,Dyball,ivfbaj47
nmackettkg,nmackettkg@mapy.cz,Nanice,Mackett,uclcat25
zsambrookkh,zsambrookkh@dailymail.co.uk,Zandra,Sambrook,rwrkvj02
cclaussonki,cclaussonki@prweb.com,Cary,Clausson,lglynh23
nkertonkj,nkertonkj@sphinn.com,Nev,Kerton,hffrvp16
jsevinkk,jsevinkk@cmu.edu,Josy,Sevin,yqendv82
ngramerkl,ngramerkl@hexun.com,Noak,Gramer,zrlufw11
ebussellkm,ebussellkm@youtu.be,Elwin,Bussell,rwlliw42
mgarnkn,mgarnkn@mediafire.com,Matilda,Garn,qfpiqo62
ajacopko,ajacopko@a8.net,Anne,Jacop,adabew63
bwoloschinkp,bwoloschinkp@cornell.edu,Brit,Woloschin,dzmube71
cfookskq,cfookskq@bbc.co.uk,Cully,Fooks,dfgiyg65
hfetterplacekr,hfetterplacekr@shareasale.com,Haydon,Fetterplace,tndcbk75
tschurigks,tschurigks@sbwire.com,Trisha,Schurig,uvspir11
lpitrollokt,lpitrollokt@reuters.com,Lulita,Pitrollo,gulgko51
hsharplesku,hsharplesku@pen.io,Hewie,Sharples,ncbbsz46
phundaykv,phundaykv@indiegogo.com,Peadar,Hunday,xflddt70
jakehurstkw,jakehurstkw@marriott.com,Jolyn,Akehurst,exdncs86
toatleykx,toatleykx@qq.com,Timmie,Oatley,jxiubm10
aferrandky,aferrandky@163.com,Alaine,Ferrand,ktzqjw54
njordansonkz,njordansonkz@smugmug.com,Nicoline,Jordanson,bbawha29
mtoyerl0,mtoyerl0@npr.org,Merrile,Toyer,jzgnsa18
abethelll1,abethelll1@fc2.com,Arny,Bethell,uoejrm95
bdankersleyl2,bdankersleyl2@tumblr.com,Bentley,Dankersley,drsewg30
joharneyl3,joharneyl3@yandex.ru,Joelie,O'Harney,hktwlo27
tabryl4,tabryl4@nytimes.com,Tiphani,Abry,okswhp44
ftadmanl5,ftadmanl5@blogtalkradio.com,Feliks,Tadman,bezeib42
icrootel6,icrootel6@blog.com,Isaac,Croote,hcixzr46
fsewelll7,fsewelll7@ucla.edu,Fionnula,Sewell,qoqhbm69
apennelll8,apennelll8@earthlink.net,Alisha,Pennell,yyydgs20
hmasil9,hmasil9@marketwatch.com,Hetty,Masi,qpdwqf09
edovydenasla,edovydenasla@live.com,Eula,Dovydenas,cuwxxg01
eklemenciclb,eklemenciclb@vimeo.com,Ediva,Klemencic,uucvar71
nbauldreylc,nbauldreylc@vkontakte.ru,Noellyn,Bauldrey,mooian68
hpichmannld,hpichmannld@webeden.co.uk,Hernando,Pichmann,atrzji91
plilionle,plilionle@t.co,Peder,Lilion,iknhxx03
dscamplf,dscamplf@usgs.gov,Duky,Scamp,rrywvi16
jmcmonnieslg,jmcmonnieslg@cmu.edu,Jonell,McMonnies,nlqion35
gdorsaylh,gdorsaylh@shop-pro.jp,Gerick,D'Orsay,nezpge64
wbuchanli,wbuchanli@dot.gov,Wallace,Buchan,aoqtus91
eliveleylj,eliveleylj@cnn.com,Elise,Liveley,zdazaa15
kgingedalelk,kgingedalelk@ca.gov,Katalin,Gingedale,cytwks41
tkilleleyll,tkilleleyll@flickr.com,Tatiana,Killeley,nnvvrh32
modolm,modolm@topsy.com,Matthias,Odo,xbkijg76
bnewbornln,bnewbornln@usatoday.com,Brittani,Newborn,efsgah62
bambersonlo,bambersonlo@dion.ne.jp,Bail,Amberson,jkxyyd99
mmazzillilp,mmazzillilp@hexun.com,Marilee,Mazzilli,vqrkza59
vmarriotlq,vmarriotlq@dmoz.org,Vick,Marriot,wnpxvd76
ykelbermanlr,ykelbermanlr@squidoo.com,Yasmin,Kelberman,xjnmum06
evalintinels,evalintinels@ehow.com,Emmalyn,Valintine,tgddzu94
qewartlt,qewartlt@is.gd,Quentin,Ewart,wnhhfo63
sairylu,sairylu@redcross.org,Stepha,Airy,mfqhdg54
trobbielv,trobbielv@umich.edu,Trever,Robbie,deynyk23
jhowshiplw,jhowshiplw@house.gov,Jenilee,Howship,hdzbuo00
hdillistonelx,hdillistonelx@dedecms.com,Hildegaard,Dillistone,wlqmvb88
apentinly,apentinly@vk.com,Averil,Pentin,auyyse13
dcurrerlz,dcurrerlz@omniture.com,Dunn,Currer,maokef43
bdavidovicsm0,bdavidovicsm0@odnoklassniki.ru,Barthel,Davidovics,iqsjmu19
aantonichm1,aantonichm1@berkeley.edu,Abbi,Antonich,eexmoj31
acoggeshallm2,acoggeshallm2@studiopress.com,Aube,Coggeshall,ijwbae35
kolifauntm3,kolifauntm3@tiny.cc,Kasper,Olifaunt,bhucth59
dcarabinem4,dcarabinem4@vistaprint.com,Daveta,Carabine,wdxsvq61
dmartonfim5,dmartonfim5@cbslocal.com,Demeter,Martonfi,ddgjkw67
dhrishchenkom6,dhrishchenkom6@squidoo.com,Demetris,Hrishchenko,nofmgs77
nbowmerm7,nbowmerm7@weebly.com,Nikolaos,Bowmer,uugala71
mdesseinem8,mdesseinem8@nsw.gov.au,Mira,Desseine,bxgoiy11
fsandesonm9,fsandesonm9@yahoo.com,Fields,Sandeson,pxpazm36
jclementetma,jclementetma@php.net,Jacquelin,Clementet,xnrkyc39
bburchillmb,bburchillmb@aboutads.info,Blair,Burchill,qyfnkt38
dgullymc,dgullymc@ocn.ne.jp,Dermot,Gully,xcbftr40
bwevellmd,bwevellmd@odnoklassniki.ru,Blondell,Wevell,bbiuja57
fbalasinime,fbalasinime@tiny.cc,Free,Balasini,kulgtr99
tpimlockmf,tpimlockmf@printfriendly.com,Tammie,Pimlock,qencqs18
cvaleriomg,cvaleriomg@t.co,Cody,Valerio,anpfna70
lgrzeszczykmh,lgrzeszczykmh@ocn.ne.jp,Lorene,Grzeszczyk,kzlmzf49
rseakinmi,rseakinmi@shop-pro.jp,Read,Seakin,bwiqfa08
sstapelsmj,sstapelsmj@facebook.com,Samantha,Stapels,gxsulq15
tvanderbekenmk,tvanderbekenmk@goodreads.com,Therese,Van der Beken,jxplok08
rpawdenml,rpawdenml@slashdot.org,Reggie,Pawden,tqoiwm79
rnortonmm,rnortonmm@chronoengine.com,Rufus,Norton,biisiw96
mreuthermn,mreuthermn@skype.com,Mandie,Reuther,pyuwto19
bbroughtonmo,bbroughtonmo@vk.com,Bernard,Broughton,pzzuaw57
jdomengetmp,jdomengetmp@princeton.edu,Joni,Domenget,povbyc79
sarltmq,sarltmq@jugem.jp,Stanleigh,Arlt,krmazx93
mgatenbymr,mgatenbymr@dagondesign.com,Maxwell,Gatenby,dtebsi76
scastiblancoms,scastiblancoms@bbc.co.uk,Sandie,Castiblanco,dejitd67
anecoldsmt,anecoldsmt@go.com,Anastassia,Necolds,huzftu70
polivamu,polivamu@prlog.org,Pancho,Oliva,sfscdk19
fgethynmv,fgethynmv@apple.com,Farlie,Gethyn,ukjzqm32
jkristoffersenmw,jkristoffersenmw@army.mil,Jermaine,Kristoffersen,rduqph93
nashfordmx,nashfordmx@ca.gov,Nichole,Ashford,fwqsne92
aebleinmy,aebleinmy@amazon.de,Aylmer,Eblein,rdlwkr29
cgrigsbymz,cgrigsbymz@bigcartel.com,Corene,Grigsby,zdwscn17
gfrewn0,gfrewn0@usatoday.com,Guthrie,Frew,xrpkkv15
sgailn1,sgailn1@pcworld.com,Susanne,Gail,oacjaw97
emeeken2,emeeken2@mapquest.com,Ephraim,Meeke,iexnnf86
vcreamern3,vcreamern3@cocolog-nifty.com,Vitoria,Creamer,uowpic75
cpawlingn4,cpawlingn4@bandcamp.com,Carree,Pawling,mvtpti65
cmounchern5,cmounchern5@comcast.net,Cullin,Mouncher,xvwagi97
hskogginsn6,hskogginsn6@boston.com,Harri,Skoggins,mwxtzj46
ehinschen7,ehinschen7@mozilla.com,Electra,Hinsche,vpdqus61
ecranefieldn8,ecranefieldn8@gizmodo.com,Eve,Cranefield,fupofm02
friguardn9,friguardn9@cbslocal.com,Faunie,Riguard,jrgrnl24
tschuttna,tschuttna@ucoz.ru,Trudi,Schutt,tjzxlj31
kcastletinenb,kcastletinenb@canalblog.com,Kial,Castletine,jpnitl86
ahalbertnc,ahalbertnc@google.cn,Angelle,Halbert,towhbm63
ospurmannd,ospurmannd@hubpages.com,Ortensia,Spurman,zteyuq57
fpicne,fpicne@ibm.com,Fred,Pic,brdmwt06
strekernf,strekernf@histats.com,Sergei,Treker,hoqrez78
ibremnerng,ibremnerng@tinypic.com,Ilise,Bremner,yaggno11
lsandfordnh,lsandfordnh@soundcloud.com,Lizabeth,Sandford,vzbfbo91
jguitonni,jguitonni@weather.com,Jedediah,Guiton,bevbuv79
eivenj,eivenj@illinois.edu,Eugenius,Ive,frwudk36
rcaullierenk,rcaullierenk@webeden.co.uk,Randee,Caulliere,henvuv36
tcrossannl,tcrossannl@tumblr.com,Tony,Crossan,xxhlwc94
candreynm,candreynm@wix.com,Claudio,Andrey,eoeiar47
clivettnn,clivettnn@indiegogo.com,Cthrine,Livett,ttwtya69
anicklinsonno,anicklinsonno@bandcamp.com,Adelbert,Nicklinson,fxuwvw05
sforlongnp,sforlongnp@istockphoto.com,Shell,Forlong,efbpsv00
aedgeonnq,aedgeonnq@house.gov,Ardith,Edgeon,gnfdao38
mferensnr,mferensnr@ehow.com,Matilda,Ferens,gmyafu46
kbloysns,kbloysns@shinystat.com,Kitty,Bloys,twfdzt67
ndaftnt,ndaftnt@com.com,Nisse,Daft,fvpqxh54
cbartlettnu,cbartlettnu@nationalgeographic.com,Casar,Bartlett,glqjjn57
gearlandnv,gearlandnv@upenn.edu,Georgy,Earland,cicqze05
dodoughertynw,dodoughertynw@nhs.uk,Delmore,O'Dougherty,yrupri88
llangridgenx,llangridgenx@usa.gov,Leicester,Langridge,wxhpzk08
acroftny,acroftny@stanford.edu,Alasteir,Croft,xmidtv60
tpancostnz,tpancostnz@wordpress.org,Torrance,Pancost,pahzzt59
pwhitteno0,pwhitteno0@timesonline.co.uk,Pat,Whitten,ukgsrk05
amonteso1,amonteso1@plala.or.jp,Arnie,Montes,yjoxhs14
bassirattio2,bassirattio2@hatena.ne.jp,Becki,Assiratti,kgkygz77
rkirwino3,rkirwino3@abc.net.au,Ram,Kirwin,cqfpsi56
ppireso4,ppireso4@google.com.hk,Pall,Pires,rqczov04
anapiero5,anapiero5@nbcnews.com,Alphonso,Napier,nrnfxv44
ngerglero6,ngerglero6@kickstarter.com,Nickolai,Gergler,hezopg17
spicklesso7,spicklesso7@time.com,Son,Pickless,dfmisr59
dtingeyo8,dtingeyo8@buzzfeed.com,Dal,Tingey,sizrpm28
droubayo9,droubayo9@craigslist.org,Darrelle,Roubay,tyidpz41
frispineoa,frispineoa@vistaprint.com,Faber,Rispine,ojymwi56
cbaffob,cbaffob@multiply.com,Cary,Baff,zpuncq36
garcaseoc,garcaseoc@imdb.com,Ginger,Arcase,gdgfqt01
mgrogonood,mgrogonood@mapy.cz,Merrill,Grogono,ydhyzi34
amebiusoe,amebiusoe@freewebs.com,Amie,Mebius,faixtu89
mflandersof,mflandersof@yolasite.com,Maisie,Flanders,fhpbmg65
aleyshonog,aleyshonog@huffingtonpost.com,Arabelle,Leyshon,cndqzx82
hfairlamoh,hfairlamoh@time.com,Hermina,Fairlam,rtevfe89
cbroaderoi,cbroaderoi@pagesperso-orange.fr,Cosimo,Broader,lliuuq41
vhaggethoj,vhaggethoj@facebook.com,Vinni,Haggeth,hcejwa34
pbeszantok,pbeszantok@google.cn,Pen,Beszant,fokfme55
tcoppol,tcoppol@wikispaces.com,Taryn,Copp,wtnezy06
jsheeom,jsheeom@go.com,Jessa,Shee,xtwydz77
cgrunderon,cgrunderon@ow.ly,Cecilio,Grunder,ksugbb37
wchestneyoo,wchestneyoo@vk.com,Winthrop,Chestney,enoeqq22
mscotchmoorop,mscotchmoorop@qq.com,Micah,Scotchmoor,acsabz94
bpalkeoq,bpalkeoq@npr.org,Bunny,Palke,syqosb78
bjosilevichor,bjosilevichor@hp.com,Barron,Josilevich,sklxyy72
ehinkesos,ehinkesos@wordpress.org,Eadie,Hinkes,kdoyfa98
smcgraithot,smcgraithot@ning.com,Shawna,McGraith,tobtlb06
msandemanou,msandemanou@plala.or.jp,Mariya,Sandeman,bjkffm97
aslyfordov,aslyfordov@dailymotion.com,Almeda,Slyford,gsdlkd61
fdinsdaleow,fdinsdaleow@jigsy.com,Flinn,Dinsdale,msahcs29
hdagostiniox,hdagostiniox@japanpost.jp,Harlene,D'Agostini,mbhyya45
kfahrenbacheroy,kfahrenbacheroy@washington.edu,Kari,Fahrenbacher,izqxgg61
kzorzettioz,kzorzettioz@w3.org,Kamila,Zorzetti,dmvrvd40
pschouthedep0,pschouthedep0@studiopress.com,Patin,Schouthede,uroahz90
cportwainp1,cportwainp1@so-net.ne.jp,Cordie,Portwain,rcdtrp93
wchillp2,wchillp2@1und1.de,Winni,Chill,ikdcum89
rdagleasp3,rdagleasp3@google.de,Rhodie,Dagleas,oyucmn08
cchernp4,cchernp4@whitehouse.gov,Camey,Chern,dzxqbj92
cfranzonettip5,cfranzonettip5@livejournal.com,Candis,Franzonetti,pmxdab68
lmessentp6,lmessentp6@answers.com,Lily,Messent,dknxvl56
adellortop7,adellortop7@imdb.com,Agosto,Dell 'Orto,mpyqva27
kwadesonp8,kwadesonp8@fema.gov,Krissy,Wadeson,lppygu36
rwroughtonp9,rwroughtonp9@taobao.com,Roda,Wroughton,bbscbi63
sslidespa,sslidespa@ed.gov,Sully,Slides,tunhld78
bjoblingpb,bjoblingpb@oaic.gov.au,Byrann,Jobling,rrxhfd53
bhuscroftpc,bhuscroftpc@unesco.org,Baxie,Huscroft,oojzqn12
jdeattapd,jdeattapd@nationalgeographic.com,Jasmine,De Atta,heisjo84
fbrafertonpe,fbrafertonpe@about.me,Ferdie,Braferton,ohmwmd97
vmacsporranpf,vmacsporranpf@fotki.com,Vinson,MacSporran,avoqbh64
jballaampg,jballaampg@harvard.edu,Jess,Ballaam,bcsrtz28
ffuggleph,ffuggleph@msn.com,Fleur,Fuggle,skoaow92
sleaverpi,sleaverpi@squidoo.com,Stavro,Leaver,cqbyrx97
wjoannicpj,wjoannicpj@over-blog.com,Wayland,Joannic,oowyoc38
aporcaspk,aporcaspk@live.com,Andie,Porcas,wiybbj84
fverteypl,fverteypl@arizona.edu,Fredra,Vertey,jckmgu52
xlannonpm,xlannonpm@ebay.com,Xena,Lannon,rqlcwk79
jsoutherellpn,jsoutherellpn@cyberchimps.com,Jobey,Southerell,vcxier63
lkloskapo,lkloskapo@addthis.com,Lana,Kloska,swfhzw39
rofearguisepp,rofearguisepp@shutterfly.com,Rodney,O'Fearguise,mebgzr70
xwhiskinpq,xwhiskinpq@diigo.com,Xaviera,Whiskin,yuvgys23
edaughtrypr,edaughtrypr@china.com.cn,Evan,Daughtry,vqiddp90
bdemeltps,bdemeltps@twitpic.com,Bernardo,Demelt,njlkkx67
ccorneillept,ccorneillept@google.ru,Clea,Corneille,emenhu79
jantoneypu,jantoneypu@t.co,Jeremy,Antoney,suonwh16
dmechicpv,dmechicpv@homestead.com,Danny,Mechic,jznjrl47
emarquetpw,emarquetpw@ucoz.com,Eudora,Marquet,vxqduo34
pmolinespx,pmolinespx@cafepress.com,Parnell,Molines,xsgvbn30
mkinghampy,mkinghampy@businessweek.com,Moshe,Kingham,xnffxj65
vmottenpz,vmottenpz@java.com,Virgina,Motten,rbgovc06
gtackellq0,gtackellq0@merriam-webster.com,Griff,Tackell,gbfgdd44
ahissieq1,ahissieq1@theatlantic.com,Adaline,Hissie,nslbdc84
todellq2,todellq2@ning.com,Tucker,O'dell,aigxnj30
sropckeq3,sropckeq3@privacy.gov.au,Sabine,Ropcke,xwjvpf81
mchallinorq4,mchallinorq4@ezinearticles.com,Monro,Challinor,bkygai89
fsherelq5,fsherelq5@sfgate.com,Friedrich,Sherel,svshrv47
asinderlandq6,asinderlandq6@huffingtonpost.com,Ambrosio,Sinderland,aiaqqj85
swiddisonq7,swiddisonq7@amazonaws.com,Shae,Widdison,rrfgvb81
ameltetalq8,ameltetalq8@sbwire.com,Anderson,Meltetal,rjxbsj74
dvinnicombeq9,dvinnicombeq9@tiny.cc,Dedra,Vinnicombe,zyjwbl59
sshererqa,sshererqa@nps.gov,Scotti,Sherer,gbalsj95
haltoftsqb,haltoftsqb@booking.com,Hermie,Altofts,imenfn43
kbraamqc,kbraamqc@ed.gov,Kale,Braam,ikzouo57
rrenonqd,rrenonqd@jigsy.com,Roddy,Renon,odntuw67
vjothamqe,vjothamqe@shutterfly.com,Virgie,Jotham,euyunv50
mughiniqf,mughiniqf@washington.edu,Maridel,Ughini,hfgkns56
ahunnywellqg,ahunnywellqg@tuttocitta.it,Avery,Hunnywell,yrjvgu09
ccalverqh,ccalverqh@tmall.com,Chris,Calver,qeogkz35
pkermodeqi,pkermodeqi@google.co.uk,Pearl,Kermode,mlkule28
rmaundqj,rmaundqj@theguardian.com,Rosalinda,Maund,inivqc53
gemmattqk,gemmattqk@nsw.gov.au,Gustaf,Emmatt,yelrkm38
rjennisonql,rjennisonql@photobucket.com,Ruby,Jennison,rtrhns21
cflannerqm,cflannerqm@ft.com,Colin,Flanner,ohstxn70
dclellandqn,dclellandqn@cafepress.com,Dania,Clelland,hbxgmk77
cdollimoreqo,cdollimoreqo@themeforest.net,Celie,Dollimore,dplpgz81
blambersenqp,blambersenqp@indiegogo.com,Bernhard,Lambersen,edivpf34
fcourtinqq,fcourtinqq@posterous.com,Forrest,Courtin,zixckc55
tgutansqr,tgutansqr@bloomberg.com,Temple,Gutans,yjxetv73
pvasiljevicqs,pvasiljevicqs@google.nl,Pernell,Vasiljevic,cedbjg57
echarletqt,echarletqt@businesswire.com,Edik,Charlet,fwwhlz63
cearwakerqu,cearwakerqu@lulu.com,Cesya,Earwaker,uuqadl60
chaighqv,chaighqv@yellowbook.com,Cari,Haigh,eijhjx16
lsapsedqw,lsapsedqw@timesonline.co.uk,Lianne,Sapsed,njbffh27
gbrentonqx,gbrentonqx@bloglines.com,Gretal,Brenton,vmxnai80
dbreeseqy,dbreeseqy@canalblog.com,Daron,Breese,blhbqa72
otolhurstqz,otolhurstqz@nymag.com,Olivia,Tolhurst,pgjetj71
ofalkousr0,ofalkousr0@hexun.com,Ora,Falkous,gvhojh48
lpfertnerr1,lpfertnerr1@newsvine.com,Leon,Pfertner,uxxuux45
amiddlewickr2,amiddlewickr2@hp.com,Annaliese,Middlewick,ohogga00
aputleyr3,aputleyr3@sohu.com,Abdel,Putley,ovgodn29
nsirmondr4,nsirmondr4@mozilla.org,Neal,Sirmond,gtqhqm49
ktidburyr5,ktidburyr5@kickstarter.com,Katie,Tidbury,indqge34
bsimperr6,bsimperr6@google.com.hk,Buffy,Simper,tywabk19
khuker7,khuker7@gizmodo.com,Kizzie,Huke,dwktwy68
rseggesr8,rseggesr8@dyndns.org,Reuben,Segges,ntrgje44
aharrissr9,aharrissr9@fc2.com,Alair,Harriss,ivcbue60
rmcaulayra,rmcaulayra@over-blog.com,Rab,McAulay,mnlhkd73
mmattiellirb,mmattiellirb@theglobeandmail.com,Marnia,Mattielli,jpqjwc34
rceschinirc,rceschinirc@usnews.com,Raphaela,Ceschini,jsvxlj86
kemmsrd,kemmsrd@bigcartel.com,Kirstyn,Emms,edfloz85
opantlinre,opantlinre@deviantart.com,Orv,Pantlin,rfzdvp47
sgilstinrf,sgilstinrf@jimdo.com,Skipton,Gilstin,qzgpxv84
nfrancesrg,nfrancesrg@nymag.com,Nani,Frances,awxpwj06
rmeadusrh,rmeadusrh@friendfeed.com,Roz,Meadus,pawrsa44
cfrostri,cfrostri@toplist.cz,Cathryn,Frost,nnugxc19
ddunphierj,ddunphierj@mac.com,Debera,Dunphie,tprlxk45
lstandleyrk,lstandleyrk@quantcast.com,Leonora,Standley,jpjtew98
dtowsonrl,dtowsonrl@acquirethisname.com,Doti,Towson,qifluc84
gcarthewrm,gcarthewrm@ebay.com,Galen,Carthew,wvjjld18
mprophetrn,mprophetrn@eventbrite.com,Meredithe,Prophet,sdeyab99
rberingerro,rberingerro@paginegialle.it,Regan,Beringer,sywbzv70
alevickrp,alevickrp@jigsy.com,Alethea,Levick,jaehob24
kricciardellirq,kricciardellirq@statcounter.com,Kacy,Ricciardelli,souepd62
nchadwellrr,nchadwellrr@house.gov,Nathanael,Chadwell,nipdhm64
