username,email,firstname,lastname,password
ibarhims0,ibarhims0@nydailynews.com,Inga,Barhims,tgrzuz34
lvittet1,lvittet1@ihg.com,Lucian,Vittet,ztzhga68
kmcduffie2,kmcduffie2@geocities.com,Karlan,McDuffie,ykjbqk87
vcanet3,vcanet3@jugem.jp,Vladamir,Canet,yjfbgb65
cquenby4,cquenby4@github.io,Charley,Quenby,ootang51
gpawling5,gpawling5@globo.com,Grace,Pawling,hyuold38
vpallaske6,vpallaske6@samsung.com,Vern,Pallaske,urdhjr67
dtrain7,dtrain7@state.gov,Davey,Train,dlrers34
shappel8,shappel8@hp.com,Shirl,Happel,ivkmui34
tbottomore9,tbottomore9@yandex.ru,Teddie,Bottomore,nspyhr68
mjervisa,mjervisa@youtube.com,Marco,Jervis,sqlvht84
rjozsikab,rjozsikab@bigcartel.com,Rhonda,Jozsika,asvwud23
jgrzesc,jgrzesc@sourceforge.net,Joeann,Grzes,zxsxyb52
rtutherd,rtutherd@wikimedia.org,Renard,Tuther,rdhndt94
zanscotte,zanscotte@go.com,Zarah,Anscott,vmcdlb11
epockef,epockef@businessweek.com,Evita,Pocke,lneleo91
ddudmeshg,ddudmeshg@goo.gl,Dela,Dudmesh,uiqevc45
bdoerrh,bdoerrh@mashable.com,Britt,Doerr,jykcjs19
wclarricoatesi,wclarricoatesi@icq.com,Wendall,Clarricoates,reyqoc16
miskovj,miskovj@issuu.com,Miguela,Iskov,xqifaq00
rambrogiok,rambrogiok@nytimes.com,Randi,Ambrogio,azfqlr23
eorricel,eorricel@google.ru,Eamon,Orrice,tmarcl76
ktolcharm,ktolcharm@elegantthemes.com,Karly,Tolchar,tvctpu48
lparrn,lparrn@geocities.com,Lizzie,Parr,kwpswf77
cbussyo,cbussyo@ebay.com,Chantal,Bussy,qqajtw08
lantonnikovp,lantonnikovp@samsung.com,Lacee,Antonnikov,eijgbm04
mdunyq,mdunyq@dell.com,Marrissa,Duny,yptsfo02
fantonatr,fantonatr@jugem.jp,Freemon,Antonat,lxqcsr69
adulins,adulins@columbia.edu,Ameline,Dulin,jjzgah21
afalveyt,afalveyt@intel.com,Allie,Falvey,wwmzjz92
ggyorgyu,ggyorgyu@businesswire.com,Grove,Gyorgy,cbnrez52
zbumpusv,zbumpusv@dyndns.org,Zonnya,Bumpus,cwjqyy32
sspyerw,sspyerw@wp.com,Shane,Spyer,qtrbxh42
clarkinx,clarkinx@blogs.com,Cortie,Larkin,lmvrtt50
psyresy,psyresy@answers.com,Price,Syres,gklvui79
hseabrockez,hseabrockez@princeton.edu,Hadleigh,Seabrocke,dpxrrz29
jhatliffe10,jhatliffe10@ebay.com,John,Hatliffe,kbxdox13
smcard11,smcard11@sitemeter.com,Salim,McArd,zsvmlt59
gmarunchak12,gmarunchak12@pbs.org,Gale,Marunchak,snfyxe21
cmarrows13,cmarrows13@si.edu,Cinda,Marrows,axibkl99
wgodsal14,wgodsal14@freewebs.com,Willis,Godsal,egwzir53
kmckirdy15,kmckirdy15@smugmug.com,Killie,McKirdy,ehjryn56
kkarpmann16,kkarpmann16@salon.com,Krissy,Karpmann,dsjxwx02
tkubicek17,tkubicek17@nbcnews.com,Tyne,Kubicek,dhknkd62
kstarsmeare18,kstarsmeare18@techcrunch.com,Kyla,Starsmeare,yhkttb20
abonnesen19,abonnesen19@nifty.com,Ajay,Bonnesen,lqdvcp53
jriolfi1a,jriolfi1a@amazon.de,Juline,Riolfi,dnozwc80
kwedlake1b,kwedlake1b@e-recht24.de,Kimmy,Wedlake,mammft89
lmacmenemy1c,lmacmenemy1c@netlog.com,Lisa,MacMenemy,pysmcv13
mjosham1d,mjosham1d@lulu.com,Meredith,Josham,koarmv27
dscudamore1e,dscudamore1e@e-recht24.de,Dedra,Scudamore,iydino66
phampshire1f,phampshire1f@wikispaces.com,Philippa,Hampshire,ffiiqx87
djoblin1g,djoblin1g@washington.edu,Duane,Joblin,lcyidn53
hpantecost1h,hpantecost1h@amazon.co.uk,Hardy,Pantecost,abcico54
sswepstone1i,sswepstone1i@ox.ac.uk,Stanley,Swepstone,jqlmft02
somond1j,somond1j@webnode.com,Stan,Omond,rqefzj48
gbatcock1k,gbatcock1k@washingtonpost.com,Gill,Batcock,afpgjq09
staynton1l,staynton1l@printfriendly.com,Sansone,Taynton,qlatco17
pnorcott1m,pnorcott1m@reference.com,Perrine,Norcott,kcbaaw63
agennrich1n,agennrich1n@statcounter.com,Angelina,Gennrich,fgxmja26
jcocci1o,jcocci1o@123-reg.co.uk,Joice,Cocci,qscadt70
aretallack1p,aretallack1p@vimeo.com,Astrix,Retallack,xmgmka02
pubach1q,pubach1q@a8.net,Peggy,Ubach,jvottm79
jgreenier1r,jgreenier1r@eventbrite.com,Janot,Greenier,oimdxt67
ebernadzki1s,ebernadzki1s@state.gov,Ellerey,Bernadzki,vwxpsv02
egeere1t,egeere1t@lycos.com,Erminie,Geere,pfllhm14
jvater1u,jvater1u@tmall.com,Joellyn,Vater,gtypyg99
jmcglade1v,jmcglade1v@ehow.com,Judith,McGlade,xyzuic18
imarsham1w,imarsham1w@mozilla.com,Inesita,Marsham,diiazh64
plutty1x,plutty1x@jugem.jp,Phylys,Lutty,mlsrvk30
awarde1y,awarde1y@networkadvertising.org,Abbe,Warde,ihcxmg18
cheeley1z,cheeley1z@elegantthemes.com,Cleve,Heeley,jmjkvg23
htwelvetree20,htwelvetree20@mapy.cz,Holden,Twelvetree,sujkyv37
storbett21,storbett21@rediff.com,Sanson,Torbett,bsepoc42
mmoorhouse22,mmoorhouse22@moonfruit.com,Mab,Moorhouse,xnmmqy01
gknowler23,gknowler23@com.com,Graig,Knowler,iguonb41
mchesters24,mchesters24@abc.net.au,Monah,Chesters,tneihv82
enaylor25,enaylor25@qq.com,Elvin,Naylor,kmgndg28
ehonnicott26,ehonnicott26@mozilla.com,Elga,Honnicott,xhqxuq40
brenault27,brenault27@reddit.com,Benedict,Renault,uxewws61
hrousell28,hrousell28@adobe.com,Hyacinthe,Rousell,ophpji45
smateiko29,smateiko29@whitehouse.gov,Skippie,Mateiko,ytygak96
shubbins2a,shubbins2a@blogspot.com,Sheelagh,Hubbins,pgtisk65
boakenfull2b,boakenfull2b@examiner.com,Bucky,Oakenfull,hwiqrx26
rmalley2c,rmalley2c@army.mil,Roxie,Malley,aimxns24
fsmittoune2d,fsmittoune2d@jalbum.net,Felicle,Smittoune,ocifob59
tmousdall2e,tmousdall2e@cocolog-nifty.com,Taddeo,Mousdall,ewhhdi86
gholme2f,gholme2f@pbs.org,Geraldine,Holme,okfzxu27
hharly2g,hharly2g@google.com,Harp,Harly,flfydk77
dsporton2h,dsporton2h@senate.gov,Denyse,Sporton,sbzyzx87
ebraferton2i,ebraferton2i@google.co.jp,Ellette,Braferton,mqsqpw97
adugall2j,adugall2j@digg.com,Ailina,Dugall,yfjtwr13
hreeman2k,hreeman2k@wsj.com,Hadleigh,Reeman,hgixtc21
vmenendez2l,vmenendez2l@fotki.com,Vince,Menendez,jnfuwn10
aruncie2m,aruncie2m@google.nl,Anetta,Runcie,awjonf45
ogallo2n,ogallo2n@yale.edu,Odessa,Gallo,uejjjz06
pmariaud2o,pmariaud2o@weather.com,Pablo,Mariaud,jqbqsz46
ihun2p,ihun2p@linkedin.com,Ibrahim,Hun,mvzxso92
rnieass2q,rnieass2q@typepad.com,Ramsay,Nieass,kniacj25
acroster2r,acroster2r@sun.com,Ashby,Croster,vrsayl41
rschwier2s,rschwier2s@nyu.edu,Reid,Schwier,arabxv31
lkuhn2t,lkuhn2t@pagesperso-orange.fr,Lilllie,Kuhn,sxikbz39
mlowdeane2u,mlowdeane2u@tiny.cc,Marcela,Lowdeane,gdmkpc62
lclewett2v,lclewett2v@istockphoto.com,Lynsey,Clewett,bslvxl26
jvideneev2w,jvideneev2w@simplemachines.org,Jordon,Videneev,qmvrtd01
ljuliff2x,ljuliff2x@bravesites.com,Lida,Juliff,opgsds85
sbramont2y,sbramont2y@i2i.jp,Silvan,Bramont,youkrf14
rdemeyer2z,rdemeyer2z@posterous.com,Robbie,De Meyer,clgtsn31
sohoolahan30,sohoolahan30@statcounter.com,Stuart,O'Hoolahan,tpvitl00
pkynastone31,pkynastone31@bbc.co.uk,Perkin,Kynastone,poofct74
ghurd32,ghurd32@latimes.com,Gayle,Hurd,lqrnvu46
bchable33,bchable33@cam.ac.uk,Bethena,Chable,mswuje67
abelvin34,abelvin34@github.com,Austina,Belvin,covjyd93
wsneezum35,wsneezum35@usda.gov,Walliw,Sneezum,qfbgfh12
dlenormand36,dlenormand36@yellowbook.com,Demetrius,Lenormand,xvrxbc96
kioselevich37,kioselevich37@dmoz.org,Kermit,Ioselevich,bbcynr45
pkellogg38,pkellogg38@bing.com,Park,Kellogg,aqyiuh97
awrightson39,awrightson39@wsj.com,Arie,Wrightson,debgev34
ndoram3a,ndoram3a@skyrock.com,Natalya,Doram,kivafj54
jdelacote3b,jdelacote3b@hp.com,Jennifer,Delacote,snckvc36
mtrewin3c,mtrewin3c@sbwire.com,Marguerite,Trewin,rrbtth97
cbillin3d,cbillin3d@ox.ac.uk,Chuck,Billin,tsciqv60
sdreini3e,sdreini3e@seesaa.net,Stanton,Dreini,yokoqm57
eshailer3f,eshailer3f@goo.gl,Ellyn,Shailer,cndjsh62
arigardeau3g,arigardeau3g@dell.com,Alfreda,Rigardeau,frxftn87
abrosius3h,abrosius3h@independent.co.uk,Aaren,Brosius,vcwufn83
mrheubottom3i,mrheubottom3i@altervista.org,Marrilee,Rheubottom,ymwnkt05
njarrett3j,njarrett3j@netlog.com,Nadya,Jarrett,yvfkgu07
rfreschi3k,rfreschi3k@unblog.fr,Rhys,Freschi,ywnqwb65
vwhiteoak3l,vwhiteoak3l@howstuffworks.com,Victor,Whiteoak,hmvsvk21
bbril3m,bbril3m@google.it,Blondy,Bril,qxcgnw92
dstother3n,dstother3n@wix.com,Dalton,Stother,ewjqcd94
acondliffe3o,acondliffe3o@addthis.com,Alida,Condliffe,hemavy02
rmordan3p,rmordan3p@live.com,Randene,Mordan,dfpqvx97
mbarta3q,mbarta3q@blogspot.com,Maurizio,Barta,ydxdcj01
vmckillop3r,vmckillop3r@gmpg.org,Vladimir,McKillop,drptyh22
ctwinterman3s,ctwinterman3s@multiply.com,Charleen,Twinterman,vojosp51
tleyburn3t,tleyburn3t@mapy.cz,Timmi,Leyburn,gmuizn24
tvasile3u,tvasile3u@yolasite.com,Tammy,Vasile,ficrfu93
ccabral3v,ccabral3v@ovh.net,Cesare,Cabral,sfdhke35
atownrow3w,atownrow3w@hibu.com,Alphard,Townrow,qxrqwr25
dperrelli3x,dperrelli3x@gizmodo.com,Di,Perrelli,kepzzg34
gmanuele3y,gmanuele3y@cnn.com,Gareth,Manuele,coxdml36
vdoornbos3z,vdoornbos3z@macromedia.com,Val,Doornbos,edssmz93
tkenlin40,tkenlin40@webeden.co.uk,Teddie,Kenlin,gllgol06
rstepney41,rstepney41@google.de,Robenia,Stepney,fyivqt60
jdeme42,jdeme42@tripadvisor.com,Joan,Deme,whidnr74
aledeker43,aledeker43@army.mil,Adela,Ledeker,zakfcm01
saarons44,saarons44@quantcast.com,Schuyler,Aarons,xudvrx84
vearle45,vearle45@va.gov,Valencia,Earle,azkvdt33
krosenbloom46,krosenbloom46@telegraph.co.uk,Kevin,Rosenbloom,cxomew49
gburdytt47,gburdytt47@house.gov,Greta,Burdytt,fqlbcs55
csalvatore48,csalvatore48@posterous.com,Corbett,Salvatore,iihyip84
mstonehouse49,mstonehouse49@ucsd.edu,Martainn,Stonehouse,beylxw00
caxelbey4a,caxelbey4a@lycos.com,Cindy,Axelbey,nltwoi50
lcozzi4b,lcozzi4b@theatlantic.com,Ludovika,Cozzi,khesqd22
fgemelli4c,fgemelli4c@pbs.org,Florance,Gemelli,anavxa99
tstandall4d,tstandall4d@theglobeandmail.com,Terencio,Standall,lbcjib28
csabine4e,csabine4e@yolasite.com,Cyrill,Sabine,nqcjed48
mbrodbin4f,mbrodbin4f@ca.gov,Madel,Brodbin,dlxooa77
tfeltoe4g,tfeltoe4g@buzzfeed.com,Tansy,Feltoe,pervzw24
asteadman4h,asteadman4h@friendfeed.com,Alix,Steadman,alzppn84
cgummory4i,cgummory4i@eepurl.com,Charyl,Gummory,knblpx83
abearcock4j,abearcock4j@vistaprint.com,Adeline,Bearcock,ncamek01
deringey4k,deringey4k@lulu.com,Dene,Eringey,eeyrzj36
cgannaway4l,cgannaway4l@cocolog-nifty.com,Cletus,Gannaway,dxcsgq46
dsheriff4m,dsheriff4m@newyorker.com,Darla,Sheriff,ulkrno63
cbirtley4n,cbirtley4n@army.mil,Caroljean,Birtley,bsfpuz86
nlinscott4o,nlinscott4o@blinklist.com,Natala,Linscott,onnhyz25
fhendonson4p,fhendonson4p@1688.com,Federica,Hendonson,seambz29
dspada4q,dspada4q@privacy.gov.au,Deidre,Spada,kxficw79
rpratte4r,rpratte4r@state.tx.us,Regan,Pratte,htxydl39
agive4s,agive4s@deliciousdays.com,Avie,Give,vtoxmu57
detheridge4t,detheridge4t@123-reg.co.uk,Doralynn,Etheridge,uxbtsu09
mparradice4u,mparradice4u@apple.com,Mellisa,Parradice,dpiyrp48
jcollimore4v,jcollimore4v@sina.com.cn,Job,Collimore,bxzhvx89
jbenardeau4w,jbenardeau4w@amazon.co.uk,Jessi,Benardeau,qmzisu30
nnathan4x,nnathan4x@nationalgeographic.com,Nigel,Nathan,hogtjj39
amac4y,amac4y@simplemachines.org,Aymer,Mac,ptwblj07
ahickinbottom4z,ahickinbottom4z@utexas.edu,Althea,Hickinbottom,cvmeau10
alehemann50,alehemann50@yellowbook.com,Augustine,Lehemann,ssfmrb76
myashin51,myashin51@noaa.gov,Mei,Yashin,hpliic70
aenocksson52,aenocksson52@wikipedia.org,Adlai,Enocksson,lstfre91
oheffernon53,oheffernon53@posterous.com,Opaline,Heffernon,uflphm62
fsonschein54,fsonschein54@reddit.com,Friedrick,Sonschein,wjemva22
pnovak55,pnovak55@dmoz.org,Poul,Novak,cbhjug04
mmason56,mmason56@berkeley.edu,Martina,Mason,blaymn59
kteodori57,kteodori57@senate.gov,Kristel,Teodori,vjlvip39
epassie58,epassie58@deviantart.com,Erinn,Passie,sejhfb10
hdonne59,hdonne59@taobao.com,Hamish,Donne,lnglzm71
vperring5a,vperring5a@cdc.gov,Veronike,Perring,iutvmc14
dminillo5b,dminillo5b@skype.com,Darelle,Minillo,ewyywt61
gbernlin5c,gbernlin5c@globo.com,Guillaume,Bernlin,cbuvlu40
kshepperd5d,kshepperd5d@oracle.com,Kippie,Shepperd,jdentq38
obenedyktowicz5e,obenedyktowicz5e@noaa.gov,Oriana,Benedyktowicz,ejavdb52
lgrinstead5f,lgrinstead5f@omniture.com,Leonelle,Grinstead,ujfurt30
nemilien5g,nemilien5g@google.com.br,Ninnette,Emilien,qhwbds94
ndevine5h,ndevine5h@php.net,Nanny,Devine,snltvt05
epaulsson5i,epaulsson5i@weebly.com,Elsi,Paulsson,ekqdxp97
gclethro5j,gclethro5j@dell.com,Gabbie,Clethro,dsgojm45
magett5k,magett5k@bravesites.com,Marsha,Agett,yjkxce63
alynch5l,alynch5l@senate.gov,Arleyne,Lynch,zhrslj98
grodgerson5m,grodgerson5m@github.com,Gennie,Rodgerson,ysutby64
grillett5n,grillett5n@technorati.com,Gabriel,Rillett,cnrjow23
vhouseley5o,vhouseley5o@economist.com,Vivianne,Houseley,qqykqc15
cinsoll5p,cinsoll5p@go.com,Conni,Insoll,dacwji30
osheeran5q,osheeran5q@patch.com,Olin,Sheeran,qguvtc51
dambresin5r,dambresin5r@cbsnews.com,Dilly,Ambresin,lwgmsh30
ghenden5s,ghenden5s@shutterfly.com,Geordie,Henden,puqgoo94
gcardenosa5t,gcardenosa5t@sphinn.com,Gaye,Cardenosa,cgjxkq18
wcamamile5u,wcamamile5u@paypal.com,Worthy,Camamile,tyynap09
ascarasbrick5v,ascarasbrick5v@sina.com.cn,Ardith,Scarasbrick,zeblcp22
eswinnerton5w,eswinnerton5w@bbc.co.uk,Eartha,Swinnerton,hrvyka29
cgrinter5x,cgrinter5x@behance.net,Chery,Grinter,jmcsqj70
hcracker5y,hcracker5y@mapy.cz,Harriett,Cracker,qnznsc25
wlerven5z,wlerven5z@cornell.edu,Wendi,Lerven,lmplir85
rbellamy60,rbellamy60@1und1.de,Redford,Bellamy,kojdli99
ywem61,ywem61@bloglines.com,Yetty,Wem,zginxo32
ssprackling62,ssprackling62@epa.gov,Salomon,Sprackling,bgusup90
tlintot63,tlintot63@ifeng.com,Terrel,Lintot,bovfwj06
asherbrooke64,asherbrooke64@nsw.gov.au,Augie,Sherbrooke,cfwbcb84
lmills65,lmills65@irs.gov,Lowe,Mills,ctzdbz75
tburree66,tburree66@symantec.com,Therine,Burree,thrtiz98
rmcmurraya67,rmcmurraya67@cdbaby.com,Rani,McMurraya,ghpeov79
gtickner68,gtickner68@example.com,Gene,Tickner,pargji99
drobers69,drobers69@meetup.com,Dottie,Robers,curwwn62
ccarnaman6a,ccarnaman6a@blog.com,Celisse,Carnaman,zhdqmu72
bwhittenbury6b,bwhittenbury6b@jugem.jp,Borg,Whittenbury,awiboj99
pmatuszkiewicz6c,pmatuszkiewicz6c@ca.gov,Phil,Matuszkiewicz,phrohf93
fimlen6d,fimlen6d@disqus.com,Fern,Imlen,hdrttt97
lmacallam6e,lmacallam6e@myspace.com,Lynn,Macallam,kvhyjo25
fmartinolli6f,fmartinolli6f@senate.gov,Fionna,Martinolli,mpvagi05
ritscowicz6g,ritscowicz6g@intel.com,Reagen,Itscowicz,qwykhm97
finett6h,finett6h@dmoz.org,Forbes,Inett,tnozty54
lsimeons6i,lsimeons6i@artisteer.com,Lukas,Simeons,hspdiy75
dcullip6j,dcullip6j@blogger.com,Dana,Cullip,ezjmkn97
dleary6k,dleary6k@wiley.com,Dru,Leary,ikepwl43
vgaenor6l,vgaenor6l@geocities.jp,Vitia,Gaenor,ycuyik58
fpowlett6m,fpowlett6m@ca.gov,Francklin,Powlett,utivxa83
mdemeyer6n,mdemeyer6n@pinterest.com,Mariele,De Meyer,hdoptb27
rpiser6o,rpiser6o@soundcloud.com,Rodina,Piser,qxvqlc42
efairrie6p,efairrie6p@pinterest.com,Ericka,Fairrie,pytkkg08
owroth6q,owroth6q@mapquest.com,Omar,Wroth,uwgwgp89
gpatriskson6r,gpatriskson6r@dion.ne.jp,Guntar,Patriskson,yyrxhs86
cpraton6s,cpraton6s@webmd.com,Cecil,Praton,aykilg34
mgiller6t,mgiller6t@msu.edu,Mitchael,Giller,obawzh23
pridehalgh6u,pridehalgh6u@de.vu,Patrice,Ridehalgh,sefuak39
dmuggeridge6v,dmuggeridge6v@dedecms.com,Darius,Muggeridge,gvzbfh80
lswadon6w,lswadon6w@japanpost.jp,Leland,Swadon,dztvya60
arepper6x,arepper6x@abc.net.au,Alvie,Repper,ygkhes43
khutton6y,khutton6y@paginegialle.it,Karmen,Hutton,zldykl12
tramiro6z,tramiro6z@amazon.com,Timmie,Ramiro,crdgpn76
mfilasov70,mfilasov70@unesco.org,Maudie,Filasov,pgjyyn56
ypowter71,ypowter71@time.com,Yoshi,Powter,vjvvco67
mgodson72,mgodson72@yale.edu,Madelyn,Godson,wlibyw09
cmoyne73,cmoyne73@symantec.com,Cull,Moyne,sqedzl29
gsheara74,gsheara74@census.gov,Guido,Sheara,yzuqif17
bgyenes75,bgyenes75@t-online.de,Benjy,Gyenes,chhytq61
hmaw76,hmaw76@ezinearticles.com,Hunter,Maw,qtwxju51
alochhead77,alochhead77@yahoo.co.jp,Antonietta,Lochhead,kdvbog97
dtunsley78,dtunsley78@oakley.com,Dasie,Tunsley,aodljr75
mfisby79,mfisby79@disqus.com,Maitilde,Fisby,ihmatc39
zpenchen7a,zpenchen7a@narod.ru,Zackariah,Penchen,hpvahp88
gbettles7b,gbettles7b@360.cn,Gennie,Bettles,zbzsei08
rarmor7c,rarmor7c@amazon.de,Roi,Armor,jtrqor55
sfewell7d,sfewell7d@pagesperso-orange.fr,Salem,Fewell,ckicty96
aredwood7e,aredwood7e@nba.com,Alane,Redwood,vfkkse94
egallanders7f,egallanders7f@dagondesign.com,Erl,Gallanders,jgdaut50
vauletta7g,vauletta7g@amazon.de,Vin,Auletta,lzgrzv20
cdumbarton7h,cdumbarton7h@berkeley.edu,Caren,Dumbarton,yohoql39
rchin7i,rchin7i@blogs.com,Reagen,Chin,oqqulw53
fvicarey7j,fvicarey7j@mediafire.com,Feliza,Vicarey,pqgvrg64
fmortel7k,fmortel7k@discuz.net,Faunie,Mortel,krjmoh43
jhaken7l,jhaken7l@nydailynews.com,Jourdan,Haken,mcqlda53
ekleinhausen7m,ekleinhausen7m@telegraph.co.uk,Emmit,Kleinhausen,qhvgdz09
ncallery7n,ncallery7n@washingtonpost.com,Norbie,Callery,wknfwe87
csollon7o,csollon7o@facebook.com,Charlton,Sollon,bqxjaq83
ljakubovits7p,ljakubovits7p@miibeian.gov.cn,Lolita,Jakubovits,cbcois28
llandall7q,llandall7q@msu.edu,Lind,Landall,ixbdzy15
kchess7r,kchess7r@uiuc.edu,Kiri,Chess,tubdet45
sredfern7s,sredfern7s@bloglovin.com,Sasha,Redfern,nslpny32
thardbattle7t,thardbattle7t@japanpost.jp,Tillie,Hardbattle,ceqzdm30
lcoushe7u,lcoushe7u@lulu.com,Lisa,Coushe,ywshao40
pflecknoe7v,pflecknoe7v@ft.com,Pablo,Flecknoe,iwrgii93
rkefford7w,rkefford7w@naver.com,Ryley,Kefford,vhvyis05
halesin7x,halesin7x@pagesperso-orange.fr,Hortensia,Alesin,gncglk41
dturbern7y,dturbern7y@wp.com,Dorey,Turbern,tyymui27
ldarth7z,ldarth7z@shareasale.com,Lexy,Darth,jdrxau93
dbiasi80,dbiasi80@bloglines.com,Danit,Biasi,zwaryq75
nmalcolm81,nmalcolm81@last.fm,Neale,Malcolm,fszpsj75
tlivingstone82,tlivingstone82@jiathis.com,Thalia,Livingstone,qgqagk33
imatzen83,imatzen83@independent.co.uk,Irv,Matzen,jrcytt76
vsnaden84,vsnaden84@theglobeandmail.com,Vickie,Snaden,rtjaiz28
bliggins85,bliggins85@barnesandnoble.com,Bart,Liggins,tddpnj02
pmckeurton86,pmckeurton86@cdbaby.com,Pammie,McKeurton,fzfdax37
hdrissell87,hdrissell87@blog.com,Hubie,Drissell,knbttd40
lvaun88,lvaun88@geocities.jp,Lonni,Vaun,yjuudz62
ykenna89,ykenna89@pbs.org,Yettie,Kenna,gnvlhh55
srout8a,srout8a@ucsd.edu,Smith,Rout,aqgcwe32
ksante8b,ksante8b@yandex.ru,Krissie,Sante,hummen45
rquaife8c,rquaife8c@skype.com,Reinaldos,Quaife,wadawd13
psturdgess8d,psturdgess8d@youtu.be,Pavia,Sturdgess,rierqa78
tsherrett8e,tsherrett8e@opera.com,Tudor,Sherrett,jzgcid81
hjurgenson8f,hjurgenson8f@sitemeter.com,Herby,Jurgenson,eplyfo16
rgerhold8g,rgerhold8g@ifeng.com,Randolph,Gerhold,vkzjhd21
scaldecott8h,scaldecott8h@privacy.gov.au,Sabra,Caldecott,ymsmtt27
dchesley8i,dchesley8i@accuweather.com,Dottie,Chesley,fxhtth42
fmuskett8j,fmuskett8j@chronoengine.com,Flossy,Muskett,xhttxr12
mgenery8k,mgenery8k@multiply.com,Magdalen,Genery,pdreyq85
askillen8l,askillen8l@usa.gov,Ahmed,Skillen,kcpjqk11
kmordey8m,kmordey8m@cnn.com,Kristoforo,Mordey,jxylwr12
ksigge8n,ksigge8n@weather.com,Kearney,Sigge,xivrir73
sduhig8o,sduhig8o@tmall.com,Sully,Duhig,bdgqvj62
pmithan8p,pmithan8p@sfgate.com,Pacorro,Mithan,gmghfc88
hmatchett8q,hmatchett8q@desdev.cn,Hi,Matchett,qdcwse92
dbidgood8r,dbidgood8r@tmall.com,Dannie,Bidgood,hgssfg96
lrockall8s,lrockall8s@woothemes.com,Lin,Rockall,rtzlhf76
tdepero8t,tdepero8t@nifty.com,Thorndike,De Pero,ifvjli24
npummery8u,npummery8u@php.net,Norbert,Pummery,avwagi89
rborrowman8v,rborrowman8v@ebay.com,Reinwald,Borrowman,ecgput60
omckinless8w,omckinless8w@photobucket.com,Ossie,McKinless,tobmga08
locrotty8x,locrotty8x@nifty.com,Lucinda,O'Crotty,bbwzna62
nkeaveny8y,nkeaveny8y@sun.com,Noll,Keaveny,trzghs96
ffriend8z,ffriend8z@yellowpages.com,Flor,Friend,icwooi91
abiddwell90,abiddwell90@amazonaws.com,Annamaria,Biddwell,tgmplb76
ccohane91,ccohane91@yellowbook.com,Cassi,Cohane,eclzhw37
gfanti92,gfanti92@guardian.co.uk,Genna,Fanti,pimpsm55
dcreeber93,dcreeber93@xrea.com,Dody,Creeber,qrfpfl71
btue94,btue94@slashdot.org,Bess,Tue,jsxlbk02
rfairfull95,rfairfull95@howstuffworks.com,Reg,Fairfull,jbkrff64
gbenedit96,gbenedit96@bluehost.com,Gregor,Benedit,mwyshn53
tholyland97,tholyland97@sina.com.cn,Tiffany,Holyland,iwyisb66
mreuter98,mreuter98@yolasite.com,Mariann,Reuter,szkujt26
hketteman99,hketteman99@fastcompany.com,Helen-elizabeth,Ketteman,aoztky08
cnolan9a,cnolan9a@canalblog.com,Cedric,Nolan,yujjqw70
mmackrill9b,mmackrill9b@friendfeed.com,Marcel,Mackrill,cqxtrg39
kgannaway9c,kgannaway9c@mysql.com,Kalila,Gannaway,ivnqqo47
nkezor9d,nkezor9d@uol.com.br,Ninnetta,Kezor,iybmch13
sstansall9e,sstansall9e@tripadvisor.com,Sharon,Stansall,ifiygx43
dkynston9f,dkynston9f@shop-pro.jp,Dael,Kynston,kdaabg20
pmitchley9g,pmitchley9g@trellian.com,Penrod,Mitchley,fdyjkk50
eraraty9h,eraraty9h@kickstarter.com,Estrella,Raraty,gelidx23
sdolman9i,sdolman9i@rediff.com,Symon,Dolman,xcdzcs60
dbiasioli9j,dbiasioli9j@senate.gov,Ddene,Biasioli,jeptsz88
dhenryson9k,dhenryson9k@over-blog.com,Darci,Henryson,ntcnfb28
rdennington9l,rdennington9l@paypal.com,Ronald,Dennington,ojfwxo72
prandle9m,prandle9m@hexun.com,Palm,Randle,vwxzpc47
mgeorgiev9n,mgeorgiev9n@ehow.com,Magdaia,Georgiev,pgjzpx43
ymcgeechan9o,ymcgeechan9o@google.co.jp,Yetta,McGeechan,zrazec10
bknudsen9p,bknudsen9p@printfriendly.com,Blinny,Knudsen,elppvr98
jduval9q,jduval9q@myspace.com,Jannelle,Duval,valtcz55
dorrum9r,dorrum9r@dedecms.com,Dell,Orrum,hshngb90
ddziwisz9s,ddziwisz9s@wikia.com,Daniel,Dziwisz,myyhbh25
sholde9t,sholde9t@gravatar.com,Shelby,Holde,zgrgag29
bmcdoual9u,bmcdoual9u@ebay.com,Beckie,McDoual,flzazc26
yperillo9v,yperillo9v@ted.com,Yale,Perillo,fiakak44
akauble9w,akauble9w@zdnet.com,Alica,Kauble,ekuuzv41
mrunnett9x,mrunnett9x@soup.io,Myriam,Runnett,nuhtcy12
ccapey9y,ccapey9y@friendfeed.com,Cyndy,Capey,qbbham98
hcrain9z,hcrain9z@mac.com,Harman,Crain,thpdym93
bfoxalla0,bfoxalla0@google.fr,Brock,Foxall,gwovpe43
hoscullya1,hoscullya1@nba.com,Horatia,O'Scully,mhqhog57
mjereatta2,mjereatta2@hubpages.com,Monte,Jereatt,jpnwfs78
kfindlaya3,kfindlaya3@shop-pro.jp,Karel,Findlay,gnegxx54
lastletta4,lastletta4@unicef.org,Luz,Astlett,wfzhpq40
mhessela5,mhessela5@craigslist.org,Maximilien,Hessel,ybfmxw41
ddeeringa6,ddeeringa6@samsung.com,Domini,Deering,jlrrzl99
jscoinesa7,jscoinesa7@japanpost.jp,Julie,Scoines,hgkjrb55
pcooma8,pcooma8@rambler.ru,Palm,Coom,lpkuap41
jmclennana9,jmclennana9@alexa.com,Jolyn,McLennan,caylds67
gmayburyaa,gmayburyaa@cornell.edu,Guthry,Maybury,naewuz78
dambrogiottiab,dambrogiottiab@eventbrite.com,Darrel,Ambrogiotti,grgqvh73
lburnhardac,lburnhardac@unicef.org,Lyssa,Burnhard,cvrmvq56
ymatuszinskiad,ymatuszinskiad@irs.gov,Yelena,Matuszinski,eekryb27
sbloomerae,sbloomerae@auda.org.au,Sophie,Bloomer,sllonu40
nbonassaf,nbonassaf@flickr.com,Nananne,Bonass,rnufbu10
mprangerag,mprangerag@youtube.com,Margaret,Pranger,tflnuo21
rknowlsonah,rknowlsonah@odnoklassniki.ru,Randal,Knowlson,mpfxcp72
mraffelsai,mraffelsai@home.pl,Marrilee,Raffels,xznosl30
sroskamsaj,sroskamsaj@cbslocal.com,Sterling,Roskams,dxopsi24
dtrunchionak,dtrunchionak@usgs.gov,Dyane,Trunchion,awmrhp39
rhamfleetal,rhamfleetal@microsoft.com,Ranice,Hamfleet,xrybzz85
hlanchberyam,hlanchberyam@so-net.ne.jp,Had,Lanchbery,lhztfd40
amcellenan,amcellenan@bbb.org,Aguste,McEllen,lmvevj43
nberteletao,nberteletao@whitehouse.gov,Nickolas,Bertelet,vwyhio93
upendrillap,upendrillap@rakuten.co.jp,Udale,Pendrill,caatgd73
cemanueleaq,cemanueleaq@yahoo.co.jp,Cosme,Emanuele,ehrtbi06
chonniebalar,chonniebalar@uol.com.br,Cristine,Honniebal,xtcqmp72
zbeastonas,zbeastonas@usatoday.com,Zeke,Beaston,tlaerc21
dhayeat,dhayeat@rakuten.co.jp,Dulciana,Haye,blzema17
rbadwickau,rbadwickau@seesaa.net,Rosabelle,Badwick,zxqbpp25
mpaszekav,mpaszekav@unblog.fr,Morry,Paszek,mcdksf61
jattenborrowaw,jattenborrowaw@noaa.gov,Jules,Attenborrow,sqqyyy13
tstockdaleax,tstockdaleax@cnet.com,Towney,Stockdale,ybykxv24
tderyebarrettay,tderyebarrettay@studiopress.com,Tait,De Rye Barrett,gjfvqr91
fcaryaz,fcaryaz@dailymail.co.uk,Filip,Cary,fxlekw94
mhawkeyb0,mhawkeyb0@mapquest.com,Myranda,Hawkey,xqnryq12
amccurtainb1,amccurtainb1@myspace.com,Alic,McCurtain,fxelel47
egirschb2,egirschb2@123-reg.co.uk,Eal,Girsch,ibsria34
cbrickhamb3,cbrickhamb3@unicef.org,Codie,Brickham,rhdxal11
dlytellb4,dlytellb4@sourceforge.net,Dav,Lytell,ohdsio57
tblundinb5,tblundinb5@php.net,Torrin,Blundin,wgyfot20
doxherdb6,doxherdb6@naver.com,Drucie,Oxherd,kugkfz11
lmcavinb7,lmcavinb7@godaddy.com,Lelia,McAvin,qvdsvd89
kbrainsbyb8,kbrainsbyb8@house.gov,Kareem,Brainsby,tpkjud77
mleborgneb9,mleborgneb9@icio.us,Maurine,Leborgne,zdgigo16
rhamblynba,rhamblynba@umn.edu,Ronni,Hamblyn,uhjrvo97
cdevotebb,cdevotebb@eventbrite.com,Cherrita,Devote,xflxfa27
wmoinebc,wmoinebc@uol.com.br,Wrennie,Moine,onuhdz40
jwoolisbd,jwoolisbd@1688.com,Judith,Woolis,picljo01
tjouanetonbe,tjouanetonbe@jimdo.com,Tilda,Jouaneton,krgfhe06
skahlerbf,skahlerbf@umich.edu,Sherm,Kahler,ypdwqo36
osycamorebg,osycamorebg@cornell.edu,Orsola,Sycamore,qbtvpg60
rothenbh,rothenbh@sogou.com,Rochelle,Othen,wbvlaj95
acaldecotbi,acaldecotbi@noaa.gov,Afton,Caldecot,rnqkcx88
saysikbj,saysikbj@posterous.com,Stephen,Aysik,tqarcp74
wgoodludbk,wgoodludbk@blog.com,Willie,Goodlud,ukrecv65
mmacalisterbl,mmacalisterbl@weebly.com,Melamie,MacAlister,mcbgre70
ccarverbm,ccarverbm@phpbb.com,Car,Carver,vfdpwp77
mgrininbn,mgrininbn@naver.com,Moishe,Grinin,mcfzgg02
fschankelbo,fschankelbo@rambler.ru,Fernanda,Schankel,junsls39
nfoxenbp,nfoxenbp@behance.net,Nicholas,Foxen,vonrss81
dromerbq,dromerbq@tripod.com,Dyanna,Romer,sgapay77
aabsalombr,aabsalombr@mashable.com,Andy,Absalom,claiwe15
cdarragonbs,cdarragonbs@mysql.com,Celka,Darragon,fcozpg84
kmccererybt,kmccererybt@istockphoto.com,Keary,McCerery,uhrrdy39
bdoftybu,bdoftybu@w3.org,Berkley,Dofty,bnsnnl61
rstollwerkbv,rstollwerkbv@cafepress.com,Randolf,Stollwerk,evsljj68
nlackbw,nlackbw@sakura.ne.jp,Nelson,Lack,vcwewj95
llacottebx,llacottebx@unc.edu,Lindsay,Lacotte,nqpsqw56
lelcomeby,lelcomeby@sakura.ne.jp,Linnet,Elcome,rctoss39
amccallisterbz,amccallisterbz@godaddy.com,Alicea,McCallister,bymxqr59
rteffreyc0,rteffreyc0@marriott.com,Ramon,Teffrey,cljnvc94
bbausc1,bbausc1@stanford.edu,Benito,Baus,yuaxap03
aissakovc2,aissakovc2@redcross.org,Allard,Issakov,zcmrty68
csouthernc3,csouthernc3@so-net.ne.jp,Cletis,Southern,qepxbn35
rwithropc4,rwithropc4@boston.com,Robert,Withrop,ezyylc29
tferriec5,tferriec5@skype.com,Thorndike,Ferrie,tltolz96
etamasc6,etamasc6@telegraph.co.uk,Eldredge,Tamas,eaiwhq97
dscamadinc7,dscamadinc7@woothemes.com,Donnamarie,Scamadin,hxmcxt29
ksiselandc8,ksiselandc8@ycombinator.com,Kipp,Siseland,wduiuq24
cmaureenc9,cmaureenc9@usda.gov,Carver,Maureen,yyturw76
rjurczykca,rjurczykca@si.edu,Reilly,Jurczyk,lfcxwo17
kcarriagecb,kcarriagecb@europa.eu,Krysta,Carriage,fkvngo18
cliepinscc,cliepinscc@eventbrite.com,Cyndy,Liepins,nebrdb39
hhiddersleycd,hhiddersleycd@canalblog.com,Holt,Hiddersley,mnihjd77
eclawce,eclawce@eepurl.com,Evie,Claw,xarpmz40
mpadulacf,mpadulacf@google.co.jp,Michaelina,Padula,tmqivf99
kerteltcg,kerteltcg@oaic.gov.au,Kippy,Ertelt,fnswrq58
cajamch,cajamch@deviantart.com,Cathi,Ajam,pvnisb33
sbatmanci,sbatmanci@delicious.com,Sonny,Batman,lswvbe10
lmanthorpecj,lmanthorpecj@google.com.br,Laural,Manthorpe,rgjjkh68
rtidbaldck,rtidbaldck@photobucket.com,Raymund,Tidbald,fveggr52
gpaucl,gpaucl@oracle.com,Gwyneth,Pau,hriqni60
jaggliocm,jaggliocm@va.gov,Jeffy,Agglio,bcxuwd84
vcochcn,vcochcn@walmart.com,Viola,Coch,gniifp70
rguiraudco,rguiraudco@nih.gov,Reiko,Guiraud,iidrqv05
juffcp,juffcp@chron.com,Jessy,Uff,ohiryd49
glindenmancq,glindenmancq@github.com,Grantley,Lindenman,aryfwg26
cmashalcr,cmashalcr@google.fr,Corry,Mashal,npjuij67
eregglercs,eregglercs@123-reg.co.uk,Edward,Reggler,nhmsui93
kguidellict,kguidellict@macromedia.com,Keven,Guidelli,yemriz52
sbransoncu,sbransoncu@msn.com,Steffane,Branson,farpri26
hbowerbankcv,hbowerbankcv@macromedia.com,Hermione,Bowerbank,lzfrsp56
lstubbingtoncw,lstubbingtoncw@g.co,Lorie,Stubbington,rhcduw31
apervoecx,apervoecx@ibm.com,Abraham,Pervoe,adzqoh63
pmallabundcy,pmallabundcy@free.fr,Pamella,Mallabund,hskdcv40
beaglandcz,beaglandcz@facebook.com,Byron,Eagland,ueizin22
twestfieldd0,twestfieldd0@pinterest.com,Terrell,Westfield,obcdol80
rheggied1,rheggied1@patch.com,Rollie,Heggie,spzltv58
aheditchd2,aheditchd2@answers.com,Alfons,Heditch,fmcobh45
hformied3,hformied3@eepurl.com,Hyacintha,Formie,ptiiws99
wrackamd4,wrackamd4@amazon.com,Wakefield,Rackam,ieeisk21
bklaessend5,bklaessend5@answers.com,Barry,Klaessen,eobcqy31
lasbreyd6,lasbreyd6@pbs.org,Lynn,Asbrey,wijeyy56
wgeekied7,wgeekied7@nationalgeographic.com,Wyn,Geekie,loblsx42
gcansdilld8,gcansdilld8@zdnet.com,Gretal,Cansdill,tfmyts97
llukasikd9,llukasikd9@about.com,Lorianna,Lukasik,qchzus35
pcallawayda,pcallawayda@google.co.uk,Perice,Callaway,qdeynb93
mdantuonidb,mdantuonidb@sitemeter.com,Maren,D'Antuoni,rrtavp67
askinleydc,askinleydc@fema.gov,Anthiathia,Skinley,jytdkd47
abennerdd,abennerdd@cafepress.com,Aron,Benner,kzfetu29
kjohannesde,kjohannesde@homestead.com,Konstantine,Johannes,rdrfyp14
ialoshkindf,ialoshkindf@blogs.com,Inness,Aloshkin,mmnpua06
bcreddondg,bcreddondg@storify.com,Berthe,Creddon,yufeoi23
sstarrdh,sstarrdh@ebay.co.uk,Suzann,Starr,kxdipq76
wbaldwindi,wbaldwindi@fc2.com,Wendy,Baldwin,fmqkki63
kbuarddj,kbuarddj@51.la,Kally,Buard,lwrxjg54
fquilkindk,fquilkindk@flavors.me,Flss,Quilkin,mtgxtt30
goquindl,goquindl@hibu.com,Ginnie,O'Quin,ntyprq17
jmacfaydendm,jmacfaydendm@weather.com,Joye,MacFayden,tnwqkq86
kschiefersteindn,kschiefersteindn@msu.edu,Kessia,Schieferstein,dhbszf37
dpiattodo,dpiattodo@google.ca,Dora,Piatto,kcgzvd00
acranmoredp,acranmoredp@facebook.com,Anne,Cranmore,ogwrhm69
dhalpendq,dhalpendq@bloglines.com,Dwain,Halpen,yexmns76
rbowserdr,rbowserdr@cocolog-nifty.com,Rosalia,Bowser,dkyora57
vmenaulds,vmenaulds@google.de,Venita,Menaul,ugvigs69
ljadosdt,ljadosdt@canalblog.com,Letta,Jados,eafdij78
meverittdu,meverittdu@elegantthemes.com,Marie-ann,Everitt,vsitat40
lclemittdv,lclemittdv@github.io,Lainey,Clemitt,ukvvnu52
rcorkittdw,rcorkittdw@sourceforge.net,Russ,Corkitt,qmoeog18
mdiamantdx,mdiamantdx@examiner.com,Martynne,Diamant,byiayt22
djanissondy,djanissondy@japanpost.jp,Dennison,Janisson,tdzsfb06
hfranzelinidz,hfranzelinidz@t.co,Homere,Franzelini,humdql18
wmenneare0,wmenneare0@comsenz.com,Woody,Mennear,eausnu65
kbatemane1,kbatemane1@w3.org,Kaine,Bateman,vryykq30
adawidowitze2,adawidowitze2@thetimes.co.uk,Allene,Dawidowitz,kniicv85
dguiraude3,dguiraude3@phoca.cz,Daveen,Guiraud,zxsukx37
ryurocjhine4,ryurocjhine4@washingtonpost.com,Richardo,Yurocjhin,anmniq50
kbaloghe5,kbaloghe5@census.gov,Karon,Balogh,vyztgl33
nhummerstone6,nhummerstone6@behance.net,Netty,Hummerston,vmcbia21
tgadde7,tgadde7@vk.com,Tresa,Gadd,wulxlo25
ptrayhorne8,ptrayhorne8@va.gov,Paco,Trayhorn,uczekt19
eredhollse9,eredhollse9@google.es,Eba,Redholls,batczf82
wbentjeea,wbentjeea@sina.com.cn,Walton,Bentje,ouijux45
mczajkaeb,mczajkaeb@time.com,Misti,Czajka,tullcl56
bheightec,bheightec@aol.com,Brnaba,Height,rgabjs38
msavilled,msavilled@earthlink.net,Morie,Savill,gmsujm79
ashallooee,ashallooee@topsy.com,Asher,Shalloo,wzllxb15
jgenteryef,jgenteryef@techcrunch.com,Joby,Gentery,lnrdbz79
jgreasereg,jgreasereg@hatena.ne.jp,Johannah,Greaser,krflaz52
hsumnereh,hsumnereh@yandex.ru,Haley,Sumner,sezqlb52
aleaskei,aleaskei@arizona.edu,Alexa,Leask,gtiufu77
tmacveyej,tmacveyej@reference.com,Tootsie,Macvey,duzsgo20
cmenghiek,cmenghiek@godaddy.com,Coop,Menghi,lwipbi55
sbelascoel,sbelascoel@spotify.com,Shandee,Belasco,lduwjh53
tgarlingeem,tgarlingeem@independent.co.uk,Titus,Garlinge,zzjltz07
iarangyen,iarangyen@wiley.com,Irving,Arangy,xxhpfq67
bdowtryeo,bdowtryeo@seesaa.net,Braden,Dowtry,znboth31
iblemingsep,iblemingsep@delicious.com,Isabeau,Blemings,dsgmzf64
gcroomeq,gcroomeq@nifty.com,Gun,Croom,fwebiv80
trameloter,trameloter@purevolume.com,Tadio,Ramelot,wcmmnn20
esteddalles,esteddalles@yellowpages.com,Elvyn,Steddall,dmeure96
rwintouret,rwintouret@wix.com,Reina,Wintour,ihcmgp58
ryeolandeu,ryeolandeu@auda.org.au,Roderic,Yeoland,pbauww91
nbacchusev,nbacchusev@elpais.com,Nana,Bacchus,olfaxz49
hmcgradyew,hmcgradyew@hhs.gov,Harp,McGrady,thrggm28
cmalinsex,cmalinsex@digg.com,Christa,Malins,eemlwx11
fsollarsey,fsollarsey@globo.com,Forrester,Sollars,utwdmm61
pduceez,pduceez@ocn.ne.jp,Phillis,Duce,spyzfy80
jsothcottf0,jsothcottf0@typepad.com,Jaclin,Sothcott,bujonb25
ephillerf1,ephillerf1@virginia.edu,Evin,Philler,eqlvsq19
flevettf2,flevettf2@blogspot.com,Ferdy,Levett,gpaska72
cruppelinf3,cruppelinf3@unblog.fr,Corly,Ruppelin,vmevsn71
spengillyf4,spengillyf4@adobe.com,Sandy,Pengilly,dbqcjz33
thawlgarthf5,thawlgarthf5@123-reg.co.uk,Thornton,Hawlgarth,wttunj29
vbillowsf6,vbillowsf6@telegraph.co.uk,Valentijn,Billows,vvnlhu85
wcraykerf7,wcraykerf7@chronoengine.com,Wesley,Crayker,drydxg90
gmaruskaf8,gmaruskaf8@archive.org,Gale,Maruska,wwpzkh55
swoodcroftf9,swoodcroftf9@alibaba.com,Shaina,Woodcroft,pdeuqv99
gdentonfa,gdentonfa@free.fr,Gail,Denton,kzthhu61
whinzerfb,whinzerfb@zdnet.com,Wilma,Hinzer,ugpyal54
tgillmanfc,tgillmanfc@hatena.ne.jp,Tani,Gillman,tvrtoy68
scampsallfd,scampsallfd@gravatar.com,Shandeigh,Campsall,giyrab43
mendersonfe,mendersonfe@nifty.com,Marji,Enderson,ilqztd20
igarretsonff,igarretsonff@hexun.com,Irvine,Garretson,nxncns37
kkassidyfg,kkassidyfg@princeton.edu,Ketti,Kassidy,wdwpki65
mgrogerfh,mgrogerfh@google.nl,Mia,Groger,kaiawu22
shakkingfi,shakkingfi@sitemeter.com,Sharl,Hakking,zqbyla23
fliddallfj,fliddallfj@theguardian.com,Florina,Liddall,pzjqte93
cgowriefk,cgowriefk@eepurl.com,Cecilia,Gowrie,gdzgzo32
wmelsomefl,wmelsomefl@wired.com,Winni,Melsome,nkprdq58
sdacrefm,sdacrefm@hud.gov,Sylvia,Dacre,ivjwax50
abortolonifn,abortolonifn@bigcartel.com,Aldous,Bortoloni,akkixb07
omagogfo,omagogfo@github.io,Orland,Magog,wvuyuj40
tclareyfp,tclareyfp@hostgator.com,Thatcher,Clarey,wguyvh96
lkeevesfq,lkeevesfq@wiley.com,Loni,Keeves,lphhqx61
dfolkerfr,dfolkerfr@auda.org.au,Demetria,Folker,vnnzdp30
ymatussonfs,ymatussonfs@bizjournals.com,Yorker,Matusson,pjanfa09
dhammantft,dhammantft@purevolume.com,Dion,Hammant,shkxpa95
vguinessfu,vguinessfu@yolasite.com,Vicki,Guiness,padguo79
lpairpointfv,lpairpointfv@flickr.com,Lilly,Pairpoint,geiwdl40
hlorkinfw,hlorkinfw@photobucket.com,Harmon,Lorkin,cqznln84
cwhebellfx,cwhebellfx@webnode.com,Charyl,Whebell,ofiguk44
ctwiggerfy,ctwiggerfy@accuweather.com,Constantin,Twigger,akfxvw98
crossantfz,crossantfz@deviantart.com,Celle,Rossant,zugmtw64
rbleakmang0,rbleakmang0@elegantthemes.com,Roseline,Bleakman,skqwzq22
pmccorryg1,pmccorryg1@yellowbook.com,Price,McCorry,kpxjqx63
ghillborneg2,ghillborneg2@berkeley.edu,Gordan,Hillborne,gvbxrq70
ccrunkhurng3,ccrunkhurng3@dmoz.org,Cyndie,Crunkhurn,gsuhkk66
rmcniveng4,rmcniveng4@hexun.com,Ramona,McNiven,rsqdki86
dtrelevang5,dtrelevang5@sciencedirect.com,Desi,Trelevan,buieey83
sunsteadg6,sunsteadg6@hc360.com,Skyler,Unstead,gensdc35
wconquerg7,wconquerg7@istockphoto.com,Winnie,Conquer,heslvq19
rchristeneg8,rchristeneg8@paypal.com,Robbie,Christene,jttdus49
hshiresg9,hshiresg9@ezinearticles.com,Happy,Shires,knqhjl05
nabelga,nabelga@usa.gov,Neysa,Abel,onupqu16
ksabangb,ksabangb@list-manage.com,Kip,Saban,bbjecx59
ebaudassigc,ebaudassigc@shutterfly.com,Eyde,Baudassi,gvbhjc39
oblowfieldgd,oblowfieldgd@chron.com,Onfre,Blowfield,jnvrvz10
ppoterge,ppoterge@skype.com,Phip,Poter,xhzuph04
dgrisenthwaitegf,dgrisenthwaitegf@macromedia.com,Dorthea,Grisenthwaite,qzqznd83
dtadmangg,dtadmangg@thetimes.co.uk,Doy,Tadman,plqxlr57
edeethgh,edeethgh@narod.ru,Eolanda,Deeth,amhawu93
bdelislegi,bdelislegi@51.la,Benedick,De Lisle,twbqkr48
aandrioligj,aandrioligj@stanford.edu,Archie,Andrioli,gkdkri09
gdiblegk,gdiblegk@naver.com,Germain,Dible,nidsht38
cdanilyukgl,cdanilyukgl@craigslist.org,Cross,Danilyuk,pytqln29
vpotterygm,vpotterygm@surveymonkey.com,Virgie,Pottery,qxlguz96
mboddiegn,mboddiegn@parallels.com,Mel,Boddie,cxvdfe34
alibbego,alibbego@hibu.com,Amerigo,Libbe,jgxptu34
ehollyergp,ehollyergp@furl.net,Elicia,Hollyer,qsbxdb24
gcobleygq,gcobleygq@pbs.org,Gillian,Cobley,fsegtv26
gsichgr,gsichgr@answers.com,Gretchen,Sich,zxclbq48
lterrellgs,lterrellgs@icio.us,Libbey,Terrell,tjletf10
gfowliegt,gfowliegt@whitehouse.gov,Georgia,Fowlie,spjsbr76
dnajeragu,dnajeragu@dmoz.org,Deb,Najera,qvejsd83
kgobygv,kgobygv@bloomberg.com,Kinnie,Goby,jzlfbx78
vmoncastergw,vmoncastergw@wikimedia.org,Vyky,Moncaster,mebqqn65
sbrunelgx,sbrunelgx@youtu.be,Sapphira,Brunel,vcnzct04
lianilligy,lianilligy@tripod.com,Legra,Ianilli,vfgbjd07
gberggz,gberggz@uiuc.edu,Gloria,Berg,xcvvbs48
fouldcotth0,fouldcotth0@wiley.com,Farica,Ouldcott,sgtfiy23
dcicconettih1,dcicconettih1@webeden.co.uk,Dyanna,Cicconetti,solale82
mcluerh2,mcluerh2@stanford.edu,Maressa,Cluer,gsjkvu47
cspath3,cspath3@wikimedia.org,Carley,Spat,tjdawr84
jpoffh4,jpoffh4@utexas.edu,Joe,Poff,wrsihc26
jmattschash5,jmattschash5@about.com,Janela,Mattschas,zyrdfm62
wthormwellh6,wthormwellh6@google.pl,Wenona,Thormwell,wzsfew58
jgarlandh7,jgarlandh7@bloglines.com,Jessee,Garland,fvcecw81
crosencwaigh8,crosencwaigh8@mashable.com,Carmelle,Rosencwaig,wryygj84
repgraveh9,repgraveh9@zimbio.com,Rowney,Epgrave,bxmmvb54
agaucheha,agaucheha@arizona.edu,Amil,Gauche,qaunre18
sellsworthehb,sellsworthehb@loc.gov,Sonnie,Ellsworthe,mgrxqv00
gpaulehc,gpaulehc@artisteer.com,Gillie,Paule,diwtmw27
pfraynhd,pfraynhd@va.gov,Patrick,Frayn,ljgrto94
abalthasarhe,abalthasarhe@studiopress.com,Adler,Balthasar,rvxqig82
htrowhf,htrowhf@live.com,Haily,Trow,lazjpl11
ahuntallhg,ahuntallhg@privacy.gov.au,Ardath,Huntall,axbqrp79
awardehh,awardehh@mozilla.com,Amy,Warde,qtxxrm97
kcaulderhi,kcaulderhi@reverbnation.com,Kendre,Caulder,ordkwb29
hstayneshj,hstayneshj@goo.gl,Huey,Staynes,fcjtqf72
kbooteshk,kbooteshk@360.cn,Ki,Bootes,xwgpxl60
jhoofehl,jhoofehl@ask.com,Jarad,Hoofe,gsayem21
csmallshm,csmallshm@constantcontact.com,Clywd,Smalls,igpeib57
ndomelowhn,ndomelowhn@google.co.jp,Nerty,Domelow,xbrjft64
sschouthedeho,sschouthedeho@nps.gov,Silvie,Schouthede,pmyccu58
sgoodaylehp,sgoodaylehp@google.de,Shaughn,Goodayle,cfyxsx02
opashbahq,opashbahq@wix.com,Olympia,Pashba,kidtrk69
ltottlehr,ltottlehr@webmd.com,L;urette,Tottle,gqbtns56
bgetshamhs,bgetshamhs@goodreads.com,Bren,Getsham,cjfmnq95
tjemmettht,tjemmettht@dropbox.com,Terrel,Jemmett,rxgumx58
cgreghu,cgreghu@123-reg.co.uk,Carlen,Greg,zsuyjg21
jnormanvillhv,jnormanvillhv@wsj.com,Jayme,Normanvill,gtmflk35
wmacfadzanhw,wmacfadzanhw@chicagotribune.com,Wren,MacFadzan,rfvziq56
vbramhamhx,vbramhamhx@elegantthemes.com,Veda,Bramham,rxbwae00
mjannawayhy,mjannawayhy@va.gov,Marchelle,Jannaway,zccwlw31
ograyhamhz,ograyhamhz@unc.edu,Olivie,Grayham,sywfrr17
stremaini0,stremaini0@bbc.co.uk,Sibbie,Tremain,ltmzgq03
mimbreyi1,mimbreyi1@technorati.com,Matias,Imbrey,xfngsg14
tdolligoni2,tdolligoni2@europa.eu,Tudor,Dolligon,qsawuv88
jpawlowiczi3,jpawlowiczi3@pagesperso-orange.fr,Jasmin,Pawlowicz,nnamqe24
sberthoti4,sberthoti4@mapy.cz,Selig,Berthot,ifqkhp77
sgreavesi5,sgreavesi5@themeforest.net,Sidonnie,Greaves,wvalnr74
rcalbreathi6,rcalbreathi6@theguardian.com,Raquel,Calbreath,fonqlu92
rgricewoodi7,rgricewoodi7@pbs.org,Rockie,Gricewood,anescz16
twimbridgei8,twimbridgei8@edublogs.org,Timothea,Wimbridge,enqbpy71
asamwayei9,asamwayei9@sciencedirect.com,Aliza,Samwaye,gzjhbc92
mtruesdaleia,mtruesdaleia@altervista.org,Minda,Truesdale,kemjqn91
cbartomeuib,cbartomeuib@army.mil,Coraline,Bartomeu,hsifib29
gnuschkeic,gnuschkeic@domainmarket.com,Gayelord,Nuschke,mqdoxo77
fmcfaulid,fmcfaulid@netvibes.com,Florentia,Mc Faul,vbrkpw93
acansdaleie,acansdaleie@cyberchimps.com,Augustin,Cansdale,elrrig41
pduerdenif,pduerdenif@github.com,Prinz,Duerden,ouacin43
rnowellig,rnowellig@google.es,Rasla,Nowell,vxzdhd00
miacovacciih,miacovacciih@ow.ly,Matty,Iacovacci,uggejn45
hleprovostii,hleprovostii@symantec.com,Hy,Le Provost,nirbsm47
melpheeij,melpheeij@meetup.com,Maje,Elphee,htshrn18
gchadwinik,gchadwinik@salon.com,Grantley,Chadwin,hlsgta18
wsillil,wsillil@earthlink.net,Waldemar,Sill,iircey27
afibbensim,afibbensim@omniture.com,Arnoldo,Fibbens,gzykta94
linderin,linderin@trellian.com,Lorie,Inder,clgted93
ashirtliffio,ashirtliffio@wiley.com,Antonia,Shirtliff,ouausz76
jtchirip,jtchirip@ning.com,Jayne,Tchir,ovngwc41
gdanieliq,gdanieliq@cornell.edu,Gasparo,Daniel,ipgjty57
sbleiir,sbleiir@ibm.com,Sergei,Blei,xdrzkn44
ichaloneris,ichaloneris@ning.com,Ivette,Chaloner,trkwfe59
dboolit,dboolit@earthlink.net,Davon,Bool,mnxywh45
lmartlewiu,lmartlewiu@miitbeian.gov.cn,Lammond,Martlew,vbmhtg10
ggianniiv,ggianniiv@biglobe.ne.jp,Gussi,Gianni,ezbiga51
rpidduckiw,rpidduckiw@hexun.com,Rebekah,Pidduck,bqleck55
abengtsenix,abengtsenix@discuz.net,Aprilette,Bengtsen,zknxvd81
lflockhartiy,lflockhartiy@vk.com,Lynette,Flockhart,hkunmk77
jgrasseriz,jgrasseriz@domainmarket.com,Jilly,Grasser,esqnns14
bhadinghamj0,bhadinghamj0@google.co.jp,Biron,Hadingham,jjflcf96
plyonsj1,plyonsj1@goo.ne.jp,Patrizia,Lyons,mqdozs55
nembyj2,nembyj2@europa.eu,Nikolaus,Emby,uperpd27
scoldbathej3,scoldbathej3@dmoz.org,Sibeal,Coldbathe,rgycmc51
cfuscoj4,cfuscoj4@ucsd.edu,Cyndia,Fusco,iltowg96
gmeakerj5,gmeakerj5@people.com.cn,Griffie,Meaker,oytilz84
pjohnikinj6,pjohnikinj6@illinois.edu,Pegeen,Johnikin,uaxthe33
gverteyj7,gverteyj7@example.com,Giulio,Vertey,ogcpsd74
isimpkinj8,isimpkinj8@hexun.com,Isador,Simpkin,qthqsk37
dhalltj9,dhalltj9@ycombinator.com,Deloris,Hallt,cwrvry66
rsiviorja,rsiviorja@hud.gov,Royall,Sivior,arycqa03
grahilljb,grahilljb@amazon.co.uk,Glenden,Rahill,pfvozc68
fharraginjc,fharraginjc@multiply.com,Frank,Harragin,lzjzqm93
anewhousejd,anewhousejd@xrea.com,Alexia,Newhouse,rpklao02
zwolfendellje,zwolfendellje@etsy.com,Zsa zsa,Wolfendell,jnsfcn81
kferrollijf,kferrollijf@wp.com,Kara-lynn,Ferrolli,kkrdas15
grathmelljg,grathmelljg@latimes.com,Goddart,Rathmell,tmiruu98
eailmerjh,eailmerjh@acquirethisname.com,Ezechiel,Ailmer,hghffl10
pgilstounji,pgilstounji@furl.net,Phil,Gilstoun,scucjx69
sandriuzzijj,sandriuzzijj@fema.gov,Scotti,Andriuzzi,zxuyit14
gclevelyjk,gclevelyjk@jugem.jp,Gus,Clevely,jsswyy82
dnisslejl,dnisslejl@deliciousdays.com,Dov,Nissle,lnfjaz68
mwanekjm,mwanekjm@csmonitor.com,Margaux,Wanek,fzphis10
dmacquirejn,dmacquirejn@shop-pro.jp,Donall,Macquire,cntifj76
cmaidesjo,cmaidesjo@deliciousdays.com,Cornall,Maides,afnufs68
asibsonjp,asibsonjp@issuu.com,Anthony,Sibson,egmaot20
jdoumencjq,jdoumencjq@dagondesign.com,Janetta,Doumenc,rltrwj58
ghucksjr,ghucksjr@myspace.com,Gloriana,Hucks,pdtnji89
cdurdlejs,cdurdlejs@blog.com,Cathleen,Durdle,nrlyel91
pkeytejt,pkeytejt@zdnet.com,Pate,Keyte,gpmwhc77
jdodshonju,jdodshonju@cnn.com,Jolee,Dodshon,tntpmz63
crojajv,crojajv@ucla.edu,Christian,Roja,fuwjtj29
nconaboyjw,nconaboyjw@europa.eu,Noland,Conaboy,uvrsht29
hgillingsjx,hgillingsjx@deliciousdays.com,Hilton,Gillings,cwgjzz22
araddenjy,araddenjy@mysql.com,Arlee,Radden,zlikwi64
cmcgrawjz,cmcgrawjz@163.com,Corby,McGraw,ijpkgd25
ugascardk0,ugascardk0@is.gd,Ulysses,Gascard,xwudcd85
aleybornek1,aleybornek1@flavors.me,Alexander,Leyborne,hblbcr88
dspantonk2,dspantonk2@tripadvisor.com,Deina,Spanton,kxdkxy81
jkelletk3,jkelletk3@telegraph.co.uk,Jimmy,Kellet,fhelwb69
hfarrisk4,hfarrisk4@flickr.com,Helene,Farris,ltyhpb16
aeadingtonk5,aeadingtonk5@xing.com,Arthur,Eadington,osgylg07
mlipsettk6,mlipsettk6@shareasale.com,Marwin,Lipsett,jrnxym65
gwaldrenk7,gwaldrenk7@dagondesign.com,Glendon,Waldren,qjcwzy44
bcounsellk8,bcounsellk8@chronoengine.com,Betsey,Counsell,laqfju87
tbernaldok9,tbernaldok9@boston.com,Tess,Bernaldo,dygflw32
dmoenka,dmoenka@gravatar.com,Dareen,Moen,rsixuy10
jpresseykb,jpresseykb@angelfire.com,Jordain,Pressey,kznykr36
cpockekc,cpockekc@myspace.com,Charmaine,Pocke,iwktky46
jlunnykd,jlunnykd@geocities.jp,Judy,Lunny,xsqhqh65
nraeke,nraeke@vinaora.com,Nanny,Rae,oiksji72
mhaysmankf,mhaysmankf@sbwire.com,Maddie,Haysman,hmedbt31
bsuffkg,bsuffkg@time.com,Benson,Suff,gxoscd87
emackombkh,emackombkh@amazon.co.jp,Edna,MacKomb,dejglo52
kcelandki,kcelandki@amazon.co.uk,Kathe,Celand,upzxjp22
cgaytonkj,cgaytonkj@google.cn,Carmina,Gayton,lzshwr73
rkarolovskykk,rkarolovskykk@dropbox.com,Roddie,Karolovsky,usxrii74
jhonschkl,jhonschkl@nbcnews.com,Jori,Honsch,xusmns01
hiamittiikm,hiamittiikm@smh.com.au,Herve,Iamittii,cwwdgu80
crashleighkn,crashleighkn@usatoday.com,Camile,Rashleigh,lfkkrs27
sozintsevko,sozintsevko@buzzfeed.com,Syd,Ozintsev,mxmylj75
imanclarkkp,imanclarkkp@altervista.org,Isa,Manclark,zbpvoq63
ehardemankq,ehardemankq@yolasite.com,Esma,Hardeman,tbtsrj06
kbacksalkr,kbacksalkr@omniture.com,Kally,Backsal,tscbis91
eabbotks,eabbotks@surveymonkey.com,Emmit,Abbot,ovldmv36
smcghiekt,smcghiekt@canalblog.com,Saloma,McGhie,zthzeq07
jjaquesku,jjaquesku@dropbox.com,Jesus,Jaques,hyihvh46
csaipykv,csaipykv@nytimes.com,Creighton,Saipy,ckwqke39
aladellkw,aladellkw@sohu.com,Alyosha,Ladell,itquzo44
adivellkx,adivellkx@chicagotribune.com,Anestassia,Divell,bqdqmw39
bmadleky,bmadleky@shutterfly.com,Binni,Madle,uehhul88
mkingsfordkz,mkingsfordkz@telegraph.co.uk,Merwin,Kingsford,pyomsl25
cwingeatl0,cwingeatl0@mashable.com,Chaunce,Wingeat,tcubis17
hcardenosol1,hcardenosol1@ifeng.com,Hanan,Cardenoso,apapax50
kdibdenl2,kdibdenl2@joomla.org,Kanya,Dibden,eqfrhv57
cenockssonl3,cenockssonl3@apple.com,Corabelle,Enocksson,tsqkee71
petheringtonl4,petheringtonl4@opera.com,Pearce,Etherington,ltzaom95
obrothwelll5,obrothwelll5@simplemachines.org,Orella,Brothwell,chapdv99
mmurol6,mmurol6@photobucket.com,Mel,Muro,vkgsgi51
smustardl7,smustardl7@yellowbook.com,Sally,Mustard,qygvxc06
lattkinsl8,lattkinsl8@examiner.com,Liliane,Attkins,vnapbj92
cdosdilll9,cdosdilll9@moonfruit.com,Cristian,Dosdill,asdski01
wfallonla,wfallonla@addtoany.com,Warner,Fallon,mwoqhe69
wcrosstonlb,wcrosstonlb@tmall.com,Whittaker,Crosston,uetplc60
tcliffelc,tcliffelc@zdnet.com,Tatiania,Cliffe,shwbtg15
ebulleyld,ebulleyld@about.com,Elvyn,Bulley,ipajnl34
snesterle,snesterle@livejournal.com,Sadella,Nester,dewmus87
kwestheadlf,kwestheadlf@home.pl,Kennedy,Westhead,lersic81
wpreuvostlg,wpreuvostlg@yellowbook.com,Wallache,Preuvost,wwokqy60
sgaucherlh,sgaucherlh@networksolutions.com,Seward,Gaucher,zfvmbd24
tantoniadesli,tantoniadesli@diigo.com,Tanhya,Antoniades,fmmwiq90
ngraallj,ngraallj@opera.com,Nanon,Graal,njphib93
foutibridgelk,foutibridgelk@washington.edu,Farica,Outibridge,hpophy71
kpaylerll,kpaylerll@pcworld.com,Kaine,Payler,cgsukk44
gturklm,gturklm@mozilla.org,Gratiana,Turk,kkhqiy24
spoultonln,spoultonln@wikipedia.org,Scarlet,Poulton,ogfmzn99
jlameylo,jlameylo@cornell.edu,Jami,Lamey,lsfgag03
dfuentezlp,dfuentezlp@sbwire.com,Devan,Fuentez,ynzbgk20
sbatroplq,sbatroplq@ed.gov,Sander,Batrop,gabaey75
hmelendezlr,hmelendezlr@wisc.edu,Hasty,Melendez,zifazd06
ckemetls,ckemetls@hexun.com,Cirilo,Kemet,awoalo32
abarlacelt,abarlacelt@nps.gov,Antonino,Barlace,qzhgti59
wmeaghlu,wmeaghlu@vimeo.com,Willamina,Meagh,heyymq66
ifennessylv,ifennessylv@wisc.edu,Irvine,Fennessy,wxdrza08
rcullrfordlw,rcullrfordlw@hhs.gov,Ronnica,Cullrford,yoghzs11
bionslx,bionslx@google.com.br,Bobine,Ions,bfmfmr24
mhonigly,mhonigly@gravatar.com,Melva,Honig,kbupet14
amaseylz,amaseylz@bravesites.com,Alicea,Masey,bnyzqy96
fmembrym0,fmembrym0@ebay.com,Farleigh,Membry,vmnkjz82
kcullipm1,kcullipm1@zimbio.com,Kelcie,Cullip,xfmmvf17
sgoardm2,sgoardm2@huffingtonpost.com,Silvio,Goard,qztopo99
lemsonm3,lemsonm3@nature.com,Leonhard,Emson,vxyzfe74
sburdusm4,sburdusm4@bloglovin.com,Saul,Burdus,ekiugp41
esearjeantm5,esearjeantm5@boston.com,Eli,Searjeant,yfeerr25
dlyttlem6,dlyttlem6@netscape.com,Dora,Lyttle,gqmtrn71
smurrhauptm7,smurrhauptm7@sun.com,Shaylyn,Murrhaupt,jihmuw84
kgallimorem8,kgallimorem8@4shared.com,Kelcey,Gallimore,oyrdts59
gdrakersm9,gdrakersm9@ucoz.com,Gibbie,Drakers,kreqmx86
mratledgema,mratledgema@rakuten.co.jp,Marabel,Ratledge,irnonq89
hseggesmb,hseggesmb@wisc.edu,Hunfredo,Segges,ehgatp34
rwattinghammc,rwattinghammc@si.edu,Raul,Wattingham,lakkme88
dcalveleymd,dcalveleymd@opera.com,Dickie,Calveley,hmuhcv56
kpflegerme,kpflegerme@com.com,Kelcy,Pfleger,raakkr00
ahammelmf,ahammelmf@apache.org,Adolphus,Hammel,siubbw03
lbriteemg,lbriteemg@hc360.com,Lyssa,Britee,xczvyt53
lnutteymh,lnutteymh@springer.com,Loreen,Nuttey,rrxomc97
ahinckleymi,ahinckleymi@diigo.com,Aeriela,Hinckley,iwyvec43
pgredermj,pgredermj@ocn.ne.jp,Paten,Greder,tjwgtu60
cfrancescomk,cfrancescomk@amazon.de,Claudell,Francesco,lddfjd93
adillewayml,adillewayml@photobucket.com,Alexi,Dilleway,tjzvoa16
smortonmm,smortonmm@godaddy.com,Susanetta,Morton,lbktpz29
dheinishmn,dheinishmn@cornell.edu,Don,Heinish,qdatcd54
mgoulstonmo,mgoulstonmo@ihg.com,Mitchael,Goulston,dwojxm29
eleipoldtmp,eleipoldtmp@usgs.gov,Ellery,Leipoldt,lleujz47
dgossonmq,dgossonmq@behance.net,Debby,Gosson,vqudca73
cdemicolimr,cdemicolimr@multiply.com,Chrysa,Demicoli,wurtwz72
pswidenbankms,pswidenbankms@yellowpages.com,Park,Swidenbank,rdxmfn53
kchatburnmt,kchatburnmt@twitpic.com,Kassey,Chatburn,qbwujy52
oosullivanmu,oosullivanmu@cornell.edu,Olga,O Sullivan,mhfqfk11
cridleymv,cridleymv@over-blog.com,Conn,Ridley,rltric65
cbonomemw,cbonomemw@blogger.com,Chadwick,Bonome,zisbah17
edundredgemx,edundredgemx@issuu.com,Edna,Dundredge,fxavbq56
wsancroftmy,wsancroftmy@marriott.com,Warde,Sancroft,zxcrbg02
wlowdermz,wlowdermz@pinterest.com,Wilt,Lowder,pkbiel49
cthurleyn0,cthurleyn0@naver.com,Cordula,Thurley,immbdx68
classetern1,classetern1@imageshack.us,Corie,Lasseter,mberdz26
cbthamn2,cbthamn2@psu.edu,Cole,Btham,nyfclv24
plimprichtn3,plimprichtn3@slashdot.org,Philippa,Limpricht,xephob71
mpurdeyn4,mpurdeyn4@irs.gov,Marnie,Purdey,pudoku61
eeveralln5,eeveralln5@drupal.org,Edmon,Everall,uxpzuh67
ksummersettn6,ksummersettn6@forbes.com,Kalina,Summersett,iofmoy78
ucopplediken7,ucopplediken7@sogou.com,Ulla,Coppledike,wmjohb23
sskeeln8,sskeeln8@weather.com,Shanon,Skeel,osaaqz08
kklulicekn9,kklulicekn9@nasa.gov,Karlan,Klulicek,lpetjf00
cmartina,cmartina@howstuffworks.com,Christoph,Marti,lvswwt66
dwalshenb,dwalshenb@biblegateway.com,Davidde,Walshe,bygciw37
blissemorenc,blissemorenc@pen.io,Brier,Lissemore,tczudd22
mwallbanksnd,mwallbanksnd@yolasite.com,Minetta,Wallbanks,ldxqsz12
salexandersenne,salexandersenne@state.tx.us,Sibyl,Alexandersen,hhzbgr12
daggettnf,daggettnf@seattletimes.com,Deeanne,Aggett,wbtqmz08
gdumphreyng,gdumphreyng@themeforest.net,Gert,Dumphrey,bsoxsq90
aspillingnh,aspillingnh@nytimes.com,Alexei,Spilling,ejsliy39
blarretni,blarretni@usnews.com,Berny,Larret,pyqwbl44
eobrallaghannj,eobrallaghannj@woothemes.com,Emanuele,O'Brallaghan,bphmsr37
jbleiernk,jbleiernk@twitpic.com,Jyoti,Bleier,sxtfio20
nfishnl,nfishnl@hugedomains.com,Noemi,Fish,whbdwz46
mjohnikinnm,mjohnikinnm@behance.net,Mario,Johnikin,nxyxlb24
seakensnn,seakensnn@ox.ac.uk,Shelagh,Eakens,bpglgs49
gmaevelano,gmaevelano@theguardian.com,Gretta,Maevela,piijer52
rwaadenburgnp,rwaadenburgnp@nba.com,Renelle,Waadenburg,majiqg25
flubomirskinq,flubomirskinq@blogger.com,Freddi,Lubomirski,mxnpem34
hskallynr,hskallynr@a8.net,Hort,Skally,puxsnr04
gblackaterns,gblackaterns@discovery.com,Georgine,Blackater,yggknk93
cgordennt,cgordennt@so-net.ne.jp,Culver,Gorden,pimmti76
asmowtonnu,asmowtonnu@techcrunch.com,Ashla,Smowton,ubwkum37
bellsburynv,bellsburynv@google.es,Berk,Ellsbury,dgcgvs08
fsleenynw,fsleenynw@freewebs.com,Florence,Sleeny,mxttgv83
mgallantnx,mgallantnx@privacy.gov.au,Melisa,Gallant,xkedqb91
tgutsellny,tgutsellny@over-blog.com,Thornton,Gutsell,ulkbum21
merskinenz,merskinenz@japanpost.jp,Monte,Erskine,qjqyqt98
astuehmeyero0,astuehmeyero0@paypal.com,Ashby,Stuehmeyer,trokkz78
aopdenortho1,aopdenortho1@cdbaby.com,Antons,Opdenorth,wkecjr21
wcurryero2,wcurryero2@mozilla.com,Worth,Curryer,idmeod86
amckallo3,amckallo3@oaic.gov.au,Ardra,McKall,jalztx51
hgonnino4,hgonnino4@opensource.org,Harper,Gonnin,mddhoi93
sgerdeso5,sgerdeso5@epa.gov,Sydney,Gerdes,nclzjn07
bkippinso6,bkippinso6@fda.gov,Benedikt,Kippins,hqwfzz44
tsnazelo7,tsnazelo7@shutterfly.com,Teresina,Snazel,ymokdg10
mveillardo8,mveillardo8@ustream.tv,Manon,Veillard,ypgpbo25
hgraveyo9,hgraveyo9@state.gov,Harbert,Gravey,ivitvn88
ltimmermannoa,ltimmermannoa@buzzfeed.com,Linnell,Timmermann,ahgair99
kchattersob,kchattersob@smh.com.au,Kyle,Chatters,zwmyfk33
sschubuseroc,sschubuseroc@oracle.com,Skippy,Schubuser,tlanax14
hmcdougaldod,hmcdougaldod@tumblr.com,Humphrey,McDougald,oacfvj49
cbladeroe,cbladeroe@youtu.be,Cristen,Blader,nzhfpz68
ratyeoof,ratyeoof@statcounter.com,Rochell,Atyeo,eiffyv04
emitchelyog,emitchelyog@un.org,Elysha,Mitchely,izcfiw87
gsowdenoh,gsowdenoh@businessweek.com,Gayelord,Sowden,rgyqnw53
gluchettioi,gluchettioi@youku.com,Garrek,Luchetti,marfue61
alambirdoj,alambirdoj@purevolume.com,Addison,Lambird,aumfhd72
aearngyok,aearngyok@usa.gov,Andie,Earngy,wssaez94
rcornillotol,rcornillotol@wordpress.com,Rosemary,Cornillot,fncbrv64
kberthomieuom,kberthomieuom@shop-pro.jp,Kurtis,Berthomieu,ozbcuz06
dcodmanon,dcodmanon@illinois.edu,Dickie,Codman,etmaxp92
sstegeloo,sstegeloo@salon.com,Sylas,Stegel,wiqqax35
rscurrahop,rscurrahop@naver.com,Raffaello,Scurrah,efbrfv44
sholliaroq,sholliaroq@umich.edu,Sigismundo,Holliar,esmmch97
ashreevesor,ashreevesor@pen.io,Antonietta,Shreeves,sbfvee95
njanoschekos,njanoschekos@google.nl,Nickey,Janoschek,rxuhxa88
bwebberot,bwebberot@nyu.edu,Burnard,Webber,wziqxm05
zbrandsou,zbrandsou@mail.ru,Zondra,Brands,polhrk22
teidlerov,teidlerov@blogs.com,Tish,Eidler,smtoub10
emaplesdenow,emaplesdenow@auda.org.au,Ertha,Maplesden,dtpxkk01
tjecockox,tjecockox@ihg.com,Templeton,Jecock,roefnh33
cdunleyoy,cdunleyoy@freewebs.com,Clay,Dunley,tmxzyj59
afaithfulloz,afaithfulloz@ask.com,Ari,Faithfull,nkeliw33
aletixierp0,aletixierp0@xing.com,Ario,Letixier,xsynyj02
sbraksperp1,sbraksperp1@techcrunch.com,Samson,Braksper,awlgeq12
lnoycep2,lnoycep2@squidoo.com,Lindy,Noyce,gsxygb00
bmaydwayp3,bmaydwayp3@china.com.cn,Berkeley,Maydway,usqwpk60
tdoudnyp4,tdoudnyp4@digg.com,Troy,Doudny,nxdbja53
pberriganp5,pberriganp5@amazon.co.uk,Porty,Berrigan,penhvk23
tmushartp6,tmushartp6@cisco.com,Teodorico,Mushart,sdfhzo41
smuscatp7,smuscatp7@icio.us,Syd,Muscat,kkhbid71
gpattinip8,gpattinip8@xrea.com,Gilly,Pattini,xqsjhr85
gcolbornp9,gcolbornp9@bloglines.com,Guillemette,Colborn,grqxfe37
aharbypa,aharbypa@dot.gov,Andie,Harby,elpbtg22
jkendallpb,jkendallpb@toplist.cz,Junette,Kendall,simscj89
tmallenderpc,tmallenderpc@loc.gov,Tabitha,Mallender,qoqcpd02
arunchmanpd,arunchmanpd@vk.com,Arny,Runchman,vsgxez84
nhousecroftpe,nhousecroftpe@clickbank.net,Norry,Housecroft,bpwfry16
tcowderypf,tcowderypf@github.io,Titos,Cowdery,pkiesy95
ddalwoodpg,ddalwoodpg@stumbleupon.com,Dianemarie,Dalwood,bcladh09
lfleuryph,lfleuryph@deviantart.com,Lana,Fleury,bfejqq95
cahrenpi,cahrenpi@vistaprint.com,Cayla,Ahren,puclyu45
mromipj,mromipj@amazon.co.uk,Malchy,Romi,kthczf20
ldewispk,ldewispk@cdbaby.com,Lucina,Dewis,djzkmz25
apoylepl,apoylepl@cocolog-nifty.com,Aubrey,Poyle,mqvdme94
aurwinpm,aurwinpm@canalblog.com,Arleta,Urwin,gyxtjk18
drundallpn,drundallpn@baidu.com,Drusie,Rundall,spbdnd70
acreevypo,acreevypo@patch.com,Agneta,Creevy,vgqgfj62
acollisonpp,acollisonpp@prlog.org,Ardelle,Collison,wqjorb15
bwaplingtonpq,bwaplingtonpq@fda.gov,Brandice,Waplington,zwomtr95
cpittempr,cpittempr@freewebs.com,Ciel,Pittem,enzzha74
bmickelwrightps,bmickelwrightps@booking.com,Barbaraanne,Mickelwright,oncyxr80
vwarstallpt,vwarstallpt@tuttocitta.it,Valida,Warstall,gjjfkg27
dwrettumpu,dwrettumpu@buzzfeed.com,Desdemona,Wrettum,kcbzqv55
tgeckspv,tgeckspv@cocolog-nifty.com,Tristam,Gecks,rhuwxs81
bhoolaghanpw,bhoolaghanpw@shareasale.com,Brigham,Hoolaghan,qvpxjy44
aevanspx,aevanspx@devhub.com,Agnola,Evans,yahzry43
rlightwingpy,rlightwingpy@aol.com,Rubina,Lightwing,zylzih17
mmeinekingpz,mmeinekingpz@japanpost.jp,Maisie,Meineking,rdjxap11
hbowraq0,hbowraq0@de.vu,Halsy,Bowra,ytcmcm46
tmintramq1,tmintramq1@microsoft.com,Tomasine,Mintram,yikpnw41
lyeaq2,lyeaq2@ucla.edu,Lucais,Yea,hefzjj04
rtumaq3,rtumaq3@state.tx.us,Royce,Tuma,cllbcz65
sgimblettq4,sgimblettq4@cmu.edu,Stepha,Gimblett,siixtj07
bpetrisq5,bpetrisq5@nba.com,Bettine,Petris,hltmue49
estrippq6,estrippq6@hubpages.com,Eve,Stripp,rixgwo03
teathorneq7,teathorneq7@imgur.com,Tanney,Eathorne,okfefe58
fshorthouseq8,fshorthouseq8@reddit.com,Fanny,Shorthouse,hdrvzg41
edaddsq9,edaddsq9@oakley.com,Essie,Dadds,jxwyry10
jcardnoqa,jcardnoqa@foxnews.com,Jacqui,Cardno,yxsnah55
cfrancaisqb,cfrancaisqb@google.com.au,Cristian,Francais,fmbwbb76
astandbridgeqc,astandbridgeqc@fc2.com,Anson,Standbridge,rnpqkp21
jbrashawqd,jbrashawqd@google.de,Josefina,Brashaw,oklyvu70
bhansberryqe,bhansberryqe@nba.com,Bryon,Hansberry,xykgau33
criggeardqf,criggeardqf@booking.com,Carny,Riggeard,crrmhz21
cwarboyqg,cwarboyqg@geocities.com,Clay,Warboy,rfnauc46
ndumbartonqh,ndumbartonqh@addtoany.com,Noah,Dumbarton,ajbvoh67
sleinweberqi,sleinweberqi@google.com,Smitty,Leinweber,yzyame81
afeldonqj,afeldonqj@sfgate.com,Alaster,Feldon,fdteim69
rumneyqk,rumneyqk@twitter.com,Reinwald,Umney,hibxbd77
daldingtonql,daldingtonql@scientificamerican.com,Dylan,Aldington,lvjqmy52
crallingqm,crallingqm@tmall.com,Clarice,Ralling,vhahwc00
dcurreenqn,dcurreenqn@4shared.com,Daron,Curreen,dtdpti52
kiltchevqo,kiltchevqo@people.com.cn,Kaila,Iltchev,wxszdw84
mflorezqp,mflorezqp@irs.gov,Margy,Florez,zmbdsu07
kradeliffeqq,kradeliffeqq@pagesperso-orange.fr,Kaye,Radeliffe,qhdiwd39
sthornthwaiteqr,sthornthwaiteqr@imageshack.us,Sebastiano,Thornthwaite,icgixd20
dflintoffqs,dflintoffqs@wikipedia.org,Dinah,Flintoff,dmbwxh55
ckettleqt,ckettleqt@1und1.de,Chariot,Kettle,dmahau45
bhallamqu,bhallamqu@issuu.com,Barry,Hallam,lnlqxa49
amaylingqv,amaylingqv@moonfruit.com,Arturo,Mayling,frlnsq05
pcoalbranqw,pcoalbranqw@purevolume.com,Pancho,Coalbran,fnjcrg44
cheisterqx,cheisterqx@cnn.com,Carolus,Heister,wrlwbk17
dlovettqy,dlovettqy@vistaprint.com,Darrin,Lovett,qbqvbr56
ahugillqz,ahugillqz@jalbum.net,Avictor,Hugill,ejermf31
nstanbrar0,nstanbrar0@cargocollective.com,Nani,Stanbra,tppjia59
goliphardr1,goliphardr1@diigo.com,Gilbertina,Oliphard,ilirgp81
mwingr2,mwingr2@wunderground.com,Moss,Wing,gcayyt82
hcossomr3,hcossomr3@vkontakte.ru,Hollis,Cossom,rzwuok90
bmeddemmenr4,bmeddemmenr4@opensource.org,Bobette,Meddemmen,ggtqrf39
racresr5,racresr5@ifeng.com,Riccardo,Acres,mwkyfg95
flightbowner6,flightbowner6@japanpost.jp,Francoise,Lightbowne,vaviga79
lshevillr7,lshevillr7@cnet.com,Lavena,Shevill,yqosec10
cshermanr8,cshermanr8@reverbnation.com,Christel,Sherman,jpcqvq16
acobboldr9,acobboldr9@nih.gov,Augustine,Cobbold,kuqutp89
ajewsburyra,ajewsburyra@squidoo.com,Angelina,Jewsbury,myjndz47
wjosefsonrb,wjosefsonrb@sakura.ne.jp,Winn,Josefson,aqxwjf79
gjakabrc,gjakabrc@nih.gov,Gilemette,Jakab,ecwfxn17
vgammonrd,vgammonrd@naver.com,Vladimir,Gammon,akmnme31
winnotre,winnotre@cornell.edu,Wake,Innot,wnoyeq62
rpriestleyrf,rpriestleyrf@gravatar.com,Russ,Priestley,jeqibt73
bthurbonrg,bthurbonrg@t-online.de,Babbie,Thurbon,srdmaq42
dsandonrh,dsandonrh@answers.com,Donal,Sandon,mfuvrm25
spopeleyri,spopeleyri@creativecommons.org,Samson,Popeley,kdcvcp14
bpovallrj,bpovallrj@mediafire.com,Barty,Povall,qpzwpp43
llaurentrk,llaurentrk@nba.com,Lulu,Laurent,zmgips14
rjoselinrl,rjoselinrl@disqus.com,Roseanna,Joselin,ljjryx15
freckrm,freckrm@pcworld.com,Frankie,Reck,fwqvra12
jstoryrn,jstoryrn@marketwatch.com,James,Story,cpyjhg41
lakehurstro,lakehurstro@wikipedia.org,Lorrie,Akehurst,xmszbh20
tvirginrp,tvirginrp@webmd.com,Toby,Virgin,rdutxt05
ssmythinrq,ssmythinrq@nhs.uk,Sarah,Smythin,lgbdbr81
jernirr,jernirr@telegraph.co.uk,Justina,Erni,pphwcx36
