username,email,firstname,lastname,password
bkermott0,bkermott0@businessweek.com,Brady,Kermott,toldvx84
gsuthworth1,gsuthworth1@usnews.com,Gaultiero,Suthworth,bgzwlv89
sclout2,sclout2@yale.edu,Stanford,Clout,meouhp29
dgovern3,dgovern3@imdb.com,Daryle,Govern,ffgzyp73
btrunby4,btrunby4@wikimedia.org,Brennen,Trunby,zqcwgz39
crolf5,crolf5@yandex.ru,Cornie,Rolf,lmkpaw75
meborall6,meborall6@wsj.com,Meyer,Eborall,patifa73
pdanielli7,pdanielli7@prnewswire.com,Penny,Danielli,nldrgx70
jawty8,jawty8@army.mil,Jessi,Awty,azzdpg78
rstockhill9,rstockhill9@sitemeter.com,Rafi,Stockhill,ndozbu86
myakubovicsa,myakubovicsa@storify.com,Maryellen,Yakubovics,hyamjg83
esugarmanb,esugarmanb@yahoo.com,Eden,Sugarman,saannh96
shenrietc,shenrietc@storify.com,Siffre,Henriet,mgtiwl65
rdegreyd,rdegreyd@arstechnica.com,Rog,de Grey,judoty47
cbottinellie,cbottinellie@seesaa.net,Cody,Bottinelli,krosbj21
ffouchf,ffouchf@paypal.com,Florance,Fouch,ukrqtp20
csandalg,csandalg@addthis.com,Caroljean,Sandal,tmvrmk83
llarwayh,llarwayh@youku.com,Lon,Larway,nsfhve82
lfearnsidei,lfearnsidei@reddit.com,Lock,Fearnside,ghmzvm44
ashawj,ashawj@ucoz.ru,Arabelle,Shaw,rbzdez59
bfreank,bfreank@archive.org,Brand,Frean,armblx93
sdykal,sdykal@addthis.com,Sisile,Dyka,vuqzsn77
adominiakm,adominiakm@github.io,Aurthur,Dominiak,gtnpdb17
egrishaginn,egrishaginn@techcrunch.com,Ellette,Grishagin,qyasdn98
wfostero,wfostero@oaic.gov.au,Walt,Foster,yhxxmb72
sfranzonettip,sfranzonettip@soundcloud.com,Shannon,Franzonetti,gdftbg76
ckytterq,ckytterq@nbcnews.com,Clemente,Kytter,stbtlg54
bdeetlefsr,bdeetlefsr@bizjournals.com,Boycie,Deetlefs,yqjvaz46
nbarrowcloughs,nbarrowcloughs@google.ru,Nancie,Barrowclough,uecuov68
jrodellt,jrodellt@nytimes.com,Jenilee,Rodell,fpxuzy19
vwallu,vwallu@reverbnation.com,Vonnie,Wall,tpqrtd10
fgirardengov,fgirardengov@google.ca,Findlay,Girardengo,taizvh38
rverityw,rverityw@cnet.com,Rori,Verity,peuveq16
mdarnodyx,mdarnodyx@pagesperso-orange.fr,Marquita,Darnody,wignuk79
hdewintony,hdewintony@cbc.ca,Hulda,De Winton,sqqlci06
nmacevillyz,nmacevillyz@fda.gov,Nikos,MacEvilly,renwll63
vlemoir10,vlemoir10@prlog.org,Van,Lemoir,mbqbxm23
slambeth11,slambeth11@samsung.com,Stephana,Lambeth,rrykfb93
cskelhorn12,cskelhorn12@storify.com,Celestyna,Skelhorn,jjdqwb68
echesson13,echesson13@google.de,Ericha,Chesson,bwpehf70
bkienlein14,bkienlein14@163.com,Bondie,Kienlein,yrtsxe96
fvanderbeken15,fvanderbeken15@senate.gov,Faber,Van der Beken,fxqcly85
jferrolli16,jferrolli16@ask.com,Jenilee,Ferrolli,umceaj38
sdilley17,sdilley17@yale.edu,Sharity,Dilley,gmypyd39
vriddiough18,vriddiough18@g.co,Vivie,Riddiough,luobts84
kilbert19,kilbert19@washingtonpost.com,Kerrie,Ilbert,iassmw39
rfilyukov1a,rfilyukov1a@gravatar.com,Reg,Filyukov,uthsll47
dmayoral1b,dmayoral1b@webmd.com,Donny,Mayoral,yhkgco41
gownsworth1c,gownsworth1c@vkontakte.ru,Germaine,Ownsworth,xgrzna98
stremelling1d,stremelling1d@nbcnews.com,Sigrid,Tremelling,wmcyok59
aroocroft1e,aroocroft1e@chronoengine.com,Arlen,Roocroft,ptnnip34
askokoe1f,askokoe1f@posterous.com,Audry,Skokoe,fqvazv39
cloftin1g,cloftin1g@wix.com,Chaim,Loftin,jdfxol66
jhebner1h,jhebner1h@newyorker.com,Jacinthe,Hebner,axeqri10
thandrick1i,thandrick1i@thetimes.co.uk,Town,Handrick,ufvoer18
jnail1j,jnail1j@google.co.uk,Janith,Nail,fodqcr06
pgoley1k,pgoley1k@merriam-webster.com,Pia,Goley,jqzemw61
lgaffney1l,lgaffney1l@php.net,Larissa,Gaffney,xnzrib10
ksowrey1m,ksowrey1m@squarespace.com,Kaitlin,Sowrey,vqjihe90
dmacclinton1n,dmacclinton1n@vistaprint.com,Dorelia,MacClinton,azhway12
bpickrell1o,bpickrell1o@economist.com,Bobby,Pickrell,pzhpge85
kstrachan1p,kstrachan1p@google.pl,Karney,Strachan,hwsiuq97
rarnet1q,rarnet1q@bloglovin.com,Rebeka,Arnet,ycynsn34
aspittle1r,aspittle1r@squarespace.com,Arleen,Spittle,intsmt87
fhurring1s,fhurring1s@weebly.com,Feodora,Hurring,cghlci13
ptunnicliffe1t,ptunnicliffe1t@vinaora.com,Padget,Tunnicliffe,uopfem73
lwenden1u,lwenden1u@t-online.de,Lorry,Wenden,qohqni76
feyckel1v,feyckel1v@jimdo.com,Florencia,Eyckel,kiakzf61
nraddish1w,nraddish1w@friendfeed.com,Netta,Raddish,rcpyot02
tmeaton1x,tmeaton1x@123-reg.co.uk,Tiffanie,Meaton,iubqbv89
dtarpey1y,dtarpey1y@mac.com,Davidde,Tarpey,ehebbm86
cglackin1z,cglackin1z@arizona.edu,Cacilia,Glackin,aevxjk35
mflaxon20,mflaxon20@guardian.co.uk,Miguela,Flaxon,hqaaka73
kcowey21,kcowey21@cbsnews.com,Kellsie,Cowey,vicwji76
anunns22,anunns22@columbia.edu,Artur,Nunns,anddjw61
bgrouer23,bgrouer23@imageshack.us,Berna,Grouer,fexcfg33
slepick24,slepick24@kickstarter.com,Shir,Lepick,idlela01
ahuband25,ahuband25@google.com.br,Angelique,Huband,nqvyap34
tpigot26,tpigot26@wufoo.com,Tripp,Pigot,hbcwnc58
lmarritt27,lmarritt27@narod.ru,Liz,Marritt,xrwane23
knudde28,knudde28@ask.com,Kaylyn,Nudde,uoadxb48
pdast29,pdast29@cyberchimps.com,Pet,Dast,qfoumd27
bpiletic2a,bpiletic2a@telegraph.co.uk,Betty,Piletic,ahjtwh19
rfarlamb2b,rfarlamb2b@foxnews.com,Randal,Farlamb,jdekst58
gbridgett2c,gbridgett2c@stumbleupon.com,Giorgia,Bridgett,usiqai53
fmennell2d,fmennell2d@tmall.com,Florida,Mennell,yrocyt98
cosmant2e,cosmant2e@ustream.tv,Cleo,Osmant,grgwzh72
uhuckett2f,uhuckett2f@wikipedia.org,Ursa,Huckett,dkubjj57
wcurrington2g,wcurrington2g@hao123.com,Waylen,Currington,lyjtek03
khallwood2h,khallwood2h@storify.com,Karlik,Hallwood,jjhhib23
iadanez2i,iadanez2i@vistaprint.com,Isabelita,Adanez,qoxrwo59
apietrusiak2j,apietrusiak2j@state.tx.us,Anabella,Pietrusiak,nhsfqp13
mdanneil2k,mdanneil2k@squidoo.com,Melvin,Danneil,cjawmr23
wbembridge2l,wbembridge2l@de.vu,Warren,Bembridge,afzzkh24
cledster2m,cledster2m@amazon.com,Cy,Ledster,hbiahd74
aduinbleton2n,aduinbleton2n@cloudflare.com,Arri,Duinbleton,vtuajq04
hjosefs2o,hjosefs2o@dion.ne.jp,Hannie,Josefs,ojejer14
dguidetti2p,dguidetti2p@nhs.uk,Darbie,Guidetti,bkmuxv73
kbeentjes2q,kbeentjes2q@scientificamerican.com,Karlotta,Beentjes,cqevwu14
emcdonald2r,emcdonald2r@a8.net,Elane,McDonald,rdxlnk13
irhead2s,irhead2s@unblog.fr,Izzy,Rhead,tnofsu73
bdicken2t,bdicken2t@admin.ch,Bettine,Dicken,mpxzos43
gdoleman2u,gdoleman2u@google.pl,Guinevere,Doleman,oahmjx93
rsheppey2v,rsheppey2v@bloglines.com,Rhoda,Sheppey,fwkjem39
ntizard2w,ntizard2w@ebay.co.uk,Nollie,Tizard,qnrbwb10
emillberg2x,emillberg2x@trellian.com,Esme,Millberg,xudlgy84
mlates2y,mlates2y@last.fm,Matthias,Lates,yfjzwa58
jpakenham2z,jpakenham2z@cnet.com,Joyann,Pakenham,expvgj90
hmcgray30,hmcgray30@si.edu,Henryetta,McGray,ycesys15
cconre31,cconre31@house.gov,Christean,Conre,zuzimz21
bduffree32,bduffree32@sbwire.com,Bertie,Duffree,ebsjqd06
ldeaconson33,ldeaconson33@canalblog.com,Livvy,Deaconson,jcrxoz89
imilksop34,imilksop34@nature.com,Ignacius,Milksop,pawcfp11
subsdale35,subsdale35@wordpress.com,Stillman,Ubsdale,wclpzk91
kmontague36,kmontague36@ed.gov,Kaja,Montague,bnlygx35
lmaccosto37,lmaccosto37@boston.com,Lynett,MacCosto,vrqenm53
halessandrelli38,halessandrelli38@prlog.org,Henriette,Alessandrelli,dlzxqa01
fthorneley39,fthorneley39@jigsy.com,Francesca,Thorneley,yedhtc54
asawkins3a,asawkins3a@elegantthemes.com,Angy,Sawkins,xkpykx57
dmitten3b,dmitten3b@github.io,Donal,Mitten,kvzjek45
ajozsa3c,ajozsa3c@columbia.edu,Amata,Jozsa,rjvtsh37
drilston3d,drilston3d@dyndns.org,Dunn,Rilston,rwespp19
asimmen3e,asimmen3e@hp.com,Annalise,Simmen,qfdbew36
cbarrott3f,cbarrott3f@addtoany.com,Chlo,Barrott,rvprup95
msymons3g,msymons3g@wsj.com,Melisent,Symons,umaxmk20
khammersley3h,khammersley3h@sphinn.com,Krispin,Hammersley,exbgds65
vosirin3i,vosirin3i@ihg.com,Victoria,O'Sirin,fjkpxk31
jtomalin3j,jtomalin3j@ask.com,Jacobo,Tomalin,mvrovl76
fhyde3k,fhyde3k@java.com,Fernanda,Hyde,zelqkz78
mflorence3l,mflorence3l@hp.com,Marne,Florence,kbbapz21
dchippindale3m,dchippindale3m@flickr.com,Ddene,Chippindale,zdzeqw63
aallans3n,aallans3n@sbwire.com,Agnola,Allans,othmfp36
bperillo3o,bperillo3o@usatoday.com,Brendon,Perillo,kfnelp91
jgarken3p,jgarken3p@aboutads.info,John,Garken,grjtkb91
rsiddele3q,rsiddele3q@mit.edu,Rakel,Siddele,mkawtj02
hcharnley3r,hcharnley3r@fotki.com,Hermia,Charnley,qogqte08
dfarrar3s,dfarrar3s@sourceforge.net,Dolorita,Farrar,ogiejz07
ldebullion3t,ldebullion3t@goo.gl,Lynette,de Bullion,ougmgt34
dmeek3u,dmeek3u@tinypic.com,Dermot,Meek,pjidpt96
gpoinsett3v,gpoinsett3v@techcrunch.com,Gabbey,Poinsett,pvtbhj37
mpaffitt3w,mpaffitt3w@wordpress.org,Mikol,Paffitt,lvzixh58
gharly3x,gharly3x@kickstarter.com,Gunther,Harly,hoqasc87
estruys3y,estruys3y@hubpages.com,Estele,Struys,wswvtt99
ctrounson3z,ctrounson3z@google.co.uk,Chrystal,Trounson,kgelci12
hmcclinton40,hmcclinton40@google.es,Hendrik,McClinton,wovfjw46
rmoutrayread41,rmoutrayread41@huffingtonpost.com,Rafaellle,Moutray Read,mfpbbp76
dschiersch42,dschiersch42@sina.com.cn,Dyna,Schiersch,mosxlx62
msharple43,msharple43@bluehost.com,Mei,Sharple,hutqeu01
cheinsen44,cheinsen44@adobe.com,Chicky,Heinsen,sgebhk39
ccrutchley45,ccrutchley45@google.ru,Caralie,Crutchley,kprlnn19
rgodbald46,rgodbald46@washington.edu,Rosa,Godbald,uqerlx38
rblanshard47,rblanshard47@go.com,Ryan,Blanshard,rwheji35
cromi48,cromi48@acquirethisname.com,Clemmie,Romi,flzefu22
swasiela49,swasiela49@yandex.ru,Saidee,Wasiela,ptohpg96
jomailey4a,jomailey4a@marriott.com,Jeth,O'Mailey,sutotx40
talmon4b,talmon4b@opensource.org,Trista,Almon,hhfpik22
dgowler4c,dgowler4c@paginegialle.it,Danyelle,Gowler,rokhwo00
lsanches4d,lsanches4d@nymag.com,Lyndel,Sanches,rinetz26
brotter4e,brotter4e@ihg.com,Benoite,Rotter,qnqwiw08
gantecki4f,gantecki4f@nasa.gov,Gabbey,Antecki,udebyi46
aderuel4g,aderuel4g@hibu.com,Aluin,De Ruel,bdkbdr01
ogajownik4h,ogajownik4h@yahoo.co.jp,Olympie,Gajownik,qihlzy21
bthieme4i,bthieme4i@umich.edu,Berri,Thieme,txvryi73
hfrank4j,hfrank4j@admin.ch,Hilton,Frank,dslvzl24
epickford4k,epickford4k@reverbnation.com,Ernest,Pickford,glrymn99
bpartrick4l,bpartrick4l@princeton.edu,Barney,Partrick,erwpku13
erayner4m,erayner4m@salon.com,Eleni,Rayner,ngjpaw23
kwoodfine4n,kwoodfine4n@123-reg.co.uk,Katey,Woodfine,zqiirx32
edyka4o,edyka4o@yelp.com,Elspeth,Dyka,lydrll49
sbrownsey4p,sbrownsey4p@arizona.edu,Sibelle,Brownsey,wvzbny64
croulston4q,croulston4q@webeden.co.uk,Carlina,Roulston,qfyofn55
mwestfrimley4r,mwestfrimley4r@qq.com,Mechelle,West-Frimley,jydhat24
hhalstead4s,hhalstead4s@stanford.edu,Herby,Halstead,mlcjlt79
nbaselio4t,nbaselio4t@lulu.com,Nyssa,Baselio,lfhoop38
mmeasor4u,mmeasor4u@zdnet.com,Mace,Measor,gumsim99
sberrington4v,sberrington4v@guardian.co.uk,Sisile,Berrington,waabca70
boswald4w,boswald4w@imgur.com,Burch,Oswald,ognsna94
hcrummay4x,hcrummay4x@hc360.com,Hailey,Crummay,tzjjwb88
bblease4y,bblease4y@nbcnews.com,Bette,Blease,phhorc31
wrudd4z,wrudd4z@auda.org.au,Wilt,Rudd,gkbghv65
aramsted50,aramsted50@amazon.com,Andie,Ramsted,jkeqwv27
aklas51,aklas51@godaddy.com,Allyn,Klas,svewxi38
nblas52,nblas52@elegantthemes.com,Nikola,Blas,mpzgxk51
rbrabbins53,rbrabbins53@mozilla.org,Rozelle,Brabbins,frytcg42
tfrantzen54,tfrantzen54@admin.ch,Tommie,Frantzen,jfrcij94
desby55,desby55@nymag.com,Darbie,Esby,kmlqii81
jetchells56,jetchells56@blogs.com,Jean,Etchells,ptzoov51
ksibbering57,ksibbering57@issuu.com,Karry,Sibbering,drtwgu70
arapport58,arapport58@washingtonpost.com,Alphard,Rapport,htpuuq80
caxleby59,caxleby59@answers.com,Carly,Axleby,uzchcp99
wblaydon5a,wblaydon5a@biglobe.ne.jp,Windham,Blaydon,wuvocu70
egarces5b,egarces5b@unc.edu,Edwina,Garces,iegaae66
tdivis5c,tdivis5c@amazon.co.jp,Traver,Divis,afmmtb56
bridder5d,bridder5d@miibeian.gov.cn,Brannon,Ridder,vbvtod15
vgatley5e,vgatley5e@163.com,Victor,Gatley,egheqs88
crattenbury5f,crattenbury5f@arstechnica.com,Carly,Rattenbury,lqvtxm71
bmcavin5g,bmcavin5g@nbcnews.com,Bertram,McAvin,vldzeq30
dcumpton5h,dcumpton5h@biglobe.ne.jp,Dareen,Cumpton,uzqyng72
cloosely5i,cloosely5i@nih.gov,Charisse,Loosely,wvubok53
eapted5j,eapted5j@cloudflare.com,Ernie,Apted,zsimom06
ekubec5k,ekubec5k@mayoclinic.com,Ebeneser,Kubec,ehlksq24
cedgars5l,cedgars5l@slashdot.org,Cosme,Edgars,hsfyif94
wedwards5m,wedwards5m@oracle.com,Winfield,Edwards,vmobut98
pparffrey5n,pparffrey5n@hud.gov,Pail,Parffrey,bvieea30
vlilliman5o,vlilliman5o@edublogs.org,Veradis,Lilliman,ccdgjy83
nmeenehan5p,nmeenehan5p@xrea.com,Nicolais,Meenehan,fztflf34
lhorley5q,lhorley5q@smugmug.com,Lyon,Horley,ygegvz48
fcohrs5r,fcohrs5r@upenn.edu,Freeland,Cohrs,sfyryz13
rruss5s,rruss5s@sciencedaily.com,Roderigo,Russ,nezive01
lcamplen5t,lcamplen5t@webeden.co.uk,Lanni,Camplen,ehcgge01
acrocken5u,acrocken5u@telegraph.co.uk,Amil,Crocken,afoqkc72
nfusedale5v,nfusedale5v@tumblr.com,Nickie,Fusedale,cvudwo17
sgerok5w,sgerok5w@odnoklassniki.ru,Sean,Gerok,zazxuq35
jsodo5x,jsodo5x@ca.gov,Jo,Sodo,uoqrto01
mgerraty5y,mgerraty5y@livejournal.com,Mireielle,Gerraty,gxgbsu66
mdowdell5z,mdowdell5z@youtube.com,Mala,Dowdell,gealdl48
cpudsall60,cpudsall60@rambler.ru,Caron,Pudsall,ftsgxd51
rlappine61,rlappine61@baidu.com,Robby,Lappine,jpeyqm18
bslocum62,bslocum62@mozilla.com,Brantley,Slocum,xdlywg57
lrobertz63,lrobertz63@ask.com,Lina,Robertz,begzcg85
fpawden64,fpawden64@alexa.com,Filmer,Pawden,fhvgyb59
afauning65,afauning65@themeforest.net,Anthea,Fauning,wlgchq49
jgeerling66,jgeerling66@phpbb.com,Johny,Geerling,sjmhdq97
bszreter67,bszreter67@desdev.cn,Bernie,Szreter,pdxgzk77
bleavry68,bleavry68@freewebs.com,Beverlee,Leavry,aqufmu74
estiger69,estiger69@domainmarket.com,Elita,Stiger,ceqdpy85
dfalkous6a,dfalkous6a@netvibes.com,Dag,Falkous,cppxuk79
gschultz6b,gschultz6b@upenn.edu,Gwendolen,Schultz,ytjcbd57
msex6c,msex6c@time.com,Marlo,Sex,ohavlg29
gwoollard6d,gwoollard6d@epa.gov,Gwenneth,Woollard,wxjlxp53
mladewig6e,mladewig6e@1688.com,Malvina,Ladewig,qbruma68
eclemmen6f,eclemmen6f@google.com,Erinn,Clemmen,tuhuvb07
mbotcherby6g,mbotcherby6g@washingtonpost.com,Melloney,Botcherby,yddans47
tspears6h,tspears6h@weibo.com,Tammy,Spears,kglane63
iglass6i,iglass6i@microsoft.com,Irita,Glass,rqzyob11
rheinke6j,rheinke6j@amazon.com,Ranique,Heinke,sznwru11
jragbourn6k,jragbourn6k@prlog.org,Jacky,Ragbourn,lpiiut58
qemanson6l,qemanson6l@altervista.org,Quinn,Emanson,ndzvuw53
kkernock6m,kkernock6m@t.co,Kathleen,Kernock,jdwrti49
fbernuzzi6n,fbernuzzi6n@godaddy.com,Felicio,Bernuzzi,usgbyy16
cgiacobelli6o,cgiacobelli6o@51.la,Cornela,Giacobelli,dcnmzn55
bbartolomeo6p,bbartolomeo6p@ebay.co.uk,Budd,Bartolomeo,jnkwzh18
tsuddards6q,tsuddards6q@i2i.jp,Thelma,Suddards,rpabuz06
hjepson6r,hjepson6r@nifty.com,Hansiain,Jepson,gxyuud65
ariccioppo6s,ariccioppo6s@theguardian.com,Ax,Riccioppo,xwdbyn84
lplumptre6t,lplumptre6t@umich.edu,Lorri,Plumptre,rsvaer45
gtansly6u,gtansly6u@miitbeian.gov.cn,Gasper,Tansly,zhqtjt59
bbucknill6v,bbucknill6v@eventbrite.com,Bobbye,Bucknill,zztytw83
eneave6w,eneave6w@ca.gov,Ed,Neave,jibnfv45
adavana6x,adavana6x@indiatimes.com,Anderea,Davana,zdbabt95
goman6y,goman6y@hibu.com,Georgette,Oman,neneff11
bleser6z,bleser6z@gizmodo.com,Bamby,Leser,wpkgfm47
hshawell70,hshawell70@miitbeian.gov.cn,Hieronymus,Shawell,nvlnst58
dtansey71,dtansey71@guardian.co.uk,Dee,Tansey,dwkjvy19
ubayfield72,ubayfield72@wiley.com,Ulrika,Bayfield,bjcygr74
rbarbisch73,rbarbisch73@europa.eu,Rianon,Barbisch,gfxsbc75
apeachment74,apeachment74@discuz.net,Angie,Peachment,vprjew97
cregorz75,cregorz75@lycos.com,Cam,Regorz,jydvvz94
cofield76,cofield76@google.fr,Curry,Ofield,palgez50
ichalliss77,ichalliss77@de.vu,Immanuel,Challiss,mgmsky07
streanor78,streanor78@so-net.ne.jp,Sadye,Treanor,etgesi97
kmeneely79,kmeneely79@ocn.ne.jp,Kiley,Meneely,jfvdmv41
mstripling7a,mstripling7a@walmart.com,Mortimer,Stripling,oiedep66
scrinage7b,scrinage7b@purevolume.com,Sebastien,Crinage,unfikl62
dbaudoux7c,dbaudoux7c@wisc.edu,Dallon,Baudoux,aloxmo04
wquincey7d,wquincey7d@dailymotion.com,Wren,Quincey,bgtkiq79
shavenhand7e,shavenhand7e@shutterfly.com,Shawna,Havenhand,doifbx57
lcandie7f,lcandie7f@nasa.gov,Liza,Candie,fmejvr74
bfrancie7g,bfrancie7g@google.es,Barbey,Francie,uecckp57
hbarmby7h,hbarmby7h@theglobeandmail.com,Hakeem,Barmby,woakmk46
tsergeaunt7i,tsergeaunt7i@about.me,Tammie,Sergeaunt,ohaode21
psponton7j,psponton7j@wufoo.com,Pedro,Sponton,xhqyww07
rwickersley7k,rwickersley7k@flavors.me,Rania,Wickersley,mnzxjd00
cdawks7l,cdawks7l@apache.org,Clementina,Dawks,qyfnfp90
gfleetwood7m,gfleetwood7m@newyorker.com,Georgianne,Fleetwood,ruaxic70
bcouth7n,bcouth7n@drupal.org,Barclay,Couth,blhvyp73
jboch7o,jboch7o@ezinearticles.com,Jack,Boch,tilcwf48
sstenton7p,sstenton7p@princeton.edu,Storm,Stenton,fohjkj07
rbowstead7q,rbowstead7q@weibo.com,Rodger,Bowstead,ltmuhd91
ksutterfield7r,ksutterfield7r@walmart.com,Kathrine,Sutterfield,wobwnh78
tcotter7s,tcotter7s@ocn.ne.jp,Tamra,Cotter,zjgvzw02
cmcgarvey7t,cmcgarvey7t@bbc.co.uk,Caresa,McGarvey,fymkgd43
vscamadine7u,vscamadine7u@psu.edu,Vivianne,Scamadine,gdefae86
tmorgon7v,tmorgon7v@springer.com,Thomasine,Morgon,xppyek06
jaronowicz7w,jaronowicz7w@reference.com,Janene,Aronowicz,vddgry05
twyndham7x,twyndham7x@marketwatch.com,Terrance,Wyndham,afbawg59
pwolford7y,pwolford7y@patch.com,Paxon,Wolford,gfdchy62
ngisburn7z,ngisburn7z@sogou.com,Nicolina,Gisburn,vjjqug43
jglinde80,jglinde80@java.com,Juan,Glinde,hotkwe77
fvonhindenburg81,fvonhindenburg81@myspace.com,Fern,Von Hindenburg,ixprnb50
bpimm82,bpimm82@netlog.com,Brendan,Pimm,xwofwv09
rgrindley83,rgrindley83@gov.uk,Roze,Grindley,fdpluh23
dspenclay84,dspenclay84@shutterfly.com,Diannne,Spenclay,ngekuq28
drolin85,drolin85@instagram.com,Der,Rolin,ftujgv17
akennsley86,akennsley86@google.nl,Aridatha,Kennsley,ggamrd24
pgodwin87,pgodwin87@goodreads.com,Patricia,Godwin,fjfbhr56
gsalkeld88,gsalkeld88@indiegogo.com,Gilly,Salkeld,tartks41
ndallicott89,ndallicott89@nationalgeographic.com,Noam,Dallicott,njnagl49
nhenstridge8a,nhenstridge8a@economist.com,Nickey,Henstridge,vtplzr76
epieters8b,epieters8b@xing.com,Edgard,Pieters,srxjgl77
lcommings8c,lcommings8c@shareasale.com,Lexie,Commings,rdafat03
fdehn8d,fdehn8d@census.gov,Fionna,Dehn,hgouqy85
pfrissell8e,pfrissell8e@ezinearticles.com,Parke,Frissell,zmkllu86
hmoodycliffe8f,hmoodycliffe8f@bloglines.com,Hyman,Moodycliffe,rfvcnb26
cbamber8g,cbamber8g@hibu.com,Cristian,Bamber,uqroek07
ksteinham8h,ksteinham8h@netscape.com,Kevan,Steinham,gaebbh09
kpicard8i,kpicard8i@addtoany.com,Kaine,Picard,xczrtm51
mperrot8j,mperrot8j@nydailynews.com,Merrili,Perrot,krzlym95
mbouts8k,mbouts8k@ocn.ne.jp,Marlow,Bouts,emfybq36
dgouldsmith8l,dgouldsmith8l@weather.com,Darren,Gouldsmith,ikwkzo89
lalmeida8m,lalmeida8m@auda.org.au,Llywellyn,Almeida,rmkuax44
abunker8n,abunker8n@sbwire.com,Adlai,Bunker,dnczsq12
tmcgeown8o,tmcgeown8o@sina.com.cn,Tomas,McGeown,drzpzl47
jbeneteau8p,jbeneteau8p@trellian.com,Jaclyn,Beneteau,pmwnhg86
cpresland8q,cpresland8q@vistaprint.com,Cassy,Presland,ssdeek07
jwardingley8r,jwardingley8r@sun.com,Jacenta,Wardingley,kqwcnu46
kosorio8s,kosorio8s@washingtonpost.com,Kayla,Osorio,xukozr21
vbenedicto8t,vbenedicto8t@aol.com,Vinny,Benedicto,bvewdd46
ucauston8u,ucauston8u@topsy.com,Ursa,Causton,pocucp59
sjarley8v,sjarley8v@senate.gov,Sydelle,Jarley,jcgalv18
swebling8w,swebling8w@noaa.gov,Sig,Webling,vywmxl28
npymm8x,npymm8x@posterous.com,Nissie,Pymm,ymeoew47
djencey8y,djencey8y@ycombinator.com,Darnell,Jencey,qtahgh45
ngoundrill8z,ngoundrill8z@apache.org,Nathalie,Goundrill,msmejp26
jscanlon90,jscanlon90@smugmug.com,Jeniffer,Scanlon,uvliwo74
jeeles91,jeeles91@businessweek.com,Jody,Eeles,mtvoxe49
dfarmloe92,dfarmloe92@biblegateway.com,Dorian,Farmloe,lbqkyr47
sjellico93,sjellico93@behance.net,Stacia,Jellico,avkvgl18
dbille94,dbille94@icio.us,Dugald,Bille,xlgshj46
sdudleston95,sdudleston95@oaic.gov.au,Sabina,Dudleston,rhnboj64
lbolton96,lbolton96@mapquest.com,Llewellyn,Bolton,vyofou85
mbushel97,mbushel97@patch.com,Monah,Bushel,aseggp02
jdanton98,jdanton98@mayoclinic.com,Joellyn,Danton,qwmust88
wmableson99,wmableson99@xinhuanet.com,Wendell,Mableson,irehve08
dsaddler9a,dsaddler9a@sourceforge.net,Dimitri,Saddler,qidxfs09
jproske9b,jproske9b@histats.com,Jsandye,Proske,jvsftz61
dwitherbed9c,dwitherbed9c@princeton.edu,Daryl,Witherbed,cdfvst29
edoree9d,edoree9d@edublogs.org,Ethelind,Doree,ntujqg59
regarr9e,regarr9e@xrea.com,Rinaldo,Egarr,twsuud02
jcottis9f,jcottis9f@blogspot.com,Jilli,Cottis,nvjalw02
omccowan9g,omccowan9g@illinois.edu,Orion,McCowan,slkvuu05
pinett9h,pinett9h@disqus.com,Petronilla,Inett,strwlw63
chutt9i,chutt9i@scientificamerican.com,Crawford,Hutt,qlpwsb36
mfattorini9j,mfattorini9j@nba.com,Mandi,Fattorini,omvzyr53
kbartel9k,kbartel9k@dedecms.com,Kay,Bartel,nxzkcr49
aaked9l,aaked9l@g.co,Ameline,Aked,afuvcs11
bbrazener9m,bbrazener9m@ebay.co.uk,Bjorn,Brazener,jedenk38
ralliban9n,ralliban9n@google.es,Rice,Alliban,elkeaz92
tpaschke9o,tpaschke9o@topsy.com,Temp,Paschke,zoxkaf57
tpelos9p,tpelos9p@independent.co.uk,Talya,Pelos,peqfru60
ejardin9q,ejardin9q@whitehouse.gov,Elsi,Jardin,elmowt27
blamerton9r,blamerton9r@meetup.com,Bren,Lamerton,isomsd97
dkember9s,dkember9s@icio.us,Daffi,Kember,qbeamk74
mbaptiste9t,mbaptiste9t@ed.gov,Mabelle,Baptiste,mgkdoz77
datwell9u,datwell9u@goodreads.com,Delmer,Atwell,lichsq93
gmayward9v,gmayward9v@bizjournals.com,Gayleen,Mayward,iufegb25
scomi9w,scomi9w@marketwatch.com,Silvie,Comi,ixadiz64
sjoll9x,sjoll9x@google.ru,Sarah,Joll,oasdno33
oweymouth9y,oweymouth9y@webeden.co.uk,Osbourn,Weymouth,yerkhc64
mservant9z,mservant9z@soundcloud.com,Maggee,Servant,ypyipc33
tdibbena0,tdibbena0@opensource.org,Thorn,Dibben,pbucss72
klegerwooda1,klegerwooda1@omniture.com,Kate,Legerwood,enaedq01
lmcgowna2,lmcgowna2@youtu.be,Linnea,McGown,kfvzke15
gstoodersa3,gstoodersa3@reference.com,Gregoor,Stooders,pzcttm63
rmatteia4,rmatteia4@google.com.br,Ripley,Mattei,gauaph07
lpainea5,lpainea5@intel.com,Llewellyn,Paine,qemxpj93
cchidgeya6,cchidgeya6@digg.com,Caril,Chidgey,qpefgj86
skohrdinga7,skohrdinga7@rediff.com,Schuyler,Kohrding,llvbgg40
mbencha8,mbencha8@feedburner.com,May,Bench,zidkbo57
pellinora9,pellinora9@creativecommons.org,Phaidra,Ellinor,lhrbst68
tciscoaa,tciscoaa@nyu.edu,Teresita,Cisco,zpjhoe45
apamplingab,apamplingab@samsung.com,Alika,Pampling,iqckfg35
ymarringtonac,ymarringtonac@163.com,Yovonnda,Marrington,zoqsla73
evilesad,evilesad@nymag.com,Edmund,Viles,akximd09
hstobartae,hstobartae@nsw.gov.au,Honor,Stobart,pxzljk08
obegwellaf,obegwellaf@msu.edu,Orsola,Begwell,pldfqn07
bmaccaullag,bmaccaullag@harvard.edu,Biron,MacCaull,ffrruk47
iburfieldah,iburfieldah@csmonitor.com,Isa,Burfield,djeocu26
chesseai,chesseai@edublogs.org,Crysta,Hesse,ulsfvt46
edomengetaj,edomengetaj@go.com,Etti,Domenget,xizlcv97
ccuttingsak,ccuttingsak@t.co,Caron,Cuttings,sgcdzx37
charradenceal,charradenceal@360.cn,Chantalle,Harradence,zdivry02
jsemmenceam,jsemmenceam@mit.edu,Jillana,Semmence,tlzzsy11
ldashan,ldashan@who.int,Lonni,Dash,nqvmro87
msamesao,msamesao@oaic.gov.au,Melodee,Sames,zyowvg97
kdeveraleap,kdeveraleap@simplemachines.org,Karmen,Deverale,vxjkhw76
jhaldenbyaq,jhaldenbyaq@tmall.com,Jereme,Haldenby,apxcfw14
wtrotterar,wtrotterar@walmart.com,Waylen,Trotter,laocja49
zmorrowas,zmorrowas@blog.com,Zebedee,Morrow,ohzaoo79
cclemmittat,cclemmittat@adobe.com,Cora,Clemmitt,spifks76
rcarlileau,rcarlileau@tripod.com,Rey,Carlile,ugvkru35
lbaumfordav,lbaumfordav@theglobeandmail.com,Lilah,Baumford,cyfbrt71
srumminsaw,srumminsaw@blogs.com,Salli,Rummins,bdihtm03
lhoodspethax,lhoodspethax@google.fr,Laurence,Hoodspeth,byyggu95
amccafferkyay,amccafferkyay@chicagotribune.com,Aubrette,McCafferky,ffaltj08
rbiermanaz,rbiermanaz@reference.com,Ros,Bierman,qcpfnx33
eonowlanb0,eonowlanb0@mozilla.org,Everard,O'Nowlan,zvlrvz86
echappelb1,echappelb1@paypal.com,Ernie,Chappel,awzmpf15
rlawrencesonb2,rlawrencesonb2@oracle.com,Reyna,Lawrenceson,ezlwmk37
tbiasottib3,tbiasottib3@google.cn,Thomasa,Biasotti,hiijgv17
vschermickb4,vschermickb4@booking.com,Val,Schermick,kxbhpb98
dsilkstoneb5,dsilkstoneb5@sina.com.cn,Deloria,Silkstone,unregs18
cstanesbyb6,cstanesbyb6@parallels.com,Conan,Stanesby,yprqxv68
mkynderb7,mkynderb7@ebay.co.uk,Myriam,Kynder,csjblj90
mborgarsb8,mborgarsb8@sphinn.com,Marys,Borgars,psbqej52
pbeccerob9,pbeccerob9@twitpic.com,Putnem,Beccero,hripkt10
cspornerba,cspornerba@wordpress.org,Cele,Sporner,ozbszm88
aspeckbb,aspeckbb@wordpress.com,Adelice,Speck,dmfqwt85
adevaarbc,adevaarbc@craigslist.org,Adey,De Vaar,avnenf83
csheddbd,csheddbd@census.gov,Caspar,Shedd,bwtnmk12
rkubiczekbe,rkubiczekbe@ibm.com,Rubin,Kubiczek,uxpfch87
jgudgebf,jgudgebf@jimdo.com,Jermayne,Gudge,chbacr21
ltoorbg,ltoorbg@gov.uk,Leigh,Toor,jhgddq55
nhaburnebh,nhaburnebh@webmd.com,Nataniel,Haburne,orqebo09
asonnerbi,asonnerbi@uol.com.br,Ancell,Sonner,lrytbl57
bballochbj,bballochbj@163.com,Brigit,Balloch,rnkpec38
wsteptowebk,wsteptowebk@parallels.com,Wallie,Steptowe,jubitl38
jweinebl,jweinebl@xinhuanet.com,Jacquenette,Weine,vxqxji75
buvedalebm,buvedalebm@ibm.com,Bryn,Uvedale,odyzvo86
apoxtonbn,apoxtonbn@seattletimes.com,Alane,Poxton,uhramq02
jsapsfordbo,jsapsfordbo@skyrock.com,Jock,Sapsford,hyjqnn87
syoxallbp,syoxallbp@t-online.de,Shelby,Yoxall,bedyjr97
vcloybq,vcloybq@ed.gov,Viola,Cloy,djchhc59
tverillobr,tverillobr@acquirethisname.com,Tome,Verillo,xkqwyb40
pchiplinbs,pchiplinbs@princeton.edu,Philis,Chiplin,wwhonn49
abemrosebt,abemrosebt@sciencedirect.com,Aviva,Bemrose,tgrinf15
acounihanbu,acounihanbu@wp.com,Anallise,Counihan,evqews44
cbradshawbv,cbradshawbv@blogtalkradio.com,Chrisse,Bradshaw,dzhdqz41
lbucklanbw,lbucklanbw@ning.com,Liana,Bucklan,scrwdx64
kduddanbx,kduddanbx@toplist.cz,Katya,Duddan,yhiycl57
fkayesby,fkayesby@webmd.com,Farris,Kayes,xloxyw74
hbeathembz,hbeathembz@timesonline.co.uk,Hewett,Beathem,pokmus46
mnibloc0,mnibloc0@mysql.com,Miguela,Niblo,gbiqpa68
sscanlanc1,sscanlanc1@ning.com,Samaria,Scanlan,ayxkvz60
csprasenc2,csprasenc2@fc2.com,Clyde,Sprasen,iqtmgd01
mscroggsc3,mscroggsc3@tinypic.com,Madelon,Scroggs,kewigj35
jbyffordc4,jbyffordc4@tmall.com,Jorey,Byfford,ligkre51
cjewettc5,cjewettc5@virginia.edu,Charline,Jewett,tmgbuh96
lchatec6,lchatec6@lulu.com,Livvie,Chate,futzxh04
spicktonc7,spicktonc7@pinterest.com,Skyler,Pickton,kputvx07
gbugdalec8,gbugdalec8@msn.com,Gray,Bugdale,snorpu61
lcamblec9,lcamblec9@hugedomains.com,Linnea,Camble,sgieoq71
mpostenca,mpostenca@cdc.gov,Maison,Posten,ahxqnj90
ehindsbergcb,ehindsbergcb@nhs.uk,Edward,Hindsberg,jmeufb57
ekleinmintzcc,ekleinmintzcc@xinhuanet.com,Edwin,Kleinmintz,rprkqb72
hgoodingscd,hgoodingscd@tripadvisor.com,Herby,Goodings,yhtbsi58
imainlandce,imainlandce@hc360.com,Ilse,Mainland,nadkqt67
nchurchleycf,nchurchleycf@wisc.edu,Nils,Churchley,twcmft85
hcoggillcg,hcoggillcg@moonfruit.com,Holt,Coggill,bmpecf44
sowbrickch,sowbrickch@diigo.com,Sileas,Owbrick,gsmpej63
claxsonci,claxsonci@about.com,Cheston,Laxson,nmfijs25
adodimeadcj,adodimeadcj@mit.edu,Abey,Dodimead,ojunnr96
arugierick,arugierick@cnet.com,Augusta,Rugieri,xbrpxv47
sthurmancl,sthurmancl@yellowbook.com,Swen,Thurman,qjiwsg76
gecclesallcm,gecclesallcm@skype.com,Geoffry,Ecclesall,lvevfy67
zpipetcn,zpipetcn@booking.com,Zora,Pipet,zyqudk06
lmcclintonco,lmcclintonco@phpbb.com,Lemar,McClinton,prgzcd06
pkauschecp,pkauschecp@nps.gov,Pattin,Kausche,giepre59
cespinozacq,cespinozacq@webs.com,Carree,Espinoza,qsrvxu07
egowcr,egowcr@ustream.tv,Elicia,Gow,pvxenx34
astuffinscs,astuffinscs@va.gov,Allison,Stuffins,puxkmu41
fbutertonct,fbutertonct@xrea.com,Franky,Buterton,fakrlv96
pgotchcu,pgotchcu@un.org,Petronille,Gotch,nbwwrf83
pduddingcv,pduddingcv@nationalgeographic.com,Pet,Dudding,txcywo14
wqueencw,wqueencw@about.me,Worden,Queen,zixosi15
glepiscopicx,glepiscopicx@forbes.com,Ginger,L'Episcopi,divcjq67
bhedmancy,bhedmancy@wikimedia.org,Barnett,Hedman,drufut88
trustedcz,trustedcz@ameblo.jp,Thomas,Rusted,uhvntv68
swartnabyd0,swartnabyd0@wordpress.com,Sebastien,Wartnaby,lijbdg58
sstringerd1,sstringerd1@deviantart.com,Sherrie,Stringer,gvppem63
lofalloned2,lofalloned2@sphinn.com,Lorinda,O'Fallone,rbdqwa35
jlucchid3,jlucchid3@chron.com,Jocko,Lucchi,soipci40
ngartlandd4,ngartlandd4@admin.ch,Nikolaus,Gartland,qdhneh06
lmathevetd5,lmathevetd5@cnn.com,Lisette,Mathevet,pesehf69
smacfadzeand6,smacfadzeand6@feedburner.com,Sigvard,MacFadzean,kqlrsj22
kcoattsd7,kcoattsd7@storify.com,Krysta,Coatts,rkmfkz45
bilyenkod8,bilyenkod8@constantcontact.com,Benni,Ilyenko,ezldkw75
dboutcherd9,dboutcherd9@liveinternet.ru,Dario,Boutcher,wldhov54
badvanida,badvanida@si.edu,Brade,Advani,bsdgno40
hcrittaldb,hcrittaldb@google.com.au,Harper,Crittal,uwksxi73
bferrerdc,bferrerdc@topsy.com,Brandtr,Ferrer,xjmoim65
rwoodingdd,rwoodingdd@ebay.co.uk,Rosalinde,Wooding,qwgedn35
bpummeryde,bpummeryde@huffingtonpost.com,Berna,Pummery,tzmsmq92
scaudelierdf,scaudelierdf@google.com,Shurlock,Caudelier,sujxvw97
iguiledg,iguiledg@nytimes.com,Isobel,Guile,cfgfmn00
mkryszkieciczdh,mkryszkieciczdh@mayoclinic.com,Min,Kryszkiecicz,womqlr40
sheckledi,sheckledi@ft.com,Stearn,Heckle,smneig49
atookerdj,atookerdj@google.ca,Allan,Tooker,qwgfms68
ptorresdk,ptorresdk@earthlink.net,Patty,Torres,jovqmx11
mpasquedl,mpasquedl@miitbeian.gov.cn,Meriel,Pasque,rprmhk29
umackaydm,umackaydm@hc360.com,Ulrick,MacKay,ivyasg80
mmcknielydn,mmcknielydn@phoca.cz,Matteo,McKniely,zdvhtj62
adimmickdo,adimmickdo@google.com.hk,Anson,Dimmick,hutmnz79
kvampouilledp,kvampouilledp@youku.com,Karyl,Vampouille,qlfhsb62
ppropdq,ppropdq@sfgate.com,Pauletta,Prop,iwgpvi34
moaklanddr,moaklanddr@51.la,Miran,Oakland,ejzfbr16
hwaithds,hwaithds@si.edu,Hyacinthe,Waith,ywfnll49
rharknessdt,rharknessdt@mtv.com,Reg,Harkness,gguyxi68
ophetheandu,ophetheandu@senate.gov,Odey,Phethean,rqmdhi06
dwickwarthdv,dwickwarthdv@un.org,Duffie,Wickwarth,jwahru87
sbehningdw,sbehningdw@forbes.com,Salomon,Behning,scaxod48
mgerardeauxdx,mgerardeauxdx@tinypic.com,Mariellen,Gerardeaux,jkfftc58
cdebnamdy,cdebnamdy@shareasale.com,Caldwell,Debnam,jyvwjd54
cfishpooldz,cfishpooldz@weather.com,Cissiee,Fishpool,wqjmqc26
evowelse0,evowelse0@blog.com,Eva,Vowels,jvteka20
cwakeleye1,cwakeleye1@wufoo.com,Cecily,Wakeley,cqzfdl21
kclaquee2,kclaquee2@google.nl,Kalil,Claque,vppaxb63
awallworke3,awallworke3@sciencedirect.com,Alameda,Wallwork,psozng33
othorndalee4,othorndalee4@home.pl,Ollie,Thorndale,lyofbc17
obrittonere5,obrittonere5@unesco.org,Oralia,Brittoner,zuahdp96
mwetherburne6,mwetherburne6@mapquest.com,Mercedes,Wetherburn,thzfdy15
dbutfielde7,dbutfielde7@bizjournals.com,Devlen,Butfield,lmhavh93
aarnaoe8,aarnaoe8@youku.com,Any,Arnao,netrxr19
cpethricke9,cpethricke9@bloomberg.com,Corella,Pethrick,iildgj60
ejenicekea,ejenicekea@mapy.cz,Erminie,Jenicek,buufsm08
agoodeneb,agoodeneb@e-recht24.de,Amanda,Gooden,vxwkwk04
dbarrimec,dbarrimec@ed.gov,Dory,Barrim,gurkgk03
cepeletted,cepeletted@pinterest.com,Cobbie,Epelett,rvxarw18
ycalbreathee,ycalbreathee@tinyurl.com,Yoshiko,Calbreath,qykjkq36
sdunrigeef,sdunrigeef@ucsd.edu,Stevena,Dunrige,blkjyu12
olotheaneg,olotheaneg@bigcartel.com,Olag,Lothean,htznoe88
mcabedoeh,mcabedoeh@woothemes.com,Mirella,Cabedo,tscpth54
bflamentei,bflamentei@cisco.com,Brady,Flament,pmobkj51
gcoweyej,gcoweyej@uiuc.edu,Gipsy,Cowey,seyant62
kbickfordek,kbickfordek@shareasale.com,Kerstin,Bickford,gcpytb38
sfantiniel,sfantiniel@ihg.com,Salaidh,Fantini,qmqzhz87
cmiddupem,cmiddupem@chron.com,Chick,Middup,uwlcrm76
dbrixeyen,dbrixeyen@stumbleupon.com,Daron,Brixey,lrkccr87
bllewellyneo,bllewellyneo@disqus.com,Bryan,Llewellyn,jvahwf91
chatherleyep,chatherleyep@moonfruit.com,Caty,Hatherley,qysias75
bchopyeq,bchopyeq@ustream.tv,Burgess,Chopy,ruhnwo06
gtomeker,gtomeker@telegraph.co.uk,Giselbert,Tomek,bjetvm59
vmaccourtes,vmaccourtes@yolasite.com,Vitoria,MacCourt,puumla64
slicquorishet,slicquorishet@netvibes.com,Sibella,Licquorish,ruansj50
gospillaneeu,gospillaneeu@huffingtonpost.com,Gamaliel,O'Spillane,rowsuw99
sbevarev,sbevarev@wordpress.com,Shelton,Bevar,icwzuu08
cvertyew,cvertyew@ibm.com,Culver,Verty,gbnwyu73
fcamellex,fcamellex@bandcamp.com,Fernando,Camell,xokswg81
eganifordey,eganifordey@harvard.edu,Emlynne,Ganiford,hmooub94
fyairez,fyairez@squarespace.com,Ferrel,Yair,wgprkl06
mtrevaskisf0,mtrevaskisf0@1und1.de,Maddie,Trevaskis,yuhkqq15
sbaldryf1,sbaldryf1@ucla.edu,Sonny,Baldry,tixfuk18
garmfirldf2,garmfirldf2@google.ru,Glennis,Armfirld,rwzxqe66
ddesouzaf3,ddesouzaf3@intel.com,Davey,De Souza,ipldkd22
kkovacsf4,kkovacsf4@exblog.jp,Karil,Kovacs,qejmnr88
epilgerf5,epilgerf5@de.vu,Emmet,Pilger,lganes21
mbernardinif6,mbernardinif6@squidoo.com,Marijo,Bernardini,moword98
jkowalf7,jkowalf7@ihg.com,Janice,Kowal,gkcwvh81
ycurtonf8,ycurtonf8@sfgate.com,Yulma,Curton,pwhuyx61
nsewartf9,nsewartf9@shop-pro.jp,Noland,Sewart,uvmjkn98
jscotchbrookfa,jscotchbrookfa@mac.com,Jephthah,Scotchbrook,cyqodh34
nruosfb,nruosfb@1688.com,Neal,Ruos,lcjzug19
nwillavizefc,nwillavizefc@state.gov,Natty,Willavize,dwrbdm11
cpithiefd,cpithiefd@bigcartel.com,Caresse,Pithie,kwwbzs08
jwoodwinfe,jwoodwinfe@ocn.ne.jp,Joycelin,Woodwin,hmhlym42
nmourbeyff,nmourbeyff@barnesandnoble.com,Nikolaos,Mourbey,ehliev62
ghissettfg,ghissettfg@slideshare.net,Garreth,Hissett,nxiijr62
clowtonfh,clowtonfh@issuu.com,Clarey,Lowton,oqewbi85
scoileyfi,scoileyfi@dot.gov,Sebastian,Coiley,isufti70
ovlasenkofj,ovlasenkofj@constantcontact.com,Orville,Vlasenko,kzvtjq11
kromanfk,kromanfk@oaic.gov.au,Krystyna,Roman,qbnyel59
tshallowfl,tshallowfl@who.int,Tomlin,Shallow,xntiwd44
llomondfm,llomondfm@newyorker.com,Leonidas,Lomond,bsrlyv48
ocorssfn,ocorssfn@go.com,Onofredo,Corss,xnctcc94
hkelsellfo,hkelsellfo@alexa.com,Heinrick,Kelsell,xayxhp72
nmacmeekanfp,nmacmeekanfp@cmu.edu,Nicki,MacMeekan,tigtgs28
frennoldsfq,frennoldsfq@hostgator.com,Friederike,Rennolds,sboiki94
tguirardfr,tguirardfr@bandcamp.com,Theressa,Guirard,frbjix17
acaldecotfs,acaldecotfs@usatoday.com,Adelbert,Caldecot,wvzlic65
jonearyft,jonearyft@cmu.edu,Jena,O'Neary,kjrkwd08
plombfu,plombfu@google.cn,Phaidra,Lomb,nzwrsw64
azannelifv,azannelifv@bing.com,Ancell,Zanneli,hbsdul32
awarrickfw,awarrickfw@biglobe.ne.jp,Abner,Warrick,tprjul32
kweedonfx,kweedonfx@biglobe.ne.jp,Kerri,Weedon,qteset85
atankusfy,atankusfy@drupal.org,Anne-corinne,Tankus,xzawqa30
ncluefz,ncluefz@cornell.edu,Nolana,Clue,xovtez28
rkeatingg0,rkeatingg0@theglobeandmail.com,Rriocard,Keating,zyncxu65
nheckleg1,nheckleg1@infoseek.co.jp,Niels,Heckle,xchonn31
acorkeg2,acorkeg2@shutterfly.com,Arlee,Corke,kknfvn65
scogzellg3,scogzellg3@devhub.com,Say,Cogzell,ttdmhs88
rcuerdaleg4,rcuerdaleg4@wired.com,Ron,Cuerdale,vygtnh53
mroubeixg5,mroubeixg5@purevolume.com,Marlo,Roubeix,agwrwb56
lgammellg6,lgammellg6@live.com,Lance,Gammell,ahnxka13
abissg7,abissg7@blogtalkradio.com,Annabela,Biss,arydoj37
mdrong8,mdrong8@rakuten.co.jp,Minne,Dron,toaeyr12
jpiolag9,jpiolag9@wisc.edu,Jere,Piola,jtducr39
loreillyga,loreillyga@typepad.com,Lynnette,O'Reilly,xagdcd41
agaylardgb,agaylardgb@about.me,Ave,Gaylard,tjaixw73
imaciociagc,imaciociagc@senate.gov,Ilysa,Maciocia,orhxbs33
malbertigd,malbertigd@1und1.de,Manda,Alberti,lxcuhh92
mluchettige,mluchettige@umn.edu,Marne,Luchetti,cmztkh54
mownsworthgf,mownsworthgf@amazon.com,Minta,Ownsworth,kxpdpy47
fclementsongg,fclementsongg@abc.net.au,Fredelia,Clementson,xrgybc46
imacarigh,imacarigh@washingtonpost.com,Ingmar,Macari,wufpgd34
ntruckellgi,ntruckellgi@studiopress.com,Nara,Truckell,dxymnu13
icaurahgj,icaurahgj@goo.gl,Ilyssa,Caurah,ngwwnv43
jrasellgk,jrasellgk@gizmodo.com,Jammal,Rasell,xrkgts22
cabrygl,cabrygl@gizmodo.com,Carny,Abry,wkanxc62
krysdalegm,krysdalegm@wsj.com,Kippar,Rysdale,czbsfs73
jgierckegn,jgierckegn@mail.ru,Jillane,Giercke,ogigtq26
ldorotgo,ldorotgo@google.pl,Lanny,Dorot,xvhcsh76
cibangp,cibangp@army.mil,Colas,Iban,msovjz53
criggollgq,criggollgq@scientificamerican.com,Carolann,Riggoll,xaxwac76
hbabonaugr,hbabonaugr@usda.gov,Harmon,Babonau,btmszi16
rlammerdinggs,rlammerdinggs@aboutads.info,Rollin,Lammerding,onmotz74
bellgt,bellgt@alexa.com,Blake,Ell,jrsqvp68
jsailorgu,jsailorgu@macromedia.com,Jolynn,Sailor,wefzuw62
cklichgv,cklichgv@bbc.co.uk,Cornall,Klich,ddggoc94
lwallasgw,lwallasgw@timesonline.co.uk,Linus,Wallas,aorpkf79
fpatrisksongx,fpatrisksongx@reference.com,Fredek,Patriskson,dtybii11
gcroomegy,gcroomegy@livejournal.com,Greta,Croome,ujsffl32
myeogz,myeogz@wikispaces.com,Marylynne,Yeo,nmxllh72
oaynsleyh0,oaynsleyh0@fc2.com,Onida,Aynsley,dtzemp69
gmarienh1,gmarienh1@vinaora.com,Glad,Marien,qsjdyh62
dlenchenkoh2,dlenchenkoh2@purevolume.com,Donal,Lenchenko,jqmjzd11
jdobrovolskih3,jdobrovolskih3@ted.com,Jessalyn,Dobrovolski,pflald68
rbraunesh4,rbraunesh4@paypal.com,Reade,Braunes,coxnwk53
ggilliseh5,ggilliseh5@purevolume.com,Galvan,Gillise,xlhkev55
lcaffinh6,lcaffinh6@tmall.com,Loise,Caffin,lpzcqv42
lfittonh7,lfittonh7@psu.edu,Lars,Fitton,xmtzdj02
mdosdaleh8,mdosdaleh8@house.gov,Morry,Dosdale,bqwzlh20
agettinsh9,agettinsh9@narod.ru,Adena,Gettins,shqfbh60
smcilvennaha,smcilvennaha@hexun.com,Smith,McIlvenna,kykrzs02
sbartzenhb,sbartzenhb@ehow.com,Sterne,Bartzen,pcdvna04
ecallingtonhc,ecallingtonhc@psu.edu,Elsy,Callington,vebacs33
gilotthd,gilotthd@youku.com,Gregor,Ilott,aqrbiw53
mmerguehe,mmerguehe@slate.com,Myra,Mergue,tymilc45
cjinkshf,cjinkshf@gizmodo.com,Cirstoforo,Jinks,ytwhur97
jstovoldhg,jstovoldhg@yellowbook.com,Jessalyn,Stovold,mxlcnm21
gheskinshh,gheskinshh@chicagotribune.com,Gunar,Heskins,zwlulp68
ffellmanhi,ffellmanhi@blogtalkradio.com,Flori,Fellman,vbbpsy17
eroyallhj,eroyallhj@de.vu,Elora,Royall,rletjb26
acorkanhk,acorkanhk@irs.gov,Abbot,Corkan,wulthc92
oloodyhl,oloodyhl@miitbeian.gov.cn,Orin,Loody,oqaamq72
zrichardonhm,zrichardonhm@example.com,Zsa zsa,Richardon,nupjyd90
cgoriolihn,cgoriolihn@shop-pro.jp,Cookie,Gorioli,hvsgmd12
kkildayho,kkildayho@salon.com,Kyla,Kilday,hjvjnb43
krobardhp,krobardhp@quantcast.com,Kimmie,Robard,jkdkqq99
gtotmanhq,gtotmanhq@hubpages.com,Giovanni,Totman,umvjjl56
msolomonideshr,msolomonideshr@goo.gl,Malynda,Solomonides,tsgetq44
ggodfroyhs,ggodfroyhs@ucoz.com,Gwenora,Godfroy,oufqww37
lstrodeht,lstrodeht@so-net.ne.jp,Leone,Strode,ttpisf75
rtourhu,rtourhu@de.vu,Raychel,Tour,xfbprf61
granscomehv,granscomehv@51.la,Gwenore,Ranscome,pydnwi08
uawtonhw,uawtonhw@buzzfeed.com,Ursa,Awton,mlfpxr55
idrewehx,idrewehx@odnoklassniki.ru,Ivan,Drewe,qpccnj57
bglisonhy,bglisonhy@admin.ch,Bob,Glison,vcafqa34
mdomotorhz,mdomotorhz@mozilla.org,Mitchael,Domotor,mecsgu20
hbuti0,hbuti0@so-net.ne.jp,Heddi,But,ocekmp97
lpynni1,lpynni1@naver.com,Layla,Pynn,hncrzg74
amcgiffini2,amcgiffini2@netlog.com,Aguie,Mc Giffin,bujvuv68
tdanielii3,tdanielii3@vistaprint.com,Timothee,Danieli,tolrcx36
cpamphiloni4,cpamphiloni4@ebay.co.uk,Chrisse,Pamphilon,hlihke06
imorillasi5,imorillasi5@sohu.com,Iosep,Morillas,wwzafi29
jpozeri6,jpozeri6@flickr.com,Jeramie,Pozer,nwlkvs53
ddequesnei7,ddequesnei7@washingtonpost.com,Devon,de Quesne,ooqtea60
ctibaldi8,ctibaldi8@google.ca,Carmina,Tibald,aoszgh47
istedelli9,istedelli9@infoseek.co.jp,Ignaz,Stedell,jtszat51
gjutsonia,gjutsonia@parallels.com,Grier,Jutson,itlroi48
mbarockib,mbarockib@jimdo.com,Mufinella,Barock,fehbdo64
agallageric,agallageric@nydailynews.com,Ashil,Gallager,fmbkcq11
nstannahid,nstannahid@ucoz.ru,Neddie,Stannah,lnaskl93
jstoffersenie,jstoffersenie@nih.gov,Johanna,Stoffersen,zfyeuz60
mcollerdif,mcollerdif@ted.com,Murdoch,Collerd,mjrexj93
bforemanig,bforemanig@skype.com,Boycie,Foreman,rkpgka01
chuxhamih,chuxhamih@theguardian.com,Chicky,Huxham,xziqos43
maddisonii,maddisonii@army.mil,Marjie,Addison,gpmxbi95
mtyersij,mtyersij@zimbio.com,Martha,Tyers,ddscws76
aosmundik,aosmundik@bloglovin.com,Arlette,Osmund,gokxey98
acorbouldil,acorbouldil@cyberchimps.com,Art,Corbould,uujswj62
eholdallim,eholdallim@microsoft.com,Emilia,Holdall,zcawkn05
lmckissackin,lmckissackin@psu.edu,Lyndsay,McKissack,usieuu24
lcurwoodio,lcurwoodio@studiopress.com,Letta,Curwood,fquxel53
jfayneip,jfayneip@latimes.com,Jeramey,Fayne,sruhcs24
rgoodfieldiq,rgoodfieldiq@epa.gov,Reta,Goodfield,lyedfu49
ngrestyir,ngrestyir@dmoz.org,Norri,Gresty,nlikah65
lburlandis,lburlandis@wordpress.com,Leigh,Burland,msmvws81
pbaltrushaitisit,pbaltrushaitisit@google.it,Pat,Baltrushaitis,lnzrog21
rhalbeardiu,rhalbeardiu@gmpg.org,Rhodie,Halbeard,glxpae50
rminihaniv,rminihaniv@topsy.com,Rivkah,Minihan,osacbe38
cmagnusiw,cmagnusiw@networkadvertising.org,Chance,Magnus,iqorvz46
dsainsix,dsainsix@livejournal.com,Davine,Sains,mhvsfg53
lpengilleyiy,lpengilleyiy@flavors.me,Lenore,Pengilley,bfbbcw64
bskeaiz,bskeaiz@addthis.com,Brenna,Skea,hgjhlx95
vhunnywellj0,vhunnywellj0@jimdo.com,Vick,Hunnywell,duyrng49
sduhigj1,sduhigj1@jugem.jp,Scarlet,Duhig,csobmk64
cparamorj2,cparamorj2@mashable.com,Collette,Paramor,qoppri76
nswinerdj3,nswinerdj3@jalbum.net,Ninnetta,Swinerd,jbzcbb43
rsilverthornej4,rsilverthornej4@reverbnation.com,Robbert,Silverthorne,yyejif37
cmilierj5,cmilierj5@cyberchimps.com,Cass,Milier,ahxjnu55
kbufferyj6,kbufferyj6@auda.org.au,Kania,Buffery,skswqc63
lfomichyovj7,lfomichyovj7@tripod.com,Lorrie,Fomichyov,tnmtup96
cfranchionij8,cfranchionij8@blog.com,Clementia,Franchioni,ffnvay30
lbutj9,lbutj9@ocn.ne.jp,Lyssa,But,jjyqdz31
lcohaneja,lcohaneja@independent.co.uk,Lucian,Cohane,hqxsap33
bbarouxjb,bbarouxjb@amazon.co.uk,Benny,Baroux,gbzcfy22
estapellsjc,estapellsjc@reuters.com,Ezmeralda,Stapells,arjvub58
bstandalljd,bstandalljd@sbwire.com,Bobinette,Standall,nbinzp16
fpilgrimje,fpilgrimje@g.co,Fairleigh,Pilgrim,rrolua13
mgerardeauxjf,mgerardeauxjf@taobao.com,Marmaduke,Gerardeaux,fkwqvb81
wducketjg,wducketjg@tumblr.com,Wanids,Ducket,guconn70
alansleyjh,alansleyjh@blogspot.com,Anastasie,Lansley,wzifkf10
cabramji,cabramji@cnet.com,Corny,Abram,iwyswx84
dpatmorejj,dpatmorejj@woothemes.com,Debra,Patmore,qqcbsm02
menosjk,menosjk@pen.io,Mollie,Enos,kemhov43
pkermathjl,pkermathjl@etsy.com,Perkin,Kermath,lhmpla77
onickolljm,onickolljm@google.co.uk,Ophelie,Nickoll,qaaqtw86
wframptonjn,wframptonjn@1und1.de,Willabella,Frampton,crntno98
syosevitzjo,syosevitzjo@example.com,Sophie,Yosevitz,tjilbf14
lpeltzerjp,lpeltzerjp@google.com.au,Lenee,Peltzer,ewryun27
lblessedjq,lblessedjq@weebly.com,Lennard,Blessed,xksash13
cbenleyjr,cbenleyjr@loc.gov,Clemmy,Benley,jsnqhk29
kthorndycraftjs,kthorndycraftjs@newyorker.com,Kelwin,Thorndycraft,rthomm36
mmurtyjt,mmurtyjt@prweb.com,Mic,Murty,pwokxa14
rpennicardju,rpennicardju@istockphoto.com,Rori,Pennicard,fcjfsl61
wcollinjv,wcollinjv@a8.net,Whittaker,Collin,mtuwqw23
cgoringjw,cgoringjw@eepurl.com,Cassondra,Goring,drrcdi45
hwinchesterjx,hwinchesterjx@ebay.co.uk,Harv,Winchester,jiivln90
wofenerjy,wofenerjy@ox.ac.uk,Ward,Ofener,lsupii37
bdebeauchempjz,bdebeauchempjz@seattletimes.com,Belvia,De Beauchemp,glzwuc52
mwallk0,mwallk0@ebay.com,Massimo,Wall,hnsber66
sgounetk1,sgounetk1@shutterfly.com,Shawn,Gounet,uprmfr00
dsheringhamk2,dsheringhamk2@engadget.com,Dania,Sheringham,teclzj70
bgirhardk3,bgirhardk3@sfgate.com,Babbette,Girhard,adbxhe32
sorwellk4,sorwellk4@nhs.uk,Sheree,Orwell,junuec31
asparrowhawkk5,asparrowhawkk5@flavors.me,Adham,Sparrowhawk,toctwy68
agoodenoughk6,agoodenoughk6@adobe.com,Abner,Goodenough,oitieu99
thattigank7,thattigank7@youku.com,Thebault,Hattigan,jyzzqa87
awetheredk8,awetheredk8@123-reg.co.uk,Ash,Wethered,grtshb82
brenakk9,brenakk9@ehow.com,Berthe,Renak,kmgdoo91
dmelendezka,dmelendezka@github.io,Delano,Melendez,edauvu78
tvenableskb,tvenableskb@fc2.com,Thomasina,Venables,mstdwt91
nsivyerkc,nsivyerkc@goodreads.com,Neale,Sivyer,vqglnv15
lholdekd,lholdekd@hugedomains.com,Leonerd,Holde,enwfmg42
clownke,clownke@wsj.com,Carissa,Lown,ynyftm97
khebburnkf,khebburnkf@nasa.gov,Kinny,Hebburn,xsvitw92
lwhaplingtonkg,lwhaplingtonkg@wikispaces.com,Libbie,Whaplington,chaisq51
jagutterkh,jagutterkh@hhs.gov,Janina,Agutter,lbrucr66
kclemowki,kclemowki@cnet.com,Kristos,Clemow,enyrcu51
mshemmingkj,mshemmingkj@cbslocal.com,Moshe,Shemming,dpcwwj50
kcoggerkk,kcoggerkk@simplemachines.org,Keelia,Cogger,tpaitb44
mtraytekl,mtraytekl@uiuc.edu,Marlyn,Trayte,ibovcn41
digounetkm,digounetkm@edublogs.org,Donny,Igounet,qsuhpc33
mgoudakn,mgoudakn@privacy.gov.au,Mellisent,Gouda,bzocdj94
ckilbournko,ckilbournko@goo.gl,Crysta,Kilbourn,veqqay31
hfranssenkp,hfranssenkp@cloudflare.com,Hamid,Franssen,xfkqsy11
qcamillokq,qcamillokq@joomla.org,Quinta,Camillo,uoduzu14
kbannisterkr,kbannisterkr@home.pl,Keslie,Bannister,ifemqw80
cwollardks,cwollardks@creativecommons.org,Cathi,Wollard,dvnvbs17
chaversumkt,chaversumkt@globo.com,Coleen,Haversum,owqfwd08
csergeantku,csergeantku@earthlink.net,Candy,Sergeant,gexsnq73
adownekv,adownekv@51.la,Amalea,Downe,lgvdrh41
dsamweyeskw,dsamweyeskw@dot.gov,Deva,Samweyes,fumoal18
ibeardowkx,ibeardowkx@hatena.ne.jp,Ingaborg,Beardow,kaorkn45
lyannikovky,lyannikovky@behance.net,Luella,Yannikov,wbkeay04
ajakoubkz,ajakoubkz@wordpress.com,Adrianna,Jakoub,ueqzbm01
gtalmanl0,gtalmanl0@foxnews.com,Gustaf,Talman,hrukdi16
emilehaml1,emilehaml1@statcounter.com,Elke,Mileham,ikjevb32
ksorrilll2,ksorrilll2@craigslist.org,Koressa,Sorrill,tcrerd20
sskasel3,sskasel3@hao123.com,Shelby,Skase,eixnbs12
byewdalll4,byewdalll4@discuz.net,Benn,Yewdall,ifxzer39
clabonl5,clabonl5@purevolume.com,Cyndi,Labon,lfdwdj21
bmartyl6,bmartyl6@utexas.edu,Benedict,Marty,ebjvnl36
llindleyl7,llindleyl7@senate.gov,Layla,Lindley,lzkayq08
icroixl8,icroixl8@ftc.gov,Irvin,Croix,ltnanp00
aburkwoodl9,aburkwoodl9@nyu.edu,Arty,Burkwood,xczbwe68
epavella,epavella@independent.co.uk,Erin,Pavel,wpbswi49
calishonerlb,calishonerlb@fda.gov,Constantia,Alishoner,whpffz26
gdonaghylc,gdonaghylc@acquirethisname.com,Gussi,Donaghy,zudzqr64
dlaingld,dlaingld@amazon.co.jp,Dwight,Laing,amajxt88
epetreczle,epetreczle@ft.com,Erika,Petrecz,xvihkn81
kheckslf,kheckslf@blog.com,Katleen,Hecks,yavxae84
ksandyfordlg,ksandyfordlg@jugem.jp,Kristy,Sandyford,rltlag63
uhuckellh,uhuckellh@samsung.com,Ursola,Huckel,jgblcj38
dtwelveli,dtwelveli@bbb.org,Dill,Twelve,fetszs98
jquarleslj,jquarleslj@is.gd,Jackqueline,Quarles,fxvnbh23
rrosenhauptlk,rrosenhauptlk@cnet.com,Rebekah,Rosenhaupt,ghnefc58
cveartll,cveartll@vistaprint.com,Cilka,Veart,wkshmt59
dfelixlm,dfelixlm@indiegogo.com,Dee dee,Felix,zvvqwi01
ameadln,ameadln@boston.com,Agnes,Mead,syhkgf57
pgrunderlo,pgrunderlo@google.de,Patton,Grunder,aukrca61
sneilandlp,sneilandlp@ted.com,Shelli,Neiland,wrigqp85
tforseithlq,tforseithlq@cocolog-nifty.com,Tildi,Forseith,rbzukv07
ggiovanittilr,ggiovanittilr@ihg.com,Gwen,Giovanitti,uzidph79
ebuesnells,ebuesnells@ask.com,Eunice,Buesnel,jutaks77
blivardlt,blivardlt@aboutads.info,Brantley,Livard,pkgyyk87
rkittleylu,rkittleylu@ask.com,Reggi,Kittley,xagqng86
dlemaitrelv,dlemaitrelv@who.int,Dagny,Le Maitre,zslmlg67
dkiddslw,dkiddslw@prlog.org,Dougie,Kidds,kuryes15
ofernandezlx,ofernandezlx@usnews.com,Olimpia,Fernandez,xnreiw81
sburlely,sburlely@ox.ac.uk,Sharl,Burle,vzohec56
rklugmanlz,rklugmanlz@china.com.cn,Rocky,Klugman,tjjcuf56
hsurfleetm0,hsurfleetm0@marriott.com,Henka,Surfleet,bfqpos85
jsanbrookem1,jsanbrookem1@intel.com,Jazmin,Sanbrooke,kqrnsl29
xparsonsm2,xparsonsm2@aol.com,Ximenez,Parsons,xqmaax34
fgosneyem3,fgosneyem3@hud.gov,Frankie,Gosneye,rphpoz88
btrewm4,btrewm4@ox.ac.uk,Bowie,Trew,bbcdjz95
jbrentonm5,jbrentonm5@geocities.com,Jilleen,Brenton,hoofgz10
emquhargem6,emquhargem6@answers.com,Elianore,M'Quharge,cgqnsj76
mpietersm7,mpietersm7@theatlantic.com,Marabel,Pieters,repbki84
lbourm8,lbourm8@hud.gov,Lucina,Bour,wfmmry60
mmanifouldm9,mmanifouldm9@quantcast.com,Marita,Manifould,tqtsjc97
nhazelhurstma,nhazelhurstma@simplemachines.org,Nathanil,Hazelhurst,xlfrle91
nhawkenmb,nhawkenmb@state.tx.us,Noelani,Hawken,ockbdt67
hdeathmc,hdeathmc@networksolutions.com,Heath,De Ath,yxnuwj08
msiberymd,msiberymd@economist.com,Margeaux,Sibery,qwdbjz96
rjoddinsme,rjoddinsme@amazon.co.jp,Rosalyn,Joddins,witbpz53
tcarslakemf,tcarslakemf@google.co.uk,Tiena,Carslake,ubxjcd16
srudeforthmg,srudeforthmg@linkedin.com,Shadow,Rudeforth,kzpodl83
fallcroftmh,fallcroftmh@amazon.co.uk,Fayina,Allcroft,mzrvcs23
cjerymi,cjerymi@google.co.uk,Catlaina,Jery,vywxex77
ckeevesmj,ckeevesmj@prlog.org,Crissy,Keeves,czicew27
kmccrachenmk,kmccrachenmk@mlb.com,Kiersten,McCrachen,zkehjn97
ggarvillml,ggarvillml@msu.edu,Gaylor,Garvill,jhwkxg70
wsalvatimm,wsalvatimm@prweb.com,Wallie,Salvati,njqwsq49
vgoodliffemn,vgoodliffemn@hhs.gov,Valery,Goodliffe,jowiav15
sheinonenmo,sheinonenmo@msn.com,Shea,Heinonen,qfhplm77
ppurkinsmp,ppurkinsmp@google.com.au,Peggi,Purkins,frryox66
uheintschmq,uheintschmq@discuz.net,Ulrikaumeko,Heintsch,yodiqg43
sgiveenmr,sgiveenmr@va.gov,Stella,Giveen,alkqet91
edibaudims,edibaudims@examiner.com,Evelyn,Di Baudi,avztzw31
pdomleomt,pdomleomt@list-manage.com,Pavlov,Domleo,pkhlph01
bclaytonmu,bclaytonmu@apache.org,Bevin,Clayton,mrnhpk88
kstraneomv,kstraneomv@xrea.com,Karil,Straneo,dwzrpr16
sseefeldtmw,sseefeldtmw@mtv.com,Sauncho,Seefeldt,eqtvfc27
rmccartmx,rmccartmx@marriott.com,Roz,McCart,avbqpp25
gfiennesmy,gfiennesmy@home.pl,Gaby,Fiennes,esturl55
crustidgemz,crustidgemz@google.com.br,Calli,Rustidge,xvfcsd07
gtyrern0,gtyrern0@reuters.com,Gabby,Tyrer,uwxssv94
rduthien1,rduthien1@cpanel.net,Rafaelia,Duthie,xgjfqu12
tdabsn2,tdabsn2@baidu.com,Thaddeus,Dabs,vsxqzg60
amarttn3,amarttn3@independent.co.uk,Arlen,Martt,ztklfx88
ceburnen4,ceburnen4@slideshare.net,Carlos,Eburne,ykjpdh27
mbuckberryn5,mbuckberryn5@house.gov,Miguel,Buckberry,ptabqg27
llardnern6,llardnern6@w3.org,Link,Lardner,lfwabk43
pspiersn7,pspiersn7@latimes.com,Parker,Spiers,ibcccp30
smatusovskyn8,smatusovskyn8@umn.edu,Shani,Matusovsky,xxmfxy22
ceglinn9,ceglinn9@wisc.edu,Clarke,Eglin,glbczu38
wmarikhinna,wmarikhinna@plala.or.jp,Worth,Marikhin,iubcot60
gnicolsonnb,gnicolsonnb@netlog.com,Gretal,Nicolson,gqnzcb94
lcockrillnc,lcockrillnc@yandex.ru,Lina,Cockrill,bujcsa04
vhumphriesnd,vhumphriesnd@google.it,Vincenz,Humphries,jqpooe09
treyne,treyne@biglobe.ne.jp,Tanhya,Rey,zppiro54
afossittnf,afossittnf@foxnews.com,Aldo,Fossitt,tjlvdj36
jstillingng,jstillingng@cyberchimps.com,Julianne,Stilling,twtgcp33
tgagenh,tgagenh@rediff.com,Tonie,Gage,uickyp19
bgeevesni,bgeevesni@mit.edu,Beret,Geeves,twfyil54
mguidinj,mguidinj@blogspot.com,Marlane,Guidi,ffrtie69
bkissicknk,bkissicknk@senate.gov,Brody,Kissick,urjrpu50
jbauchopnl,jbauchopnl@utexas.edu,Jarrod,Bauchop,nybrhh57
mcastelluccinm,mcastelluccinm@sogou.com,Millard,Castellucci,doezjo97
cellsonnn,cellsonnn@goo.ne.jp,Coralyn,Ellson,gimooc68
mcawdronno,mcawdronno@nature.com,Misti,Cawdron,yfnasz76
kvanderhovennp,kvanderhovennp@creativecommons.org,Kelsi,Van der Hoven,tepvby07
apickthornenq,apickthornenq@epa.gov,Alister,Pickthorne,bfaylv52
nthomersonnr,nthomersonnr@msu.edu,Nessie,Thomerson,xwfkcn25
dbalentynens,dbalentynens@google.ru,Donella,Balentyne,mdqayz96
cgarnnt,cgarnnt@domainmarket.com,Caryn,Garn,xkjsha62
chalstonnu,chalstonnu@moonfruit.com,Camile,Halston,dcjtge60
mcranagenv,mcranagenv@taobao.com,Moshe,Cranage,vbyqpc14
gbernaseknw,gbernaseknw@xing.com,Gilbertine,Bernasek,mjrsly75
dclaynx,dclaynx@google.it,Delinda,Clay,wxkggh60
atopingny,atopingny@pcworld.com,Alasdair,Toping,lxmknt88
ccarrecknz,ccarrecknz@fc2.com,Corbin,Carreck,konggr75
nbecketto0,nbecketto0@java.com,Nata,Beckett,ijpbmz21
bgrimo1,bgrimo1@about.com,Billy,Grim,ehtmzs51
kmacauleyo2,kmacauleyo2@topsy.com,Karissa,Macauley,vrylzb95
mtheusso3,mtheusso3@usatoday.com,Mortie,Theuss,qfiogo06
rivanenkovo4,rivanenkovo4@netlog.com,Raina,Ivanenkov,gajjib42
acockaymeo5,acockaymeo5@hubpages.com,Amalee,Cockayme,oujpqz30
twhittleo6,twhittleo6@constantcontact.com,Therine,Whittle,swhqsg57
hmeritto7,hmeritto7@rediff.com,Hew,Meritt,oozlzn90
lmcgauhyo8,lmcgauhyo8@slate.com,Leticia,McGauhy,asbkqs03
ntuppero9,ntuppero9@reuters.com,Nikolaus,Tupper,fjciel64
ebellordoa,ebellordoa@arstechnica.com,Etienne,Bellord,rsxxcn04
hmcveyob,hmcveyob@scientificamerican.com,Harli,McVey,kqbwdk78
pkennifeckoc,pkennifeckoc@unblog.fr,Patricia,Kennifeck,nerdjn30
atrevearod,atrevearod@umich.edu,Aubrette,Trevear,egrdeb79
pchoppenoe,pchoppenoe@miibeian.gov.cn,Pet,Choppen,snmshn20
wyellowleyof,wyellowleyof@tumblr.com,Winston,Yellowley,mpobvg95
aespinoyog,aespinoyog@squarespace.com,Audry,Espinoy,otghox74
asimonsonoh,asimonsonoh@columbia.edu,Alisun,Simonson,jicnem16
elioneloi,elioneloi@businesswire.com,Emmeline,Lionel,dxjlls34
ngilleonoj,ngilleonoj@etsy.com,Noe,Gilleon,yqtazv97
fkohrtok,fkohrtok@blogtalkradio.com,Florencia,Kohrt,oafzqm63
bshilletool,bshilletool@ow.ly,Baily,Shilleto,wwzupc82
rpopescuom,rpopescuom@tamu.edu,Roxy,Popescu,xfiuvf11
ycaitlinon,ycaitlinon@wiley.com,Ysabel,Caitlin,yjbicp61
jbrailsfordoo,jbrailsfordoo@princeton.edu,Johannah,Brailsford,prhfjz66
okemmisop,okemmisop@businessinsider.com,Osbourn,Kemmis,hfgpxe53
droycroftoq,droycroftoq@redcross.org,Dougy,Roycroft,ierohi71
ebattenor,ebattenor@smh.com.au,Elfrida,Batten,rcqeta12
thandsheartos,thandsheartos@gnu.org,Tybie,Handsheart,yhkeby08
rswaitot,rswaitot@google.de,Rouvin,Swait,esyeke06
dbowringou,dbowringou@google.com,Devin,Bowring,byjuqf37
mbatchelderov,mbatchelderov@nyu.edu,Malissa,Batchelder,xtusaj07
hverrillsow,hverrillsow@privacy.gov.au,Harriott,Verrills,vjelzr10
drheamox,drheamox@t-online.de,Dirk,Rheam,fplzbq55
dorgeloy,dorgeloy@reddit.com,Dulsea,Orgel,fiyzzs15
mtoftsoz,mtoftsoz@yellowbook.com,Mavis,Tofts,owqzqp07
kcaffinp0,kcaffinp0@barnesandnoble.com,Kamilah,Caffin,jexuri22
dlegonidecp1,dlegonidecp1@accuweather.com,Daveta,Legonidec,jrfwtk70
smauserp2,smauserp2@barnesandnoble.com,Shem,Mauser,lspyff03
mapdellp3,mapdellp3@pen.io,Mar,Apdell,emldku78
cklussp4,cklussp4@over-blog.com,Charla,Kluss,dlzznk88
sdedenhamp5,sdedenhamp5@imdb.com,Shae,Dedenham,dkrqvq33
rsterricksp6,rsterricksp6@nymag.com,Robyn,Sterricks,uuhncy70
jforstallp7,jforstallp7@businessweek.com,Juliette,Forstall,gecxyq74
bpitcaithleyp8,bpitcaithleyp8@sbwire.com,Briggs,Pitcaithley,vrpijd06
crobbinsp9,crobbinsp9@freewebs.com,Cosme,Robbins,umkody60
speceypa,speceypa@soundcloud.com,Sibbie,Pecey,ywdmow72
pgreensidespb,pgreensidespb@cornell.edu,Perry,Greensides,nbstqh66
jcousinpc,jcousinpc@nih.gov,Jedediah,Cousin,idbidm02
dcaterpd,dcaterpd@state.tx.us,Dori,Cater,bajlit38
rattrydepe,rattrydepe@flavors.me,Rudolph,Attryde,ihzunc54
ameasenpf,ameasenpf@goodreads.com,Araldo,Measen,bxwnqa36
gpauelpg,gpauelpg@unc.edu,Glenine,Pauel,rrnlje47
pramstedph,pramstedph@123-reg.co.uk,Pammi,Ramsted,ugwmko05
tdysterpi,tdysterpi@meetup.com,Tarah,Dyster,ekfrla07
nlaughlanpj,nlaughlanpj@list-manage.com,Nissie,Laughlan,cfcylv83
abrutypk,abrutypk@163.com,Ansell,Bruty,csqelv01
rayerpl,rayerpl@salon.com,Rosalind,Ayer,yxhyex44
dcaisleypm,dcaisleypm@tinyurl.com,Daphna,Caisley,rxzagq69
sdudmanpn,sdudmanpn@mac.com,Sonny,Dudman,tchrsy61
sbuntingpo,sbuntingpo@stanford.edu,Stanislas,Bunting,ffpjwx05
hgabbypp,hgabbypp@webmd.com,Hale,Gabby,duyawm08
hdyblepq,hdyblepq@mozilla.com,Halie,Dyble,iyimlk94
gnorthbridgepr,gnorthbridgepr@msu.edu,Giacobo,Northbridge,kmucam52
achadbourneps,achadbourneps@cdbaby.com,Arden,Chadbourne,gzbvga61
rglazerpt,rglazerpt@rediff.com,Ringo,Glazer,nkqxkp44
hvyvyanpu,hvyvyanpu@privacy.gov.au,Hansiain,Vyvyan,gkwzpp50
pbartunekpv,pbartunekpv@fema.gov,Pierrette,Bartunek,oxiwdb19
cdeinhardtpw,cdeinhardtpw@msu.edu,Celle,Deinhardt,hsbacs05
mpiquardpx,mpiquardpx@pagesperso-orange.fr,Michelina,Piquard,tqogqu38
mwestfrimleypy,mwestfrimleypy@apple.com,Maxine,West-Frimley,iziewn36
gwillougheypz,gwillougheypz@auda.org.au,Gordie,Willoughey,nubwnw01
jsommertonq0,jsommertonq0@paypal.com,Jacinthe,Sommerton,dergms15
rbremingq1,rbremingq1@posterous.com,Randene,Breming,atzafs22
lcromartyq2,lcromartyq2@washington.edu,Lexi,Cromarty,xchebs98
ehilldropq3,ehilldropq3@opensource.org,Elenore,Hilldrop,wkulku31
msimonuttiq4,msimonuttiq4@de.vu,Margit,Simonutti,dsbgfc49
ecargillq5,ecargillq5@stumbleupon.com,Else,Cargill,abiese84
lbuxseyq6,lbuxseyq6@rakuten.co.jp,Lawry,Buxsey,rzdcyw82
wwarsapq7,wwarsapq7@timesonline.co.uk,Wanids,Warsap,prkwfb63
jjodrellecq8,jjodrellecq8@pagesperso-orange.fr,Jaclin,Jodrellec,auvlwa18
jwhitelandq9,jwhitelandq9@squarespace.com,Julio,Whiteland,wawidc90
prudolphqa,prudolphqa@tinyurl.com,Paloma,Rudolph,ajgwnv71
citzcakqb,citzcakqb@oaic.gov.au,Christos,Itzcak,zvubqh81
dbonassqc,dbonassqc@thetimes.co.uk,Devlen,Bonass,rgavji51
mdundridgeqd,mdundridgeqd@goo.gl,Maxie,Dundridge,ejbwxc16
lbeddowqe,lbeddowqe@list-manage.com,Leia,Beddow,kvgrso33
aritsonqf,aritsonqf@salon.com,Abe,Ritson,uvjera96
dpoundfordqg,dpoundfordqg@ustream.tv,Denny,Poundford,xkkojd10
tbaudinoqh,tbaudinoqh@bluehost.com,Tommy,Baudino,njfyvd73
lflintoffeqi,lflintoffeqi@si.edu,Lon,Flintoffe,kkrhsy40
sbottinelliqj,sbottinelliqj@pagesperso-orange.fr,Sallee,Bottinelli,pbqkyf03
crussamqk,crussamqk@networksolutions.com,Clive,Russam,bnigiy03
arosenwaldql,arosenwaldql@mac.com,Aggy,Rosenwald,lbpeyo45
lbecksqm,lbecksqm@webs.com,Lonnie,Becks,vmffzc95
cmacknessqn,cmacknessqn@cisco.com,Clayson,Mackness,yrbzso52
mivanshintsevqo,mivanshintsevqo@jimdo.com,Moishe,Ivanshintsev,hvexba80
merikssonqp,merikssonqp@clickbank.net,Mattheus,Eriksson,wfcdma94
eidleqq,eidleqq@wikipedia.org,Emlynn,Idle,omsxih24
apepallqr,apepallqr@sbwire.com,Antonina,Pepall,xqapaj79
sberkeleyqs,sberkeleyqs@topsy.com,Solomon,Berkeley,vgwyjm37
smalcolmsonqt,smalcolmsonqt@imdb.com,Susi,Malcolmson,jfvcvd76
landersenqu,landersenqu@squidoo.com,Lemmie,Andersen,veouvv82
sgilbanksqv,sgilbanksqv@yellowbook.com,Stinky,Gilbanks,idrixp90
gclowesqw,gclowesqw@digg.com,Gilbertina,Clowes,ysbtln15
dfidgettqx,dfidgettqx@fastcompany.com,Dynah,Fidgett,dkyvsp07
kissakovqy,kissakovqy@bloglines.com,Keven,Issakov,rbrppz58
hcrottaghqz,hcrottaghqz@bravesites.com,Holmes,Crottagh,kvltxr03
cmcanellyer0,cmcanellyer0@etsy.com,Cate,McAnellye,nlbhcy02
plorkinsr1,plorkinsr1@uol.com.br,Padraig,Lorkins,betgbi71
jdoullr2,jdoullr2@multiply.com,Janeta,Doull,tkwyfr22
lfloundersr3,lfloundersr3@archive.org,Lara,Flounders,czyhcv80
vmorstattr4,vmorstattr4@un.org,Vera,Morstatt,kzfncv40
acallejar5,acallejar5@mozilla.org,Arel,Calleja,zvqnpu32
sfinneyr6,sfinneyr6@simplemachines.org,Sheppard,Finney,ksblut97
hmarvelr7,hmarvelr7@bing.com,Henrietta,Marvel,szvcsq71
mbillier8,mbillier8@wsj.com,Mick,Billie,dsdnpq73
skerir9,skerir9@yale.edu,Stewart,Keri,mcukjw78
asiblyra,asiblyra@accuweather.com,Alphonse,Sibly,xaegqo41
mcoddrb,mcoddrb@chronoengine.com,Marv,Codd,hgzotz79
bguyerrc,bguyerrc@dyndns.org,Bobbi,Guyer,zswzcf35
kmeyerrd,kmeyerrd@omniture.com,Kissiah,Meyer,evcxht68
phinemoorre,phinemoorre@clickbank.net,Penrod,Hinemoor,biwduj14
vboowrf,vboowrf@arstechnica.com,Vidovik,Boow,sprkvk69
tbrayfieldrg,tbrayfieldrg@so-net.ne.jp,Terrance,Brayfield,dglymc25
brufflesrh,brufflesrh@un.org,Baron,Ruffles,jjmpdz43
aturnbullri,aturnbullri@tuttocitta.it,Abbie,Turnbull,qlowil61
ecolefordrj,ecolefordrj@tuttocitta.it,Erin,Coleford,vswxzh73
dbattingrk,dbattingrk@google.it,Davina,Batting,tibbfk72
edanielskirl,edanielskirl@printfriendly.com,Erhard,Danielski,tyaaqx24
emcmeekinrm,emcmeekinrm@mtv.com,Emilio,Mc Meekin,gkvozj68
fsawfordrn,fsawfordrn@youtube.com,Frederigo,Sawford,vgzzhm34
shriinchenkoro,shriinchenkoro@state.tx.us,Sigfried,Hriinchenko,wyisfm73
nlabuschrp,nlabuschrp@icio.us,Nessie,Labusch,keluum30
dsmyerq,dsmyerq@cafepress.com,Danice,Smye,bwjdel38
nkohlertrr,nkohlertrr@admin.ch,Neysa,Kohlert,ayipby58
