username,email,password,firstname,lastname
bfiveash0,bfiveash0@wikispaces.com,4IlqDktta8Qi,Brennen,Fiveash
rbunclark1,rbunclark1@yandex.ru,0KwxZrvkuChq,Rubie,Bunclark
krainy2,krainy2@whitehouse.gov,lLIiCor,Keen,Rainy
mstribbling3,mstribbling3@cnet.com,Yw1FJG,Morten,Stribbling
ebarlas4,ebarlas4@slate.com,mqfWzy,Eileen,Barlas
scolten5,scolten5@slideshare.net,WClNmmde,Stavros,Colten
smaeer6,smaeer6@paginegialle.it,yG3dgzS6vP6,Sollie,Maeer
echardin7,echardin7@mac.com,1EssD8K,Emory,Chardin
hwozencroft8,hwozencroft8@flickr.com,YU8iywQgsdvk,Hermina,Wozencroft
edodgshon9,edodgshon9@businesswire.com,gJFdN3E9tHW,Ellie,Dodgshon
sburdisa,sburdisa@bigcartel.com,05HLDZot74Q,Sanford,Burdis
cwadhamsb,cwadhamsb@reverbnation.com,1SQ6R7r,Cornelle,Wadhams
spumphreysc,spumphreysc@ebay.com,4hYPamJ,Sebastiano,Pumphreys
fcolafated,fcolafated@ustream.tv,MC2S2m,Felice,Colafate
jopdenorthe,jopdenorthe@surveymonkey.com,7n2h9ax3iL,Jodee,Opdenorth
mzanettif,mzanettif@sourceforge.net,5k8jBk,Myrtie,Zanetti
cbezantg,cbezantg@google.cn,pomv7wKW,Carma,Bezant
hstelfoxh,hstelfoxh@psu.edu,uRqAqZfGQYNf,Hugues,Stelfox
rchifneyi,rchifneyi@artisteer.com,ijXbjkYnY,Roby,Chifney
lbeentjesj,lbeentjesj@list-manage.com,SFJulOl,Lawton,Beentjes
jsummerleek,jsummerleek@harvard.edu,dMPese,Jobey,Summerlee
nbourrell,nbourrell@ted.com,YVAJS1,Nappy,Bourrel
obagniukm,obagniukm@dell.com,PwjKo4i,Oralla,Bagniuk
amacguiren,amacguiren@redcross.org,PUgD5IX3YRh,Andy,Macguire
keleso,keleso@youtube.com,Vc0Sw7pL5Oj,Kristos,Eles
erodgep,erodgep@ifeng.com,47VvfLp,Estrella,Rodge
asandelsq,asandelsq@domainmarket.com,t1gtRC6r,Antonella,Sandels
nvairowr,nvairowr@soup.io,SsJoYi5,Niko,Vairow
mwestcotts,mwestcotts@biblegateway.com,6y6ArD,Misti,Westcott
jdesborought,jdesborought@youku.com,CLXO78zi3,Jock,Desborough
nbambu,nbambu@businessinsider.com,r2mO6FsIBVCU,Nial,Bamb
athoulessv,athoulessv@irs.gov,7qD8QE7ww8OK,Ardyce,Thouless
fgridonw,fgridonw@mlb.com,27IaiZQOQ,Florina,Gridon
anussx,anussx@myspace.com,WnJ1SZ,Antonio,Nuss
npaternostery,npaternostery@springer.com,HOkxz71,Nat,Paternoster
czealez,czealez@wikipedia.org,ZdCMdhp,Chelsie,Zeale
rcressingham10,rcressingham10@photobucket.com,0AKIsLM0t9iW,Ryon,Cressingham
djex11,djex11@yelp.com,7nEICMo3QiN,Daryn,Jex
nbeadel12,nbeadel12@weibo.com,pHAjYC,Nerissa,Beadel
bmacginney13,bmacginney13@tripod.com,jxa0vM2Qg8,Blondie,MacGinney
alorenzin14,alorenzin14@issuu.com,8jpdOqAOU,Anderea,Lorenzin
cshutt15,cshutt15@google.pl,fttCda6P,Crawford,Shutt
drumsey16,drumsey16@seesaa.net,h7rXnL,Deina,Rumsey
hboag17,hboag17@hatena.ne.jp,j0fJf0FU,Hakeem,Boag
mcraven18,mcraven18@vinaora.com,5JFuguov,Maureene,Craven
spedrielli19,spedrielli19@netvibes.com,ULW3pWpCGkc,Shepperd,Pedrielli
aleathe1a,aleathe1a@harvard.edu,qEbY8I,Abigail,Leathe
cnorthway1b,cnorthway1b@opera.com,VGhWTEsW3hbz,Colver,Northway
snafzger1c,snafzger1c@deliciousdays.com,umdLorYACu,Selma,Nafzger
tgregoriou1d,tgregoriou1d@mozilla.com,mPmH6s,Taite,Gregoriou
ncrebo1e,ncrebo1e@netvibes.com,tU5yuOJIBrK,Normy,Crebo
bgaliero1f,bgaliero1f@theglobeandmail.com,d9jDlND,Birdie,Galiero
rsevior1g,rsevior1g@istockphoto.com,NKwqv7D8Bgm,Ruprecht,Sevior
vswinnerton1h,vswinnerton1h@umn.edu,OKHCuXonEeg0,Viola,Swinnerton
cmacconnulty1i,cmacconnulty1i@mozilla.org,X842TpyUY8,Caryl,MacConnulty
apicot1j,apicot1j@1und1.de,l3Syx1,Aldridge,Picot
tgascone1k,tgascone1k@harvard.edu,ksJtV93Af98Z,Tillie,Gascone
cgates1l,cgates1l@cnn.com,s0NOw1k69,Colan,Gates
pholyland1m,pholyland1m@redcross.org,B7izUxTI6ZM,Pat,Holyland
uwillcot1n,uwillcot1n@skype.com,4iaT7he2l,Ulrich,Willcot
bgiurio1o,bgiurio1o@home.pl,wxGESCbhc,Brina,Giurio
ccolchett1p,ccolchett1p@hubpages.com,i4cyDLHwR,Corette,Colchett
tsnarr1q,tsnarr1q@yahoo.co.jp,sYf0x8s8w,Tiffy,Snarr
sgillan1r,sgillan1r@adobe.com,Z8y1P5AuH,Sylvia,Gillan
mtwitchett1s,mtwitchett1s@narod.ru,8qo2fATENuuU,Millie,Twitchett
mmccafferky1t,mmccafferky1t@pen.io,I4HoheuqAT,Monika,McCafferky
mscannell1u,mscannell1u@desdev.cn,XNDfXOx,Myrle,Scannell
wfaldoe1v,wfaldoe1v@woothemes.com,YoqwU5WiZy,Wheeler,Faldoe
crafferty1w,crafferty1w@illinois.edu,pQuwqjjjE,Christin,Rafferty
wdredge1x,wdredge1x@redcross.org,IggH8jFk,Willey,Dredge
jmacdearmid1y,jmacdearmid1y@mac.com,YQieG8xI,Jeniece,MacDearmid
mroderigo1z,mroderigo1z@webeden.co.uk,NJq9Kx,Meggie,Roderigo
mhaddinton20,mhaddinton20@com.com,ZoLayqcSH3ep,Marcille,Haddinton
smelloi21,smelloi21@sourceforge.net,mDJzi0xV,Silvio,Melloi
bhuddy22,bhuddy22@ezinearticles.com,kUcNpkXMn4,Brigitta,Huddy
kmartelet23,kmartelet23@ucsd.edu,sBOgddO,Kameko,Martelet
chavenhand24,chavenhand24@intel.com,iwgNdXYgN6jh,Charita,Havenhand
dbranston25,dbranston25@sakura.ne.jp,4P2HSH34,Dorolice,Branston
skirsopp26,skirsopp26@ow.ly,T7GaMvopnZ,Sephira,Kirsopp
pgaukroger27,pgaukroger27@acquirethisname.com,ob5Cd15,Panchito,Gaukroger
tscopyn28,tscopyn28@admin.ch,BEdm7LTf1yp,Thurston,Scopyn
rmacgiollapheadair29,rmacgiollapheadair29@technorati.com,XvVuoSdU,Rosabel,MacGiolla Pheadair
lchastney2a,lchastney2a@yolasite.com,3tPQbkQ,Lisetta,Chastney
wruilton2b,wruilton2b@ocn.ne.jp,LCJLILF,Whittaker,Ruilton
ecapaldo2c,ecapaldo2c@devhub.com,65xKavH,Ernesta,Capaldo
celdrid2d,celdrid2d@wordpress.org,TcswzkFK,Corri,Eldrid
mcoat2e,mcoat2e@moonfruit.com,0z8TsbW,Monah,Coat
gbenediktsson2f,gbenediktsson2f@vinaora.com,uwMq3IA7x,Gaye,Benediktsson
sbreche2g,sbreche2g@usgs.gov,liM8kyx34LT,Sile,Breche
aviant2h,aviant2h@canalblog.com,vVqXoxSG,Annabelle,Viant
nmowson2i,nmowson2i@princeton.edu,yAR7kU,Neall,Mowson
hhockell2j,hhockell2j@newsvine.com,7A1oTs,Harmon,Hockell
ebamborough2k,ebamborough2k@goo.ne.jp,tNZqzx,Edik,Bamborough
fwain2l,fwain2l@patch.com,UhJYzDImoQXC,Frankie,Wain
clapadula2m,clapadula2m@cnet.com,UWjsvF,Cirillo,La Padula
msatterfitt2n,msatterfitt2n@yelp.com,vmTV7zpY3T0,Maximo,Satterfitt
lbridell2o,lbridell2o@tamu.edu,3fwALRJw,Lisetta,Bridell
kpalatino2p,kpalatino2p@github.io,XFfMoSwO,Kristyn,Palatino
eskittles2q,eskittles2q@ning.com,YPYvn8,Eleanora,Skittles
etetford2r,etetford2r@scientificamerican.com,UkDQbcmK,Ezekiel,Tetford
maskwith2s,maskwith2s@weebly.com,PYyHhPEUh,Marv,Askwith
dlassell2t,dlassell2t@fastcompany.com,pSGuy2z,Devi,Lassell
ynicholls2u,ynicholls2u@yellowpages.com,JQd6bYaL,Yardley,Nicholls
dodocherty2v,dodocherty2v@wix.com,sJPuCL1whk,Davey,O'Docherty
gmckinna2w,gmckinna2w@eepurl.com,M9hrAuankNS,Granny,McKinna
bchurchill2x,bchurchill2x@theglobeandmail.com,k9iznTqf,Benetta,Churchill
rposvner2y,rposvner2y@last.fm,bTf0tGZjY,Ramonda,Posvner
rsambells2z,rsambells2z@cornell.edu,6r2j4iDY,Ruben,Sambells
tmillar30,tmillar30@tripod.com,MbZhRn,Templeton,Millar
obertie31,obertie31@nationalgeographic.com,fDpaGP6E,Othilia,Bertie
hcurtain32,hcurtain32@smugmug.com,kKFwPOH,Harriot,Curtain
cmattam33,cmattam33@businessinsider.com,t6n2pbBSptF,Clifford,Mattam
hantushev34,hantushev34@360.cn,QakwFFC,Happy,Antushev
vjanjusevic35,vjanjusevic35@opera.com,AdOQKKla,Violetta,Janjusevic
agatlin36,agatlin36@webeden.co.uk,j2pMr0BhV,Aurea,Gatlin
strenholme37,strenholme37@hao123.com,aGAoVV3OYS,Sascha,Trenholme
sdavitashvili38,sdavitashvili38@indiatimes.com,hH34D2JXsPP,Sybille,Davitashvili
bdumblton39,bdumblton39@cisco.com,r0r9tWYjY,Basilio,Dumblton
sibbeson3a,sibbeson3a@squarespace.com,gXN4fiDzjt,Sarge,Ibbeson
cdungay3b,cdungay3b@fda.gov,SUXoMln,Cassandre,Dungay
kcarbonell3c,kcarbonell3c@un.org,aSIydHpC,Kerwin,Carbonell
illoydwilliams3d,illoydwilliams3d@rambler.ru,WXTXeFOepejQ,Iolanthe,Lloyd-Williams
jdorro3e,jdorro3e@forbes.com,fX7gr0Ho,Joelly,Dorro
rmortel3f,rmortel3f@elpais.com,WdGiXyN,Reggy,Mortel
rjura3g,rjura3g@slate.com,6gLLrUX,Ricki,Jura
ddeaves3h,ddeaves3h@cyberchimps.com,6MtWBY0SOyn9,Drugi,Deaves
okix3i,okix3i@symantec.com,LwYweMC1,Orrin,Kix
foutlaw3j,foutlaw3j@yellowpages.com,F6vP5n6yEw,Floyd,Outlaw
jthirst3k,jthirst3k@prweb.com,vxR7ClJYUHtd,Jonah,Thirst
enarrie3l,enarrie3l@noaa.gov,vvEH2XjXiO,Edythe,Narrie
berley3m,berley3m@blogspot.com,o5B4RYr,Borg,Erley
wworts3n,wworts3n@hud.gov,h4Lsf0URjFAk,Willi,Worts
enudd3o,enudd3o@unicef.org,aTpcKg,Ethelred,Nudd
edehooge3p,edehooge3p@de.vu,lP1nqBF,Edwin,De Hooge
jhutchason3q,jhutchason3q@oakley.com,EkOwnQsXEe7,Jacinta,Hutchason
cnapier3r,cnapier3r@comsenz.com,Ssbn5QnNb,Clo,Napier
sdunrige3s,sdunrige3s@spotify.com,8hXX4w83JEp,Sauveur,Dunrige
rvalintine3t,rvalintine3t@macromedia.com,kEJAWBv,Rem,Valintine
dlyons3u,dlyons3u@slashdot.org,Y3q20KTG,Danice,Lyons
tproudlove3v,tproudlove3v@github.com,Bsr23CkN2,Terrijo,Proudlove
cmclellan3w,cmclellan3w@goodreads.com,kgOGnzNQ,Casandra,McLellan
dglison3x,dglison3x@hao123.com,KHdCPe,Dana,Glison
echapelhow3y,echapelhow3y@domainmarket.com,niQWqZssO8,Edythe,Chapelhow
bjelly3z,bjelly3z@vistaprint.com,woWut9,Binnie,Jelly
thouchen40,thouchen40@sphinn.com,Qo5QA2JY,Temp,Houchen
dmelonby41,dmelonby41@theglobeandmail.com,bPNA28n7J,Deanne,Melonby
hfransemai42,hfransemai42@spiegel.de,hSZrVRf,Hazlett,Fransemai
qlittledyke43,qlittledyke43@sogou.com,4ACZVqgpoSw3,Quentin,Littledyke
ghuguenet44,ghuguenet44@woothemes.com,d5OX2e2csk,Gage,Huguenet
jbelhomme45,jbelhomme45@ifeng.com,BKDqFbIO,Jodie,Belhomme
jsprason46,jsprason46@dell.com,YZSWmqh,Jeannette,Sprason
kzellmer47,kzellmer47@sbwire.com,SXsCN7kX4,Kristy,Zellmer
pheliot48,pheliot48@pagesperso-orange.fr,xA6GQLvn,Pierson,Heliot
okean49,okean49@reference.com,rhzRuNUWIy2,Olympia,Kean
schilcott4a,schilcott4a@tumblr.com,NCzv5BxgP8Sb,Shelagh,Chilcott
rbland4b,rbland4b@wunderground.com,aTvGpSfO,Rafael,Bland
jswatman4c,jswatman4c@fda.gov,B45WbGn1W5I,Jaquelyn,Swatman
mmewes4d,mmewes4d@1688.com,WsQgow3,Maryann,Mewes
rhearn4e,rhearn4e@stanford.edu,WmKZfaL,Rosene,Hearn
jgrant4f,jgrant4f@instagram.com,gyu2eUBky,Jacinta,Grant
gholbie4g,gholbie4g@addthis.com,CChZPJ2W,Gilburt,Holbie
bmawer4h,bmawer4h@stanford.edu,CVgqXOla,Brenda,Mawer
asaturley4i,asaturley4i@washingtonpost.com,atuPPTQb,Ashlin,Saturley
avankin4j,avankin4j@quantcast.com,LPSW33C1fX,Ardene,Vankin
psodeau4k,psodeau4k@flavors.me,slVVqlN,Percy,Sodeau
adavydochkin4l,adavydochkin4l@imageshack.us,GaQkqlR1,Alexandra,Davydochkin
agergus4m,agergus4m@time.com,Twbq4dtyd,Andriana,Gergus
jheffernon4n,jheffernon4n@soup.io,vWvwhb3,Jock,Heffernon
dspreckley4o,dspreckley4o@sina.com.cn,wBHbXSAa7tZ,Danyelle,Spreckley
bpounder4p,bpounder4p@ibm.com,hqZUbikgxCNn,Bradan,Pounder
azanre4q,azanre4q@yelp.com,h4CCUiLelq0,Aldin,Zanre
ncrates4r,ncrates4r@simplemachines.org,4hmRfFkqi,Nikaniki,Crates
jfenby4s,jfenby4s@discovery.com,SXVJeo,Jodi,Fenby
yfareweather4t,yfareweather4t@earthlink.net,KluBU0S4p,Ynes,Fareweather
bvasiliu4u,bvasiliu4u@ifeng.com,yj92dAKjVzX,Bartolomeo,Vasiliu
thynam4v,thynam4v@sina.com.cn,aS58iyFQYliy,Tucker,Hynam
kboick4w,kboick4w@blogtalkradio.com,4yd7NYYlkY,Kendal,Boick
atrillo4x,atrillo4x@tripod.com,UhKg4a,Abel,Trillo
mmccrory4y,mmccrory4y@google.de,XvVKzsQ0SuFy,Marylou,McCrory
rwroe4z,rwroe4z@techcrunch.com,oiTaZNe,Roldan,Wroe
slubman50,slubman50@cmu.edu,lVPsGO5,Saleem,Lubman
ealeswell51,ealeswell51@edublogs.org,pa0B2Q2,Emory,Aleswell
tjudkin52,tjudkin52@usatoday.com,VhUfTkjR86wK,Ted,Judkin
sjirak53,sjirak53@europa.eu,ZjuXFp,Sebastien,Jirak
lscrancher54,lscrancher54@storify.com,ExmWEpD,Linnell,Scrancher
cfeasby55,cfeasby55@ted.com,gmKr8FLkP0,Clareta,Feasby
sbrilon56,sbrilon56@livejournal.com,YruiIC4,Sandie,Brilon
omalkin57,omalkin57@google.com.hk,tlFgVQfXqlq6,Olvan,Malkin
hhutchence58,hhutchence58@linkedin.com,SwxiqbGnek,Holden,Hutchence
lbarca59,lbarca59@naver.com,j7AMxS8QHZk,Les,Barca
kdongate5a,kdongate5a@blogs.com,BmV3fNIBh,Kingsley,Dongate
ijiroutek5b,ijiroutek5b@tripod.com,IHqfd0kXxi,Ida,Jiroutek
podornan5c,podornan5c@networkadvertising.org,N1gyO0cN7VGa,Parsifal,O' Dornan
alawford5d,alawford5d@jalbum.net,bG0JjUTp4,Augusto,Lawford
jiacivelli5e,jiacivelli5e@merriam-webster.com,JI10KZyfhFq,Jud,Iacivelli
zblazek5f,zblazek5f@ezinearticles.com,Vrzkn7RYk,Zachery,Blazek
rcorby5g,rcorby5g@ucoz.ru,TwahN5xSsSE,Ruben,Corby
jfilgate5h,jfilgate5h@delicious.com,kZfS5iT5OH,Jefferson,Filgate
imalan5i,imalan5i@kickstarter.com,SnDqWbIaf,Ivy,Malan
ichiverstone5j,ichiverstone5j@sina.com.cn,bn6Yjej,Inna,Chiverstone
aornelas5k,aornelas5k@gravatar.com,QFQreyDP,Antonino,Ornelas
dpeyro5l,dpeyro5l@ucsd.edu,rMW2xcgUnav,Darb,Peyro
rantoniewicz5m,rantoniewicz5m@devhub.com,6wqja8,Rabbi,Antoniewicz
gpichan5n,gpichan5n@techcrunch.com,Rr5KIkYDDu6,Garwood,Pichan
edriscoll5o,edriscoll5o@cisco.com,uYNR0NL,Erinna,Driscoll
wwilletts5p,wwilletts5p@slate.com,iCmeym,Ward,Willetts
jkordova5q,jkordova5q@comsenz.com,nAw0CB,Jenny,Kordova
sbrimson5r,sbrimson5r@naver.com,iBXQ1LzpDad,Stanton,Brimson
nhorwell5s,nhorwell5s@theguardian.com,V0CPqg5TiZ,Norton,Horwell
aswanger5t,aswanger5t@census.gov,juGdDKBwDT,Alister,Swanger
cduffet5u,cduffet5u@nifty.com,SKlggg7,Clementina,Duffet
iyurocjhin5v,iyurocjhin5v@umich.edu,INdYL7hH,Inga,Yurocjhin
cmullenger5w,cmullenger5w@imageshack.us,qNfsKHsLMR,Corny,Mullenger
landrelli5x,landrelli5x@auda.org.au,Mda5Cyw66S0,Lindsy,Andrelli
rallworthy5y,rallworthy5y@tinyurl.com,IfeUbiZF,Ruthie,Allworthy
vsimester5z,vsimester5z@hao123.com,0rQs4ZYY8m,Vivia,Simester
zbartot60,zbartot60@arstechnica.com,TSiOMm,Zerk,Bartot
asimla61,asimla61@netlog.com,YZXHjEC,Abba,Simla
kborris62,kborris62@parallels.com,TcQwKHL,Kayne,Borris
wkerry63,wkerry63@auda.org.au,zIgcQk8WpRis,Whitney,Kerry
pmeale64,pmeale64@washington.edu,KD4m7aemQf4c,Pearce,Meale
bdegregorio65,bdegregorio65@cnn.com,SoWmBTs,Barron,De Gregorio
kbrokenshaw66,kbrokenshaw66@bravesites.com,t7xX8Ryf,Kerstin,Brokenshaw
cstepto67,cstepto67@huffingtonpost.com,Ddm6ryzdt,Candra,Stepto
gklima68,gklima68@wunderground.com,BbQwCQSt4aw2,Gabriello,Klima
mmccard69,mmccard69@opensource.org,wgl7KzobwOy,Manolo,McCard
dswindlehurst6a,dswindlehurst6a@fastcompany.com,28RvBW,Dario,Swindlehurst
vrodenhurst6b,vrodenhurst6b@naver.com,h4TffgosQBX,Vachel,Rodenhurst
agibbard6c,agibbard6c@army.mil,S4o94v60,Adamo,Gibbard
gbeadell6d,gbeadell6d@usda.gov,oQtoiF,Gustie,Beadell
pcanedo6e,pcanedo6e@tuttocitta.it,a8awGE,Pearce,Canedo
gdooland6f,gdooland6f@nytimes.com,OBXILqKtakXO,Genni,Dooland
aposten6g,aposten6g@thetimes.co.uk,QNmgAaAh,Arvin,Posten
tnorman6h,tnorman6h@prweb.com,PlRU1A,Truda,Norman
jtribell6i,jtribell6i@examiner.com,ieoAOcMop,Juana,Tribell
lcrusham6j,lcrusham6j@businesswire.com,8OmbrpR7w9TK,Levon,Crusham
mcrookall6k,mcrookall6k@state.gov,VGcbDMQU9S,Marjory,Crookall
wpurry6l,wpurry6l@yahoo.co.jp,RVpPc1h,Winni,Purry
fmacsporran6m,fmacsporran6m@omniture.com,EQPqCCZZVz,Farris,MacSporran
lfontel6n,lfontel6n@intel.com,7P27Nz4I,Libby,Fontel
frewan6o,frewan6o@home.pl,jnCNAJNp2Y,Fern,Rewan
dstute6p,dstute6p@wunderground.com,SZeIbf,Dacey,Stute
hvaisey6q,hvaisey6q@hubpages.com,jzCujtAK,Horton,Vaisey
csmither6r,csmither6r@mysql.com,2rgysDUXst74,Cacilie,Smither
yyakolev6s,yyakolev6s@vk.com,STwiNJQB,Yale,Yakolev
ematterdace6t,ematterdace6t@forbes.com,TjumgOtE,Emelita,Matterdace
abernardoux6u,abernardoux6u@sohu.com,MWBkMQOIu7,Archaimbaud,Bernardoux
skalinsky6v,skalinsky6v@nydailynews.com,fpyws1js5LPT,Sharona,Kalinsky
mbeckenham6w,mbeckenham6w@wordpress.org,nIkv0U7V,Marinna,Beckenham
schatain6x,schatain6x@redcross.org,erMsu4UHBy,Sandie,Chatain
smillichap6y,smillichap6y@1und1.de,97Imio9CCG,Sarge,Millichap
gcloke6z,gcloke6z@angelfire.com,SgKuk6hV,Germaine,Cloke
frobelow70,frobelow70@mapquest.com,ZNw01bm67CL,Franz,Robelow
dinkin71,dinkin71@hexun.com,r3j9JQA,Dorothee,Inkin
bdarrach72,bdarrach72@google.com.au,HTIky1zNsr,Bastian,Darrach
sburle73,sburle73@google.cn,aJNXxm3,Storm,Burle
ttoler74,ttoler74@ovh.net,ZGagmkEp,Temple,Toler
epalfreyman75,epalfreyman75@list-manage.com,5GDVm2uNBT,Essy,Palfreyman
lschiefersten76,lschiefersten76@eepurl.com,EeaSB1KyNK8j,Lanie,Schiefersten
esimonutti77,esimonutti77@engadget.com,mm4oLVcMB,Evin,Simonutti
ffaraker78,ffaraker78@google.de,k9aAvZsBR,Farrand,Faraker
ljarman79,ljarman79@delicious.com,NATAOT,Lesya,Jarman
jbennis7a,jbennis7a@ucoz.com,TU1wZPjwl9L,Jodi,Bennis
msuthren7b,msuthren7b@mediafire.com,4RCKnYn,Marcile,Suthren
hwormstone7c,hwormstone7c@apple.com,sFJkjlW22R,Hardy,Wormstone
dhofler7d,dhofler7d@taobao.com,KfeU2XuJ,Derek,Hofler
gsagg7e,gsagg7e@skyrock.com,e9FxfgxO,Graehme,Sagg
skleinhaus7f,skleinhaus7f@de.vu,VNSkcgiBsi,Shir,Kleinhaus
amacrory7g,amacrory7g@cocolog-nifty.com,7wmDGc2KaYOR,Arnuad,MacRory
gbrunnstein7h,gbrunnstein7h@washington.edu,dRa7V4kY,Giraldo,Brunnstein
vharteley7i,vharteley7i@ibm.com,7FYPze,Valentia,Harteley
ghabble7j,ghabble7j@rediff.com,Xxl57T242ljJ,Grant,Habble
sduval7k,sduval7k@twitter.com,IqKi2X,Sean,Duval
astoop7l,astoop7l@lycos.com,glMVSqok2N,Ahmad,Stoop
pjakolevitch7m,pjakolevitch7m@vkontakte.ru,YqtNiPNBHZA0,Patty,Jakolevitch
ksetch7n,ksetch7n@arstechnica.com,VEuiXf,Kendal,Setch
msiveter7o,msiveter7o@google.ru,7C7kD2u,Merry,Siveter
kshepperd7p,kshepperd7p@nasa.gov,duuV4uYcTD6,Kristoffer,Shepperd
cteare7q,cteare7q@arstechnica.com,PQpEYu2eG60,Carlina,Teare
dkennler7r,dkennler7r@csmonitor.com,qF9GwlXyC,Damita,Kennler
gcrook7s,gcrook7s@gov.uk,EOO2N7,Gardie,Crook
cblades7t,cblades7t@i2i.jp,GfV820EZs7,Clemmie,Blades
ndumini7u,ndumini7u@mapy.cz,hSMnl9HcqS,Nanete,Dumini
tmuehle7v,tmuehle7v@oakley.com,snyJHaWtwMLD,Tome,Muehle
mmcentegart7w,mmcentegart7w@4shared.com,6KBhzdFYV,Mellicent,McEntegart
rgerdts7x,rgerdts7x@nymag.com,5yYBVrbi,Reese,Gerdts
fshitliffe7y,fshitliffe7y@blogtalkradio.com,0uc52erP,Fergus,Shitliffe
kbradfield7z,kbradfield7z@nba.com,6u4ocOL3eCg,Kayle,Bradfield
hcregg80,hcregg80@cnbc.com,MA7UBrYVlt,Huberto,Cregg
etuplin81,etuplin81@jugem.jp,go1PKWpHlTN,Edvard,Tuplin
nislep82,nislep82@msn.com,jbRrCzk,Nari,Islep
dchansonnau83,dchansonnau83@timesonline.co.uk,NgZTwdLPH5,Daffi,Chansonnau
vjacquest84,vjacquest84@bravesites.com,PDSQxgBT51p1,Vidovik,Jacquest
cshemmans85,cshemmans85@answers.com,KxtC317Ze4h1,Cacilia,Shemmans
gradbone86,gradbone86@youtube.com,xzY4UkmZFl,Gusti,Radbone
dledson87,dledson87@guardian.co.uk,7AbQbGEZzf,Desmond,Ledson
sbarrett88,sbarrett88@google.fr,rYBzHCMLN,Sylvester,Barrett
mboys89,mboys89@sciencedaily.com,cUZEAthzP1r,Merilyn,Boys
blanchbery8a,blanchbery8a@youtu.be,BgSPHC6nbc,Beauregard,Lanchbery
jjebb8b,jjebb8b@hp.com,uEbJbe8o1bqj,Jone,Jebb
mrochell8c,mrochell8c@blogger.com,yZzeoQA,Melody,Rochell
cmyrie8d,cmyrie8d@mlb.com,tItdlH,Caterina,Myrie
gthurman8e,gthurman8e@ocn.ne.jp,YP37MUOkGy,Gabrila,Thurman
sralls8f,sralls8f@dyndns.org,G8DdHXzyGT51,Stuart,Ralls
gdmitrichenko8g,gdmitrichenko8g@dailymail.co.uk,pwLx1kW,Gerianna,Dmitrichenko
waasaf8h,waasaf8h@bing.com,7oQCdsOrfN,Wash,Aasaf
ascottini8i,ascottini8i@opensource.org,7L1t5ou5a1P,Abelard,Scottini
ochoppin8j,ochoppin8j@gnu.org,MK6eHnZ41TBn,Orel,Choppin
lwherry8k,lwherry8k@infoseek.co.jp,JE3Zbg15Ji,Linnea,Wherry
kwhale8l,kwhale8l@rakuten.co.jp,FAkGGWa67a,Keslie,Whale
mkernocke8m,mkernocke8m@angelfire.com,aj3KD7,Maressa,Kernocke
dbanister8n,dbanister8n@ycombinator.com,x9RuadF,Dmitri,Banister
eremon8o,eremon8o@netlog.com,pwSOB0xbFYXZ,Eben,Remon
ggracey8p,ggracey8p@php.net,Ydo9Hs3q,Georgia,Gracey
mdenington8q,mdenington8q@slashdot.org,nPKOKD4sH4Qr,Melisse,Denington
dwoodfield8r,dwoodfield8r@wufoo.com,3KextPCr8FWc,Darill,Woodfield
jjuszkiewicz8s,jjuszkiewicz8s@accuweather.com,b4Llk0tWwXC5,Jessy,Juszkiewicz
uouldcott8t,uouldcott8t@mapy.cz,IkrlUn,Urbain,Ouldcott
efechnie8u,efechnie8u@mac.com,tyDY4m5hcc8x,Eveline,Fechnie
bnassi8v,bnassi8v@flavors.me,0HxbEmW,Brendin,Nassi
hlindop8w,hlindop8w@answers.com,o58U7gvFV,Heindrick,Lindop
jgeelan8x,jgeelan8x@desdev.cn,wgBR2hxk,Jami,Geelan
stranfield8y,stranfield8y@google.co.uk,Q3fL6JcN,Stanislas,Tranfield
gscocroft8z,gscocroft8z@ameblo.jp,HLo9SJ,Glad,Scocroft
bupham90,bupham90@ihg.com,IHsJDDsM0V7,Byrom,Upham
gclutterbuck91,gclutterbuck91@wisc.edu,qz0GcJ7va6o,Gill,Clutterbuck
pdeverson92,pdeverson92@geocities.jp,zzrua1,Patrica,de Verson
shouchin93,shouchin93@ucoz.com,a4X3Jn,Stillman,Houchin
adutt94,adutt94@nps.gov,ZWgKbpL,Almire,Dutt
tcamm95,tcamm95@gmpg.org,D0EI75rAgIN,Trixie,Camm
cbeeho96,cbeeho96@opera.com,DTpM7u,Cami,Beeho
sashfield97,sashfield97@nyu.edu,ijiINdk,Sauncho,Ashfield
kdaingerfield98,kdaingerfield98@ucla.edu,JVVEyV,Kare,Daingerfield
cstobbie99,cstobbie99@newyorker.com,gd6VOHL07yG,Cosetta,Stobbie
gjanak9a,gjanak9a@omniture.com,B5mzzx,Glynnis,Janak
ajermy9b,ajermy9b@hostgator.com,TsatDWPMO8,Archer,Jermy
gplaschke9c,gplaschke9c@upenn.edu,LFiFyA6eNl,Gordy,Plaschke
nudy9d,nudy9d@japanpost.jp,ZAsOvLj,Natty,Udy
nwedgbrow9e,nwedgbrow9e@oracle.com,INU7TiiD,Nancie,Wedgbrow
ccollum9f,ccollum9f@springer.com,mbtYjN,Cally,Collum
rmorrowe9g,rmorrowe9g@miibeian.gov.cn,2YsjSoMBggRQ,Roana,Morrowe
nmckitterick9h,nmckitterick9h@boston.com,GLocgmNfLS,Nappie,McKitterick
hstoner9i,hstoner9i@histats.com,LroNj6x,Hillier,Stoner
abythway9j,abythway9j@elpais.com,T8Ip14bjE2,Antonina,Bythway
jbartolomeotti9k,jbartolomeotti9k@google.nl,elpwlsJk,Jerri,Bartolomeotti
mleverton9l,mleverton9l@gnu.org,c3Gw0KfRRXV,Margarita,Leverton
gcunney9m,gcunney9m@gov.uk,EDUjpfda0wb,Geordie,Cunney
tcokely9n,tcokely9n@about.com,XpDkyMHf3p,Tuckie,Cokely
vlamanby9o,vlamanby9o@craigslist.org,zUYUkso3EG,Vernor,Lamanby
klinfoot9p,klinfoot9p@va.gov,hB45YVe,Ketty,Linfoot
tdurkin9q,tdurkin9q@eventbrite.com,zz65p9Xs3Y,Terence,Durkin
gjaskowicz9r,gjaskowicz9r@statcounter.com,8WAGaakC9,Gordon,Jaskowicz
kvolker9s,kvolker9s@loc.gov,YqoFVfxLVy8k,Karoly,Volker
eberre9t,eberre9t@bloglovin.com,zEyKkFOlxAtI,Estelle,Berre
ghousecroft9u,ghousecroft9u@trellian.com,y33MzRiu0,Gallard,Housecroft
cfursland9v,cfursland9v@mozilla.com,sJ6Tvw0npiy,Clarice,Fursland
mruslin9w,mruslin9w@si.edu,e2kzpQNx,Moyna,Ruslin
gigo9x,gigo9x@wikimedia.org,RFbCjej4,Geralda,Igo
geuesden9y,geuesden9y@tmall.com,Y02tqBFeqrNq,Gertrude,Euesden
rdavoren9z,rdavoren9z@myspace.com,KjL2DdMuh,Rowney,Davoren
cdenekampa0,cdenekampa0@mtv.com,P3XYhnnJ,Codie,Denekamp
gebbsa1,gebbsa1@twitter.com,nc6V6vBHjt,Gussie,Ebbs
hbondsa2,hbondsa2@about.me,h6CT37gw,Hephzibah,Bonds
ateggina3,ateggina3@slideshare.net,JsTHbI,Addy,Teggin
dfeeherya4,dfeeherya4@elegantthemes.com,lBJaZmO,Douglass,Feehery
nquoita5,nquoita5@sohu.com,2eR5gEj1b7,Natalee,Quoit
gfrancklina6,gfrancklina6@paginegialle.it,nPtf4Nh4wu,Giorgia,Francklin
bgervaisea7,bgervaisea7@va.gov,o6QpMva,Bobbie,Gervaise
mcrummeya8,mcrummeya8@youtu.be,s3OmFEYl,Mirna,Crummey
tcheversa9,tcheversa9@ed.gov,FRe44AeGJyrR,Therese,Chevers
glilesaa,glilesaa@acquirethisname.com,WsdCxS,Gran,Liles
acowlandab,acowlandab@bravesites.com,KdL9vxMejTw,Abra,Cowland
ekilpatrickac,ekilpatrickac@4shared.com,qpKpMX,Edmund,Kilpatrick
miacovucciad,miacovucciad@altervista.org,uQTPBGAOAn0,Margret,Iacovucci
ostiffae,ostiffae@people.com.cn,P8yzPmfSYQQJ,Ogdon,Stiff
ajacquotaf,ajacquotaf@baidu.com,Pho018bHmPiO,Annecorinne,Jacquot
krougierag,krougierag@java.com,otsC6g,King,Rougier
sdallossoah,sdallossoah@eepurl.com,3pFlByE7XV,Sean,Dallosso
acrowdsonai,acrowdsonai@de.vu,YkOi44Ubr,Annissa,Crowdson
sjakoubaj,sjakoubaj@elegantthemes.com,g0CR9L04fs,Selinda,Jakoub
mpeacockak,mpeacockak@census.gov,2Oplne,Marguerite,Peacock
pcotelardal,pcotelardal@telegraph.co.uk,1zh7bPa5,Peyter,Cotelard
rwyllisam,rwyllisam@chron.com,U6mkU7mu,Ramon,Wyllis
agostallan,agostallan@si.edu,DGzBfoM5n,Anya,Gostall
mboatrightao,mboatrightao@php.net,XCTtJ0DBAC5A,Marcelline,Boatright
acoultap,acoultap@imageshack.us,Al0KSfmS,Ari,Coult
pdaburnaq,pdaburnaq@homestead.com,ZU0a9CO,Pinchas,Daburn
gvandecastelear,gvandecastelear@harvard.edu,J3vyQH,Gonzales,Van de Castele
wgreatreaxas,wgreatreaxas@free.fr,Nh9Qfx4zWbg0,Woodman,Greatreax
nhabershonat,nhabershonat@weather.com,aawT4qY,Nathanial,Habershon
mgarrochau,mgarrochau@squarespace.com,vIpqztjgR,Michal,Garroch
mmyfordav,mmyfordav@bbb.org,lrylmrqPQ0J,Maurice,Myford
kburchessaw,kburchessaw@stumbleupon.com,atYCyUs,Kristina,Burchess
kickovicax,kickovicax@github.io,UNWMukbn,Kesley,Ickovic
dfechnieay,dfechnieay@fc2.com,SAsc7K,Drucill,Fechnie
wtabbernoraz,wtabbernoraz@comcast.net,nzVVXO,Waldemar,Tabbernor
sorhrtb0,sorhrtb0@baidu.com,w8EnN4MjmF,Sella,Orhrt
ccorradeschib1,ccorradeschib1@amazon.co.uk,68UXUp,Clifford,Corradeschi
mgorgenb2,mgorgenb2@w3.org,u8QpcuK8W,Merridie,Gorgen
mortellb3,mortellb3@google.nl,v9agdl,Mose,Ortell
asisnettb4,asisnettb4@technorati.com,CXx5grbqFyy,Arthur,Sisnett
sheineb5,sheineb5@webs.com,fkCmO3QOX,Salvador,Heine
pdumelowb6,pdumelowb6@shutterfly.com,esttYmq9mSd6,Page,Dumelow
ygehringerb7,ygehringerb7@themeforest.net,yfxAmsp,Yul,Gehringer
krainsb8,krainsb8@hud.gov,vv0B22Q,Kincaid,Rains
ncamingsb9,ncamingsb9@google.ru,13X9pd,Nedi,Camings
skemetzba,skemetzba@paginegialle.it,kk2EHD19M,Sidonnie,Kemetz
rbazochebb,rbazochebb@symantec.com,5wJiqKZdwxh,Roselin,Bazoche
dchamneybc,dchamneybc@bizjournals.com,AenZ7lU9,Davon,Chamney
mjosselsohnbd,mjosselsohnbd@nps.gov,NxEkQF6End,Mill,Josselsohn
nblaaschbe,nblaaschbe@bravesites.com,vPs0wKDGW,Norby,Blaasch
mrissenbf,mrissenbf@icq.com,4JA1LQ0eHQDm,Matteo,Rissen
wnarramorbg,wnarramorbg@cornell.edu,TvIdCpVbNYn,Worthy,Narramor
hmaruskabh,hmaruskabh@upenn.edu,AZXoh0RRkV,Hiram,Maruska
jhaggarbi,jhaggarbi@nature.com,MQuWMTzpVW,Joseito,Haggar
jbaskeyfiedbj,jbaskeyfiedbj@imdb.com,6pu7Bb3,Jeffry,Baskeyfied
holdalebk,holdalebk@spotify.com,EkuUHYXC98i,Hilton,Oldale
lkahenbl,lkahenbl@bing.com,eAcpoczTP,Lev,Kahen
adollingbm,adollingbm@tinypic.com,Ht2vvrease,Amaleta,Dolling
squaintonbn,squaintonbn@yellowpages.com,GYfMjMRHt,Shandie,Quainton
vcasacciobo,vcasacciobo@tumblr.com,NbnF9vPN,Valdemar,Casaccio
rkleinsmuntzbp,rkleinsmuntzbp@yahoo.co.jp,kyfHkLQr,Ronalda,Kleinsmuntz
mchomleybq,mchomleybq@usgs.gov,aOz0SR79ei,Milo,Chomley
nlimprichtbr,nlimprichtbr@prweb.com,5RQMCu,Nana,Limpricht
clownsbroughbs,clownsbroughbs@flickr.com,YHtahvcp,Cassi,Lownsbrough
tlippattbt,tlippattbt@rediff.com,bVkYw2,Tait,Lippatt
tloxtonbu,tloxtonbu@unc.edu,ciZD94P5,Teodorico,Loxton
bcarnelleybv,bcarnelleybv@surveymonkey.com,riwBBVwZ,Bert,Carnelley
jashnessbw,jashnessbw@unesco.org,P4ijyhpW,Jade,Ashness
thoulahanbx,thoulahanbx@ucoz.com,u504U4t5SMK,Tasia,Houlahan
dgavaranby,dgavaranby@cargocollective.com,0qc5dfMJ,Deeyn,Gavaran
hskepbz,hskepbz@sogou.com,kx5nDlNF,Hilliard,Skep
adockrellc0,adockrellc0@answers.com,EsFkPAx,Ara,Dockrell
mcuttlesc1,mcuttlesc1@gizmodo.com,ai7kJ9PTyjC,Meryl,Cuttles
lgunneyc2,lgunneyc2@sun.com,v6wI4x8SVov,Lisbeth,Gunney
nthistletonc3,nthistletonc3@ovh.net,wh7eRqP,Nat,Thistleton
mgebbyc4,mgebbyc4@fotki.com,YULhJ5,Milli,Gebby
wrudwellc5,wrudwellc5@e-recht24.de,9U72fjVWr,Wildon,Rudwell
jchaplync6,jchaplync6@netscape.com,WxjPQ06Mh,Jeanne,Chaplyn
btracyc7,btracyc7@mayoclinic.com,p8mL8qndq,Booth,Tracy
nmansellc8,nmansellc8@blinklist.com,EooDdIMLIZ9,Noell,Mansell
rratkec9,rratkec9@odnoklassniki.ru,SacP3h9hCg,Rosella,Ratke
lfewca,lfewca@cargocollective.com,ji86Lg,Ludovico,Few
cdrakecb,cdrakecb@pcworld.com,gKGlkRWGq,Charlena,Drake
scarrellcc,scarrellcc@creativecommons.org,0SFVnjAI,Seward,Carrell
kveritycd,kveritycd@typepad.com,JeDZjEwf,Kelsi,Verity
minskippce,minskippce@macromedia.com,SRqG5Ubad,Moria,Inskipp
adummercf,adummercf@bloglines.com,VNPiuQRK5wWJ,Arvin,Dummer
lshimmincg,lshimmincg@prlog.org,k7zw2bix3,Luelle,Shimmin
milievech,milievech@smh.com.au,Oup2Tu1dk,Mitzi,Ilieve
dhansillci,dhansillci@netlog.com,qwQ2C9DFF,Daphne,Hansill
cbaroccj,cbaroccj@ibm.com,Z1fIB7B,Carlee,Baroc
vsteersck,vsteersck@omniture.com,EM5pbs,Venita,Steers
egariecl,egariecl@bravesites.com,95u24EO,Evelin,Garie
mmackneiscm,mmackneiscm@mail.ru,HMgtApj2dI,Merrie,Mackneis
mchidgeycn,mchidgeycn@businessweek.com,Nus2sc2XSN7x,Mollie,Chidgey
rstanyardco,rstanyardco@angelfire.com,dL3wiJ7,Rudyard,Stanyard
fgalsworthycp,fgalsworthycp@cafepress.com,dxeY7zuTvyD,Fanchon,Galsworthy
losheacq,losheacq@issuu.com,aGgPCnjd8t,Lulita,O' Shea
sdarrelcr,sdarrelcr@so-net.ne.jp,D8uXtmaV7,Sofia,Darrel
vriccardocs,vriccardocs@craigslist.org,4PesuFN9C2,Vick,Riccardo
msimpkinct,msimpkinct@microsoft.com,BIbjc6,Mirabella,Simpkin
acliffecu,acliffecu@un.org,T2qY3rLOS,Anabal,Cliffe
loryscv,loryscv@washingtonpost.com,NS1qjPSyHyvQ,Laurens,Orys
ldulincw,ldulincw@4shared.com,8lfTZ6KlPn,Luis,Dulin
broebuckcx,broebuckcx@hp.com,BPgnkpzU2,Bobby,Roebuck
wtophamcy,wtophamcy@virginia.edu,gECr6nE,Waylon,Topham
abartencz,abartencz@topsy.com,Dho1ELRCJ,Austin,Barten
hgilstound0,hgilstound0@sogou.com,uXCBbE,Henry,Gilstoun
gaslumd1,gaslumd1@mapquest.com,vizmvFSfcRs,Gibb,Aslum
cempsond2,cempsond2@npr.org,kwcnvEku,Cristobal,Empson
cpratid3,cpratid3@cocolog-nifty.com,4XSPrzZg,Coriss,Prati
homard4,homard4@techcrunch.com,9ey9voBm,Holly-anne,Omar
pcalafated5,pcalafated5@surveymonkey.com,Nlls2T9BLDC,Powell,Calafate
rlimpertzd6,rlimpertzd6@google.co.uk,PBejFLZm,Ruthy,Limpertz
hboted7,hboted7@tumblr.com,4VmefE,Humfrid,Bote
elayingd8,elayingd8@google.ru,WmUmBNw,Erna,Laying
gbransbyd9,gbransbyd9@naver.com,tyfWKQ,Ginevra,Bransby
kfiloniereda,kfiloniereda@washington.edu,j1IfBOMRoONn,Kessiah,Filoniere
kslarkedb,kslarkedb@ihg.com,N2yU5KKW1,Kelby,Slarke
jfeydc,jfeydc@list-manage.com,WoTG4Q,Junette,Fey
dcurtaynedd,dcurtaynedd@trellian.com,NiFoVb,Dionisio,Curtayne
srudingerde,srudingerde@mediafire.com,O8YiJ9egHT,Sonny,Rudinger
ldanilyukdf,ldanilyukdf@google.com.au,r0qzuLcK,Linoel,Danilyuk
bjindrichdg,bjindrichdg@sina.com.cn,EcQYmNEy,Brander,Jindrich
hkohrdingdh,hkohrdingdh@latimes.com,hTmg12,Heall,Kohrding
amulvennadi,amulvennadi@baidu.com,5DdQQ3mI6EI,Alix,Mulvenna
cvedenyakindj,cvedenyakindj@earthlink.net,jC2RaBHVAxD,Curcio,Vedenyakin
hstuckesdk,hstuckesdk@ebay.com,m6EsDjF,Halie,Stuckes
gbriknerdl,gbriknerdl@google.it,OiVjRYW0,Gypsy,Brikner
kyellowleydm,kyellowleydm@sakura.ne.jp,GcHIr7VC0,Kelsy,Yellowley
dtumberdn,dtumberdn@squidoo.com,K213F92,Dame,Tumber
jbrackendo,jbrackendo@chronoengine.com,MmCFNbpM,Jena,Bracken
todunneendp,todunneendp@census.gov,CQRUdXHWAB7E,Timothy,O'Dunneen
lwheaterdq,lwheaterdq@pcworld.com,nAZ9ITyG,Laurette,Wheater
eeldondr,eeldondr@fastcompany.com,HBwvVIqAO,Elnore,Eldon
pvasnevds,pvasnevds@illinois.edu,W3gjNHdj5,Prentice,Vasnev
gmarchellidt,gmarchellidt@slate.com,aosDQorqxXVG,Gallard,Marchelli
mimpydu,mimpydu@kickstarter.com,aVJjSe8df,Margi,Impy
akubiakdv,akubiakdv@ed.gov,QJkwwiMvjD,Agnola,Kubiak
gkinnairddw,gkinnairddw@netlog.com,AC7mec0g,Gussy,Kinnaird
kcarlesidx,kcarlesidx@goodreads.com,CP065uUmO,Kathie,Carlesi
jtommasidy,jtommasidy@sakura.ne.jp,bKw8ihb,Jaquelyn,Tommasi
mguinnessdz,mguinnessdz@nps.gov,WOrCf2PwV1,Mohandas,Guinness
dstimpsone0,dstimpsone0@gnu.org,CRM5wyN3,Dulci,Stimpson
bbonevante1,bbonevante1@printfriendly.com,D2ZytUjct8d,Bruis,Bonevant
hatlaye2,hatlaye2@hp.com,B7k8BK,Hillary,Atlay
bitzhakie3,bitzhakie3@skype.com,ruuf0XOmBLm,Bartlet,Itzhaki
gschwiesoe4,gschwiesoe4@youku.com,dZZ6sKP,Gabrila,Schwieso
zfeatherstonee5,zfeatherstonee5@vk.com,BUla1JHYi,Zach,Featherstone
dgoodiere6,dgoodiere6@discovery.com,NJh0cG,Dynah,Goodier
ishiere7,ishiere7@buzzfeed.com,TaAkI1hhAH5C,Ignacio,Shier
rmcintoshe8,rmcintoshe8@businesswire.com,PzNtFa7dco,Riva,McIntosh
ikloisnere9,ikloisnere9@blogs.com,oulNBlPo9K,Israel,Kloisner
lhanmoreea,lhanmoreea@java.com,Fkhlugow4ky,Lettie,Hanmore
emctrusteyeb,emctrusteyeb@zimbio.com,p6eoeXC7Zh,Elijah,McTrustey
bhavelinec,bhavelinec@diigo.com,LUlIWvb,Bunni,Havelin
ksurgenored,ksurgenored@wix.com,nCO1K2jn,Kylie,Surgenor
ppietruszkaee,ppietruszkaee@prlog.org,6IozJ3uWnK,Pavla,Pietruszka
rdaveleyef,rdaveleyef@walmart.com,1BQa8agArfCj,Raychel,Daveley
gosesnaneeg,gosesnaneeg@reverbnation.com,uFV6OJ7zx,Gladi,O'Sesnane
vwandseh,vwandseh@cbslocal.com,qsJ5s3wn,Verene,Wands
dmillmoreei,dmillmoreei@flavors.me,5VBl0Rp12gm,Dexter,Millmore
minstrellej,minstrellej@rakuten.co.jp,TkrEqV4GdFph,Maje,Instrell
tstratheek,tstratheek@themeforest.net,uFWbtH0,Tasia,Strathe
rbeebeel,rbeebeel@seesaa.net,w15kWa,Ronnie,Beebe
dipsleyem,dipsleyem@wired.com,2QhYWR3cetz,Desiree,Ipsley
gpostonen,gpostonen@omniture.com,HVVrcF,Grantley,Poston
dwarloweo,dwarloweo@behance.net,CzjqMtzw,Dilly,Warlow
vmccomasep,vmccomasep@mail.ru,aMHQtAw5eIe,Valaria,McComas
rfullagereq,rfullagereq@cocolog-nifty.com,apa13X,Rosina,Fullager
ggerardeauxer,ggerardeauxer@salon.com,cSGbsFDnlL,Gale,Gerardeaux
cgoodshipes,cgoodshipes@vkontakte.ru,EYbxYauU30cf,Cosimo,Goodship
gleechet,gleechet@archive.org,3fwY3sO0tj,Ginnie,Leech
gluttyeu,gluttyeu@gnu.org,xBHR3Q,Giorgio,Lutty
bpyleev,bpyleev@whitehouse.gov,DFuvqk6E3V,Bethanne,Pyle
wadolfew,wadolfew@earthlink.net,Bfaq0RUtT,Waldemar,Adolf
jtrynorex,jtrynorex@ezinearticles.com,aPotfJ,Johannes,Trynor
ecassleyey,ecassleyey@jiathis.com,NqxcisEyq,Ezequiel,Cassley
ldawsez,ldawsez@theglobeandmail.com,AEUOoY8d2,Leanna,Daws
asaffillf0,asaffillf0@symantec.com,iTkQHK,Anna-maria,Saffill
lsmaridgef1,lsmaridgef1@ed.gov,hOoJ6cFBf3w,Lenette,Smaridge
pcowserf2,pcowserf2@samsung.com,zN58Vm,Patsy,Cowser
bdebischopf3,bdebischopf3@cnet.com,y070Nro,Bondon,De Bischop
wfoxleyf4,wfoxleyf4@shutterfly.com,BmA2Q75,Wyatan,Foxley
fcholoninf5,fcholoninf5@bloomberg.com,SbcrJWc,Freeman,Cholonin
rleathamf6,rleathamf6@mozilla.com,yQ89mb,Remy,Leatham
gcherrief7,gcherrief7@hubpages.com,fc7Z3yFjr,Gregg,Cherrie
bchristoffelsf8,bchristoffelsf8@yelp.com,aWv7MlIcWMJd,Birch,Christoffels
ahabeshawf9,ahabeshawf9@acquirethisname.com,2lO1zqV,Adeline,Habeshaw
mgorriessenfa,mgorriessenfa@infoseek.co.jp,9wTi5JFrwK,Miltie,Gorriessen
jtrangmarfb,jtrangmarfb@icio.us,Swp0JTi5,Joyce,Trangmar
yolssonfc,yolssonfc@geocities.com,OYB5uQFWxZ,Yorker,Olsson
lfonteynefd,lfonteynefd@symantec.com,kmEGlO72,Laraine,Fonteyne
btembridgefe,btembridgefe@tiny.cc,wVCBoHI,Birgitta,Tembridge
amontgomeryff,amontgomeryff@live.com,XzDFRaa,Adelind,Montgomery
sastleyfg,sastleyfg@bloomberg.com,K56rzuJ1SIIs,Stu,Astley
tpenhallfh,tpenhallfh@rambler.ru,CwFY4BEXGkG,Tanya,Penhall
dmorphewfi,dmorphewfi@cdc.gov,R1AMy5u81,Dorotea,Morphew
gclowleyfj,gclowleyfj@xing.com,HFgeDkS,Gasparo,Clowley
mmurrayfk,mmurrayfk@psu.edu,5Pjrm4BZXtT4,Madeline,Murray
khannafl,khannafl@howstuffworks.com,iG9AQIPR6,Kristoforo,Hanna
jzukiermanfm,jzukiermanfm@photobucket.com,WXiZfj,Jaimie,Zukierman
ttussainefn,ttussainefn@sitemeter.com,rkqgl1Ejw,Tammy,Tussaine
amizenfo,amizenfo@wix.com,RWjxHpJQD,Alexa,Mizen
tdibsonfp,tdibsonfp@yandex.ru,QD0tW8,Tibold,Dibson
ablackhallfq,ablackhallfq@china.com.cn,mHPha3,Anselma,Blackhall
lgorriefr,lgorriefr@parallels.com,YgmBeTdgi,Lisa,Gorrie
cgreenwayfs,cgreenwayfs@google.ca,e4qiaU6T,Carlie,Greenway
cballstonft,cballstonft@ucoz.ru,XPug9M2,Cathryn,Ballston
cstrettlefu,cstrettlefu@businesswire.com,xcKqzlwA4x,Carola,Strettle
shriinchenkofv,shriinchenkofv@wikispaces.com,uAG6NfJIA,Shina,Hriinchenko
hgabrielifw,hgabrielifw@shop-pro.jp,Nm7fgm,Harcourt,Gabrieli
hgaitleyfx,hgaitleyfx@wiley.com,XWjEb85Y6,Hestia,Gaitley
hkretschmerfy,hkretschmerfy@mozilla.org,ec7hwYXwqT4,Hannis,Kretschmer
lcallawayfz,lcallawayfz@quantcast.com,n2SftVJx2Q,Lorita,Callaway
rrollinsg0,rrollinsg0@google.pl,7Fql9tv,Ram,Rollins
ttearnyg1,ttearnyg1@hubpages.com,IxKn1PHkrm,Thorndike,Tearny
dmorgang2,dmorgang2@homestead.com,4LUjyCI8,Domini,Morgan
tkeegang3,tkeegang3@wunderground.com,1CNMgkEsXc,Tiphani,Keegan
ghinchcliffeg4,ghinchcliffeg4@biblegateway.com,QF0gj6hVJr,Graehme,Hinchcliffe
lwitchallsg5,lwitchallsg5@howstuffworks.com,6S0xNjJWbr,Lavina,Witchalls
dablesong6,dablesong6@moonfruit.com,fiNDGAsibjLa,Daryl,Ableson
cquaifeg7,cquaifeg7@blogs.com,Su0G4l30zpam,Carline,Quaife
fborgesiog8,fborgesiog8@army.mil,FmpsU7DA,Florance,Borgesio
whillhouseg9,whillhouseg9@upenn.edu,1NVO9Y,Wilone,Hillhouse
fstanyerga,fstanyerga@comcast.net,yMNTQrpDN6U,Fax,Stanyer
scohangb,scohangb@people.com.cn,p46teYmcUVwv,Shurlock,Cohan
pbassomgc,pbassomgc@wikispaces.com,K5gzK2,Prisca,Bassom
oodesongd,oodesongd@globo.com,M85ziToi7X,Ossie,Odeson
bbarnwillge,bbarnwillge@paginegialle.it,DQuD2qkx57DN,Beret,Barnwill
ssavinsgf,ssavinsgf@last.fm,jI3nGVNcyBN,Silvan,Savins
hriseboroughgg,hriseboroughgg@huffingtonpost.com,l5AlAQrrE,Hannie,Riseborough
bcadwalladergh,bcadwalladergh@jugem.jp,9NB66qinp,Beaufort,Cadwallader
swoollamgi,swoollamgi@twitter.com,3kl6mKFNJhY,Smitty,Woollam
lmodengj,lmodengj@google.nl,e9sBI7J,Laurene,Moden
jvedyaevgk,jvedyaevgk@npr.org,kFuIXb,Jesselyn,Vedyaev
mhessenthalergl,mhessenthalergl@si.edu,ZUnxmLgpDNXU,Maryjane,Hessenthaler
clahiffgm,clahiffgm@admin.ch,kBxYOf,Corrinne,Lahiff
hastellgn,hastellgn@sourceforge.net,gmQJd9YT,Hana,Astell
cpibworthgo,cpibworthgo@ehow.com,vvwsR39W8k,Chrotoem,Pibworth
sheatliegp,sheatliegp@twitpic.com,OVYXL2l,Stan,Heatlie
rkalinskygq,rkalinskygq@quantcast.com,0OK87eev81,Rosemary,Kalinsky
nmcenhillgr,nmcenhillgr@vkontakte.ru,G6pgRyfRfz,Nesta,McEnhill
czanardiigs,czanardiigs@slideshare.net,dec6Acevxz,Casper,Zanardii
gchickengt,gchickengt@utexas.edu,ioWlYK9,Gloria,Chicken
zshelpergu,zshelpergu@yelp.com,rycHEhB,Zora,Shelper
fmarshlandgv,fmarshlandgv@so-net.ne.jp,6pDTE7fGTIs,Fernando,Marshland
hangeligw,hangeligw@wikispaces.com,29RIZf,Henryetta,Angeli
bboullingx,bboullingx@youku.com,0d0AVHfDK8aA,Brigid,Boullin
rberrickgy,rberrickgy@home.pl,ZvQZ3jE4z,Renell,Berrick
mbockegz,mbockegz@chronoengine.com,g88meNci,Malynda,Bocke
adoegh0,adoegh0@phpbb.com,s637pIX5A,Aigneis,Doeg
bmalleboneh1,bmalleboneh1@1und1.de,5BVjnkAA,Bellina,Mallebone
aclenchh2,aclenchh2@msu.edu,bGCJ8PTY,Amil,Clench
rnelthorpeh3,rnelthorpeh3@reuters.com,MYkD9CbL,Rudiger,Nelthorpe
cbillingslyh4,cbillingslyh4@zimbio.com,DbdT3mK,Clarisse,Billingsly
spancasth5,spancasth5@goo.ne.jp,nJRYpe,Sasha,Pancast
shenburyh6,shenburyh6@surveymonkey.com,RQWCeggX,Sibley,Henbury
hlaurenzh7,hlaurenzh7@wisc.edu,uPJEQiA,Hill,Laurenz
shurnellh8,shurnellh8@reuters.com,Wn3hjBNL,Sybilla,Hurnell
deasemanh9,deasemanh9@dedecms.com,0gILhgjSFiiE,Dalton,Easeman
astollwerkha,astollwerkha@army.mil,TUgKHeIqA,Abbye,Stollwerk
msheereshb,msheereshb@t-online.de,ROAknUKrMEG,Martina,Sheeres
ryohc,ryohc@princeton.edu,qrnERnD,Rois,Yo
rmowburyhd,rmowburyhd@artisteer.com,aPoIDoM,Randal,Mowbury
lhallfordhe,lhallfordhe@usgs.gov,bMYAJw,Letisha,Hallford
bstonuaryhf,bstonuaryhf@msu.edu,fOtWGBLHkwWS,Belita,Stonuary
ejankovichg,ejankovichg@harvard.edu,3SeFR1KKEj1,Enrique,Jankovic
jzammitthh,jzammitthh@techcrunch.com,p3lLxwWw7sa,Jerry,Zammitt
wschrinelhi,wschrinelhi@360.cn,n8YEG9,Will,Schrinel
edochartyhj,edochartyhj@whitehouse.gov,fneZxLaLB3,Ertha,Docharty
rjosipovichk,rjosipovichk@icq.com,wLpdLUY78,Roby,Josipovic
cpaulouhl,cpaulouhl@google.com,lOtTUA6,Ced,Paulou
kplantehm,kplantehm@geocities.com,8WKgl0GqoytL,Kiel,Plante
wollarenshawhn,wollarenshawhn@hao123.com,ETwVsx,Winfred,Ollarenshaw
rskellonho,rskellonho@eepurl.com,AgvqyUrlLu,Rona,Skellon
cmarklundhp,cmarklundhp@paypal.com,PS52oaV,Chadwick,Marklund
tgatehousehq,tgatehousehq@cloudflare.com,Nn5QJEZRsR,Tedman,Gatehouse
pastellhr,pastellhr@blog.com,fQOq3wX34YJ,Phillip,Astell
lmcphelimyhs,lmcphelimyhs@dropbox.com,LZADxz,Lucien,McPhelimy
khogsdenht,khogsdenht@printfriendly.com,3KyySJ3,Karel,Hogsden
sflaghu,sflaghu@google.com.au,6mgnYcJHo,Sharlene,Flag
bnicolsonhv,bnicolsonhv@diigo.com,I4p6ojk4w,Bianca,Nicolson
vcrickmoorhw,vcrickmoorhw@fda.gov,p35mfMScRwCt,Vonni,Crickmoor
wlindenfeldhx,wlindenfeldhx@harvard.edu,GbcoInj,Wake,Lindenfeld
szielinskihy,szielinskihy@wikipedia.org,P5cqiFmz,Sheree,Zielinski
kdovehz,kdovehz@fema.gov,sM7bGsomZWG,Kiah,Dove
sspieghti0,sspieghti0@pen.io,9OKnbr,Symon,Spieght
rdaykini1,rdaykini1@barnesandnoble.com,YbTpXIIR3,Rubina,Daykin
vrowdeni2,vrowdeni2@chron.com,d1QyPsN,Velma,Rowden
yallabushi3,yallabushi3@fc2.com,ZjnBvs,Yelena,Allabush
jmaccarii4,jmaccarii4@edublogs.org,gVjxOZJyG,Jannelle,Maccari
kblacksteri5,kblacksteri5@marriott.com,duIpQ84B,Karil,Blackster
atomaseki6,atomaseki6@cornell.edu,qF9tc8,Annabela,Tomasek
kshallowi7,kshallowi7@tamu.edu,69HY1irFAn,Kalle,Shallow
gcarlilli8,gcarlilli8@vkontakte.ru,L3sAZfAKP,Grazia,Carlill
bmarcinkowskii9,bmarcinkowskii9@com.com,cqXiVsI,Bartel,Marcinkowski
shakeia,shakeia@google.com.br,M4UYgpXsGmGP,Samson,Hake
sshrubsallib,sshrubsallib@usgs.gov,6Je1iNLK3g,Saunders,Shrubsall
ethoresbieic,ethoresbieic@e-recht24.de,GXjLMyru0hZT,Eirena,Thoresbie
asokaleid,asokaleid@chron.com,sFCXSQ,Amery,Sokale
chenworthie,chenworthie@slate.com,UaSe0D9DRp,Cherise,Henworth
pfrancescoif,pfrancescoif@unc.edu,W0PzhkAH5VSQ,Penrod,Francesco
cregusig,cregusig@noaa.gov,TZ8pjRSvZS52,Cynde,Regus
bwhichelowih,bwhichelowih@qq.com,zjaivvu,Barde,Whichelow
cquarringtonii,cquarringtonii@virginia.edu,QvSTKDD,Cosette,Quarrington
asteggalsij,asteggalsij@youtu.be,86xxa2Oe0V,Anitra,Steggals
kcomettoik,kcomettoik@purevolume.com,kxgASLhk8A,Krispin,Cometto
hupjohnil,hupjohnil@mail.ru,PZHybX4,Hastings,Upjohn
lmcgillivrayim,lmcgillivrayim@salon.com,hRE18PCb6bpY,Lynne,McGillivray
jdebiasiin,jdebiasiin@webeden.co.uk,PBzf62l7okV,Juliet,De Biasi
sstangroomio,sstangroomio@infoseek.co.jp,JDhHGJjN,Salomi,Stangroom
gmavinip,gmavinip@xinhuanet.com,nSRekg2wC5,Geri,Mavin
bpauweliq,bpauweliq@soundcloud.com,qu1Zs5,Binni,Pauwel
dbornir,dbornir@rakuten.co.jp,9uaydtYo,Denna,Born
aboggsis,aboggsis@admin.ch,BwVGPCiOdEI,Adrienne,Boggs
enoteyoungit,enoteyoungit@shop-pro.jp,4V0aZv,Ema,Noteyoung
hallwelliu,hallwelliu@seesaa.net,spp1Vn90,Hilarius,Allwell
mantonognoliiv,mantonognoliiv@gizmodo.com,gZHBwpA5GsuX,Myrvyn,Antonognoli
bkingdomiw,bkingdomiw@technorati.com,Pu14ISekNi,Boote,Kingdom
bmosconeix,bmosconeix@ameblo.jp,flQoW2X,Brittany,Moscone
shehliy,shehliy@apache.org,pDfZx4,Silvan,Hehl
tpentelowiz,tpentelowiz@mac.com,nl3Sw5r,Tymothy,Pentelow
npuzeyj0,npuzeyj0@addtoany.com,6R2IF6AWhE,Neila,Puzey
jplacidej1,jplacidej1@domainmarket.com,r08NNGQsMXqQ,Jacynth,Placide
vsergeantj2,vsergeantj2@altervista.org,Kfc0JiM,Verney,Sergeant
lbaggelleyj3,lbaggelleyj3@vistaprint.com,s5Gz82mm31V,Lyda,Baggelley
jmcmorranj4,jmcmorranj4@i2i.jp,9u018S6HOf1,Judy,McMorran
myoullj5,myoullj5@dedecms.com,0fsNq2,Manda,Youll
nbloxsumj6,nbloxsumj6@desdev.cn,mNy0ixs,Nerty,Bloxsum
egemnettj7,egemnettj7@wunderground.com,qKcvLWcv,Evangelin,Gemnett
jkinnardj8,jkinnardj8@yolasite.com,IeCKWiMwN0Ca,Julienne,Kinnard
fsancraftj9,fsancraftj9@howstuffworks.com,2YFMQFxJ,Fawn,Sancraft
afozzardja,afozzardja@wunderground.com,LasDGG1E,Alexa,Fozzard
jverdeyjb,jverdeyjb@sakura.ne.jp,1QIT2H,Jilleen,Verdey
kswofferjc,kswofferjc@twitpic.com,3St49WR,Kalle,Swoffer
lmounseyjd,lmounseyjd@quantcast.com,MaLdtawE,Lorrie,Mounsey
gbartkeje,gbartkeje@constantcontact.com,HzteskURVsU3,Gwendolin,Bartke
chundayjf,chundayjf@sitemeter.com,WuQMmv,Caterina,Hunday
mjasikjg,mjasikjg@youtu.be,dJ2S6U,Matthew,Jasik
rrissomjh,rrissomjh@moonfruit.com,xoKFDVq7ur,Roarke,Rissom
ybowermanji,ybowermanji@myspace.com,o2rNVrj,Yolane,Bowerman
mmcshirriejj,mmcshirriejj@ifeng.com,qUBVdkFRE,Marcy,McShirrie
jargontjk,jargontjk@sfgate.com,AMPP4DPJjAhO,Jae,Argont
nfrowdejl,nfrowdejl@yahoo.co.jp,hLuXpjzKfxn1,Niven,Frowde
ahunstonejm,ahunstonejm@yolasite.com,z2bEdRd6SkXn,Aubine,Hunstone
emayorjn,emayorjn@dedecms.com,X7RXEXXz,Earlie,Mayor
tsissensjo,tsissensjo@bloglovin.com,2hvN8Dovat57,Trude,Sissens
tchasmerjp,tchasmerjp@eepurl.com,u8E3U6P1,Terrye,Chasmer
spetyaninjq,spetyaninjq@photobucket.com,VKND77qxc,Syd,Petyanin
cvennartjr,cvennartjr@ifeng.com,Ms6DrZq,Cory,Vennart
kkelledyjs,kkelledyjs@icq.com,NpEbXQU,Kendell,Kelledy
asileyjt,asileyjt@thetimes.co.uk,2e5UaZsLVuwL,Aldus,Siley
fperigeauxju,fperigeauxju@rakuten.co.jp,EjnqLUK,Flossie,Perigeaux
mlapworthjv,mlapworthjv@seattletimes.com,3Bv9eNTEa,Marve,Lapworth
vgrzeskowskijw,vgrzeskowskijw@go.com,DBicBK,Van,Grzeskowski
qjodkowskijx,qjodkowskijx@apple.com,1gysBtQMOK,Quentin,Jodkowski
dcosselljy,dcosselljy@sfgate.com,h1wbbipo1cPX,Duffie,Cossell
cpomfrettjz,cpomfrettjz@utexas.edu,Uz9EoP,Clayborn,Pomfrett
jghirigorik0,jghirigorik0@apache.org,2DMJXKnjrNP,Jae,Ghirigori
lclougherk1,lclougherk1@xing.com,wSlc1kecw,Leonardo,Clougher
dkeunek2,dkeunek2@rakuten.co.jp,SkHr2IwTfqYJ,Deborah,Keune
cduignank3,cduignank3@marriott.com,oTYNO1nWX,Cal,Duignan
cgavigank4,cgavigank4@4shared.com,DzH8h3dk,Christian,Gavigan
wjereattk5,wjereattk5@time.com,tc46gD,Waylon,Jereatt
kcarlickk6,kcarlickk6@privacy.gov.au,XUj0ld0QbtT,Korrie,Carlick
llowrek7,llowrek7@cbsnews.com,tsPK85uc4E,Lainey,Lowre
lroperk8,lroperk8@over-blog.com,M0iiSp7mqeDF,Lorianne,Roper
mlynaghk9,mlynaghk9@digg.com,51FvHXZS,Martino,Lynagh
jkobischka,jkobischka@youtube.com,ooyl7n,Julee,Kobisch
eferronekb,eferronekb@irs.gov,avZvPD,Ernest,Ferrone
dbachskc,dbachskc@engadget.com,T2UXNiHW,Deni,Bachs
cspillingkd,cspillingkd@drupal.org,VsrvuoH,Cacilia,Spilling
idilliwayke,idilliwayke@studiopress.com,iUE4d5SU,Ivan,Dilliway
dwillmorekf,dwillmorekf@engadget.com,lmSrJuc7ct,Den,Willmore
mferrilliokg,mferrilliokg@over-blog.com,sOszslY,Melony,Ferrillio
cbesseykh,cbesseykh@cnet.com,v1CxjN,Carling,Bessey
rgotobedki,rgotobedki@dailymotion.com,TCMtGEMHUal5,Rachelle,Gotobed
lgallihawkkj,lgallihawkkj@jigsy.com,YuyjcIPT35a,Lilah,Gallihawk
agullanekk,agullanekk@yelp.com,DmVrRsKb,Averill,Gullane
dbendarekl,dbendarekl@washington.edu,iVOXPYRZY,Dorice,Bendare
eoakekm,eoakekm@intel.com,d90CRQ,Elroy,Oake
mbiddwellkn,mbiddwellkn@gmpg.org,pOLiqs9i3,Marge,Biddwell
oticicko,oticicko@hao123.com,faIcrryglNF,Othilie,Ticic
rhallittkp,rhallittkp@techcrunch.com,AFzvEOdv,Russ,Hallitt
lupstellkq,lupstellkq@archive.org,zpNuYRIHNZ,Lise,Upstell
pyessonkr,pyessonkr@stanford.edu,qfkpuD0b,Paulo,Yesson
zkupisks,zkupisks@bloomberg.com,RhFERd,Zechariah,Kupis
captedkt,captedkt@fema.gov,wQt7tneL,Cleve,Apted
sroblinku,sroblinku@nydailynews.com,x7HFNT1YM,Susanne,Roblin
nantoschkv,nantoschkv@cbc.ca,y1gY5D,Nessi,Antosch
owetherskw,owetherskw@un.org,K6bp6I5D6uR,Olivette,Wethers
btolworthiekx,btolworthiekx@nih.gov,k7fDnkimcs,Berti,Tolworthie
jcansdaleky,jcansdaleky@miibeian.gov.cn,K0KAuzqfQT,Julee,Cansdale
bmacalpynekz,bmacalpynekz@google.es,ELQdKK,Benny,MacAlpyne
bkirszl0,bkirszl0@symantec.com,vB3scHgQWN,Blinni,Kirsz
gcorteisl1,gcorteisl1@posterous.com,kbXpDjF,Gwenora,Corteis
awilsteadl2,awilsteadl2@multiply.com,GLrcwvE15,Ann-marie,Wilstead
wfoysterl3,wfoysterl3@qq.com,uomZiaIGmw,Wang,Foyster
rbiddlesl4,rbiddlesl4@miitbeian.gov.cn,OVOZc76jIO,Ronnica,Biddles
bbutterisl5,bbutterisl5@webnode.com,2LURga1,Berry,Butteris
bpendleberyl6,bpendleberyl6@admin.ch,afNQ7z,Bastian,Pendlebery
rmoodeyl7,rmoodeyl7@purevolume.com,Cn35zseP8L,Randene,Moodey
mcoltartl8,mcoltartl8@nifty.com,4PDkHIiBwiCv,Marcie,Coltart
gsangerl9,gsangerl9@mediafire.com,qp6X8OaSBl47,Griffin,Sanger
cdittyla,cdittyla@disqus.com,ziprUdtNo,Clerissa,Ditty
wwoollardlb,wwoollardlb@123-reg.co.uk,97r7mAVX5eB,Wallie,Woollard
bdouganlc,bdouganlc@java.com,gr7dGWK,Bartie,Dougan
dspottiswoodeld,dspottiswoodeld@trellian.com,KaTzb97,Doll,Spottiswoode
agrowcottle,agrowcottle@yelp.com,dFsJ3IUkDeZ2,Ailis,Growcott
bfitchewlf,bfitchewlf@ifeng.com,ZKJRbbxa,Bev,Fitchew
ahucknalllg,ahucknalllg@si.edu,XSufiT5pFF,Almeta,Hucknall
rlittlefairlh,rlittlefairlh@foxnews.com,iLBVaMkAgf9z,Reinaldos,Littlefair
clyosikli,clyosikli@eventbrite.com,HUBAeKdmoF,Corine,Lyosik
teggintonlj,teggintonlj@dedecms.com,K2Hiie,Ted,Egginton
udraudelk,udraudelk@sohu.com,QEBSBZ,Uriah,Draude
rcuxonll,rcuxonll@devhub.com,Ek0yEH99dRIX,Revkah,Cuxon
jgrimbaldestonlm,jgrimbaldestonlm@archive.org,ypIijV,Jereme,Grimbaldeston
csandryln,csandryln@usa.gov,MadCYpa7l,Cinnamon,Sandry
nbrimilcomelo,nbrimilcomelo@dropbox.com,i96b8OL,Norina,Brimilcome
aabotsonlp,aabotsonlp@tuttocitta.it,E5HZPMGL53l,Adrianna,Abotson
ngasslq,ngasslq@rakuten.co.jp,sYe8FMLyHDKg,Nathalia,Gass
mrobsonlr,mrobsonlr@163.com,nIx9nam5gnw,Maren,Robson
mhegells,mhegells@springer.com,VdvK9UCT5x,Millisent,Hegel
cmortimerlt,cmortimerlt@1688.com,PgSrAnni,Cesaro,Mortimer
rdominichellilu,rdominichellilu@last.fm,8UpEGNyb8,Rudolph,Dominichelli
jderobertolv,jderobertolv@oakley.com,dAK00Q,Jobyna,De Roberto
mmotionlw,mmotionlw@bloglines.com,2AMIw5mMATu,Melamie,Motion
sredruplx,sredruplx@pinterest.com,HBCzIZM,Simmonds,Redrup
areddyly,areddyly@shinystat.com,pRsCf4pIYTK,Annamarie,Reddy
gsallterlz,gsallterlz@boston.com,uYiBL2e,Gunther,Sallter
mbattellm0,mbattellm0@shop-pro.jp,OtdEFur,Maryanne,Battell
ccawdronm1,ccawdronm1@delicious.com,d2fvgFFdX8IL,Cleopatra,Cawdron
rgrinsdalem2,rgrinsdalem2@nsw.gov.au,ZGkFmmumn03,Ronny,Grinsdale
cmapplethorpem3,cmapplethorpem3@fema.gov,q0fYWjPIhcm,Christa,Mapplethorpe
gwroughtm4,gwroughtm4@apache.org,GAlYIZnBvmti,Gertrudis,Wrought
bibotsonm5,bibotsonm5@sitemeter.com,xhEl6P,Brigit,Ibotson
gmcphadenm6,gmcphadenm6@cbc.ca,QuTa7l,Gloria,McPhaden
tmcglynnm7,tmcglynnm7@smh.com.au,goLK13SbW,Tasia,McGlynn
dwilprechtm8,dwilprechtm8@army.mil,NmEBfkRf,Dotty,Wilprecht
bsloamm9,bsloamm9@dagondesign.com,eDxrZUD9,Bernetta,Sloam
dcrichleyma,dcrichleyma@drupal.org,BttUVv8aD2Pw,Dorothee,Crichley
cpecholdmb,cpecholdmb@gizmodo.com,rXz5p1w1le,Cindie,Pechold
rwenbanmc,rwenbanmc@cyberchimps.com,Dg6hzptmV,Robin,Wenban
jsewillmd,jsewillmd@ocn.ne.jp,cuV6zb,Joy,Sewill
ksinnottme,ksinnottme@cnn.com,fqULeECZSf8a,Kipper,Sinnott
iteapemf,iteapemf@walmart.com,640srENtN,Isobel,Teape
sfealeymg,sfealeymg@github.io,ubEIbhcB,Shoshana,Fealey
tormondemh,tormondemh@google.fr,0vQJ2NCL,Tania,Ormonde
grebanksmi,grebanksmi@oakley.com,UAbzz2,Gerhardine,Rebanks
mbeardshawmj,mbeardshawmj@usatoday.com,Xr7d38,Montgomery,Beardshaw
sklimentovmk,sklimentovmk@columbia.edu,OGkcIi,Sherry,Klimentov
spurdeyml,spurdeyml@myspace.com,OOukR2,Sandro,Purdey
hbordermm,hbordermm@jalbum.net,eDteMf,Husain,Border
ugoldsburymn,ugoldsburymn@prweb.com,irHOTNEx6Hlj,Ulla,Goldsbury
rtrickeymo,rtrickeymo@infoseek.co.jp,TgyPcgQjodd,Roger,Trickey
apurlemp,apurlemp@skyrock.com,sNurlV,Aurilia,Purle
vthrussellmq,vthrussellmq@delicious.com,AlZbHhn,Valeda,Thrussell
aelleringtonmr,aelleringtonmr@ft.com,uyneF7RJ,Arley,Ellerington
chospitalms,chospitalms@tripod.com,wDjNJe,Constance,Hospital
feyrlmt,feyrlmt@blogspot.com,4EmClZPXt9KH,Fleming,Eyrl
rbahikemu,rbahikemu@harvard.edu,zeaS3wEc3,Roanna,Bahike
hryalmv,hryalmv@tinypic.com,LMJML3EI,Hasty,Ryal
jtrusemw,jtrusemw@artisteer.com,2ZcKgzPC,Jamie,Truse
ddonohuemx,ddonohuemx@latimes.com,Pu4qJ2h5,Darda,Donohue
smeakinmy,smeakinmy@howstuffworks.com,f27xa9mjSb,Stevana,Meakin
ekoopmanmz,ekoopmanmz@sina.com.cn,VkNLRh,Englebert,Koopman
lmusslewhiten0,lmusslewhiten0@illinois.edu,wA4mG5u64oFe,Lacee,Musslewhite
vgotn1,vgotn1@imgur.com,lnZaRGwoz,Vladimir,Got
imeiern2,imeiern2@imdb.com,lPGlGhON,Idell,Meier
akiddern3,akiddern3@statcounter.com,0v8Hbob,Arty,Kidder
bstirtlen4,bstirtlen4@arizona.edu,TztnNwyXu9,Beniamino,Stirtle
ssagen5,ssagen5@tuttocitta.it,FvrUi75,Sander,Sage
mthowesn6,mthowesn6@blinklist.com,MtsrfcgUHaAP,Meridith,Thowes
byakovlivn7,byakovlivn7@loc.gov,ojci4oo,Betta,Yakovliv
epadberryn8,epadberryn8@timesonline.co.uk,mQfj9pKD,Etienne,Padberry
npottien9,npottien9@diigo.com,efMR8hmVOQ,Nettle,Pottie
ewellumna,ewellumna@tuttocitta.it,dV0yvIwa,Ezechiel,Wellum
pleismannb,pleismannb@microsoft.com,OSVB5mLG,Paddy,Leisman
amccarrisonnc,amccarrisonnc@cpanel.net,5sWrnepnnBE,Arvy,McCarrison
cpovernd,cpovernd@pcworld.com,ZaSzZqT9qPQB,Christy,Pover
mlandalne,mlandalne@pcworld.com,xhh3vCnb,Magnum,Landal
bblinmannf,bblinmannf@amazon.com,pGxkgLvyLR,Brooks,Blinman
braithng,braithng@ucoz.com,tE7i5fpGqGE,Baxy,Raith
aenglishbynh,aenglishbynh@histats.com,6tHKUz,Archibaldo,Englishby
rberkelyni,rberkelyni@google.com,7qsuZAE,Rufus,Berkely
rlargentnj,rlargentnj@usgs.gov,A7YvR03,Roselin,L'argent
gweskernk,gweskernk@blogspot.com,rgzvGz,Garret,Wesker
yyongnl,yyongnl@4shared.com,aQ2hivO,Yves,Yong
jmathienm,jmathienm@oaic.gov.au,qfbbr4Aof,Jillana,Mathie
ironcellinn,ironcellinn@tinyurl.com,stpYy7zoCNd,Isobel,Roncelli
eseaterno,eseaterno@exblog.jp,GQjgHG,Ellynn,Seater
gthurgoodnp,gthurgoodnp@admin.ch,BqvXPbF,Gaye,Thurgood
africhleynq,africhleynq@ibm.com,0fN9RuN5,Arie,Frichley
cfensomenr,cfensomenr@squarespace.com,IA1oV4,Cherie,Fensome
sdenslowns,sdenslowns@php.net,UwTP32aMynb1,Sherman,Denslow
ctreleasent,ctreleasent@timesonline.co.uk,dYrJxq2,Cthrine,Trelease
ewasbeynu,ewasbeynu@earthlink.net,mRWbaLZX,Eleni,Wasbey
bcohrsnv,bcohrsnv@aol.com,GO88lP8lNLS,Bobbi,Cohrs
esoapernw,esoapernw@reuters.com,Sj07GSG3,Ethelin,Soaper
bsavilenx,bsavilenx@163.com,C5EFalSF,Britte,Savile
idixonny,idixonny@nature.com,i4jQxXUw,Idaline,Dixon
ccastellonz,ccastellonz@nih.gov,Hty8n7,Conroy,Castello
webdono0,webdono0@state.tx.us,4p3ihX,Walsh,Ebdon
rcrichtono1,rcrichtono1@japanpost.jp,6fIdav2,Ricardo,Crichton
bgronavo2,bgronavo2@spiegel.de,W2kpPGhX,Bobbie,Gronav
fobriano3,fobriano3@taobao.com,ORsI0Q0,Fern,O' Brian
ikarlemano4,ikarlemano4@mozilla.org,aXVJ5C4rqTyy,Inger,Karleman
cmaclachlano5,cmaclachlano5@comcast.net,NYq4Qs,Cobbie,MacLachlan
ppowiso6,ppowiso6@kickstarter.com,yT547Ed2,Patty,Powis
wbillhamo7,wbillhamo7@geocities.com,d8zkn0bOLFVz,Wat,Billham
ecarro8,ecarro8@umich.edu,DVNVTY19,Eveleen,Carr
bhulko9,bhulko9@bravesites.com,zof2zCOGlWi,Burk,Hulk
rsherwelloa,rsherwelloa@state.gov,XLQS0eSfb,Rorie,Sherwell
cpetworthob,cpetworthob@goo.ne.jp,Gdx5Mqe,Collette,Petworth
emarnsoc,emarnsoc@ucla.edu,XEARgEbuGp,Elmer,Marns
jwehdenod,jwehdenod@gizmodo.com,0fKh7iX,Johna,Wehden
rdevaaroe,rdevaaroe@i2i.jp,ukrZ70TCFk,Rivalee,De Vaar
kteersof,kteersof@github.com,GirhMzu43Raj,Keely,Teers
ydunbavinog,ydunbavinog@plala.or.jp,TXMq9P,Yank,Dunbavin
gpennaoh,gpennaoh@symantec.com,5XIHBMWvxr,Georgeta,Penna
edoddemeadeoi,edoddemeadeoi@comcast.net,AlZcwX,Em,Doddemeade
tboakoj,tboakoj@nymag.com,Z9mTTiBz,Thornton,Boak
gputnamok,gputnamok@devhub.com,Ul7CGH,Gusella,Putnam
aschonfeldol,aschonfeldol@xinhuanet.com,4zWCZBfJLfS0,Artemis,Schonfeld
ngiacomettiom,ngiacomettiom@github.com,UKdrqS8zP,Noble,Giacometti
tchristinon,tchristinon@geocities.jp,0PQYiJnrDu,Teodoro,Christin
jveartoo,jveartoo@usnews.com,ZaNrNGIO11,Jeremias,Veart
cpettiferop,cpettiferop@meetup.com,u4gyJque,Candide,Pettifer
cdominettioq,cdominettioq@uol.com.br,FF9mLh1b,Cord,Dominetti
clidgettor,clidgettor@myspace.com,WvAHJH6YjZ,Christabella,Lidgett
blightwingos,blightwingos@msu.edu,C1sGftYEqmSC,Brear,Lightwing
lterrisot,lterrisot@hibu.com,5Co3BOXAxV,Leonore,Terris
hmortlockou,hmortlockou@dagondesign.com,1djZDG,Hakim,Mortlock
eferandezov,eferandezov@wsj.com,tDiMInNmp,Eal,Ferandez
bduckersow,bduckersow@guardian.co.uk,65Nicqn,Byran,Duckers
scrysellox,scrysellox@si.edu,Fm7usNrtOyv,Shalne,Crysell
sduelloy,sduelloy@washingtonpost.com,nT2IH4,Sheffie,Duell
pjewissoz,pjewissoz@amazonaws.com,DPcx4Yk3C,Patience,Jewiss
bbrawsonp0,bbrawsonp0@skype.com,vT4RyIBM,Babara,Brawson
aboeckp1,aboeckp1@globo.com,xkWWuz,Anna-diana,Boeck
pgibbonsp2,pgibbonsp2@squidoo.com,hMGdKH7zjsr,Pattie,Gibbons
jfolliottp3,jfolliottp3@usatoday.com,jSqJISKkO2TQ,Jolene,Folliott
mduetschep4,mduetschep4@ebay.co.uk,hgMkOJtOFGV,Micky,Duetsche
cmaddyp5,cmaddyp5@java.com,Bkp7OY,Carolus,Maddy
cclausenthuep6,cclausenthuep6@dion.ne.jp,zei7AD,Claudine,Clausen-Thue
mjillisp7,mjillisp7@google.pl,8LsRPyvFN,Maggy,Jillis
bnorthinp8,bnorthinp8@buzzfeed.com,rsASTnGPlh,Bjorn,Northin
flaffordp9,flaffordp9@apache.org,LUwGFTw942Op,Faulkner,Lafford
tchidzoypa,tchidzoypa@google.ru,vcu1qA,Tara,Chidzoy
rlaurensonpb,rlaurensonpb@bloomberg.com,WpkUQlB,Renard,Laurenson
clebatteurpc,clebatteurpc@go.com,aGGxmdfEZF8W,Ciro,Le Batteur
mthumannpd,mthumannpd@prweb.com,FQGgWFBPSSNp,Mohammed,Thumann
ghunnawillpe,ghunnawillpe@cdbaby.com,ioLeB6xpD05,Gale,Hunnawill
seadmeadspf,seadmeadspf@bravesites.com,M4qUzrvI,Sollie,Eadmeads
fmartypg,fmartypg@usda.gov,NY0jYC9x,Faunie,Marty
rsollomph,rsollomph@salon.com,mFxNVNJB3Gi,Rosalia,Sollom
eomahonypi,eomahonypi@a8.net,1w8b6v29lL,Evelina,O' Mahony
akenningleypj,akenningleypj@paypal.com,98BfqTufL3l,Aland,Kenningley
svidgenpk,svidgenpk@newsvine.com,MxP4SNDtw,Sol,Vidgen
mmohamedpl,mmohamedpl@ftc.gov,CC77A26iO,Minor,Mohamed
kmaccarlichpm,kmaccarlichpm@google.ru,zI26pD9De,Kaylee,MacCarlich
arosenscheinpn,arosenscheinpn@parallels.com,kXz5KEPAnso,Aretha,Rosenschein
ggerhtspo,ggerhtspo@wunderground.com,zWY3uwFPGo,Gabie,Gerhts
csyselandpp,csyselandpp@chronoengine.com,cCgXYb2UE,Codi,Syseland
pidienspq,pidienspq@sourceforge.net,2J950YnDh,Patrizius,Idiens
mdeerrpr,mdeerrpr@netlog.com,yaDx9Z,Merrili,Deerr
lbromilowps,lbromilowps@yahoo.co.jp,tw7SSm1b,Lezley,Bromilow
shubeauxpt,shubeauxpt@multiply.com,Bwrhz2Z1,Stephan,Hubeaux
sgirhardpu,sgirhardpu@jugem.jp,7hbYEpx,Shell,Girhard
npoutonpv,npoutonpv@github.io,H1QcmDp34Upk,Nari,Pouton
lmalespw,lmalespw@tinypic.com,tOIRF7CW0kd,Lynnell,Males
calderseypx,calderseypx@yellowpages.com,5p7G9gI2,Caryl,Aldersey
mmccarlypy,mmccarlypy@google.de,juNMIYyCUq,Marinna,McCarly
rmuttockpz,rmuttockpz@dropbox.com,FgAOIKrCi,Rodrique,Muttock
sbuneyq0,sbuneyq0@g.co,u8pWQBw2x,Silvana,Buney
rpriskq1,rpriskq1@networkadvertising.org,IOLHGiJLFU,Romain,Prisk
vdimberlineq2,vdimberlineq2@dagondesign.com,MkgwOZ,Valenka,Dimberline
nsinnockeq3,nsinnockeq3@scientificamerican.com,aBUyzkLN0h,Natty,Sinnocke
scumberlandq4,scumberlandq4@spotify.com,cLBAj5,Sisile,Cumberland
acreeq5,acreeq5@reference.com,VzqtaD73CdY,Allegra,Cree
kelsegoodq6,kelsegoodq6@purevolume.com,eCQp0j0,Kathryne,Elsegood
taudenisq7,taudenisq7@sourceforge.net,lWIoG8gM,Tull,Audenis
bmalsherq8,bmalsherq8@intel.com,zMJWXXVCxjrp,Blake,Malsher
lzettlerq9,lzettlerq9@alexa.com,nXTOdQM,Lyndsay,Zettler
gtrevershqa,gtrevershqa@accuweather.com,Ctvc4VpsFK8,Giacobo,Treversh
gcaesmansqb,gcaesmansqb@wufoo.com,y2yfwtxQM,Golda,Caesmans
jgildersleeveqc,jgildersleeveqc@miibeian.gov.cn,LIGcga,Jose,Gildersleeve
adeamayaqd,adeamayaqd@xing.com,Mt7ElZ29yNOJ,Arlinda,de Amaya
cealdenqe,cealdenqe@behance.net,xnSR0DaZ,Cassandra,Ealden
hveckqf,hveckqf@mashable.com,ttYuss,Halie,Veck
jwardingleyqg,jwardingleyqg@github.io,BTt3p1p,Jess,Wardingley
pboomqh,pboomqh@mapy.cz,CKClCWIc,Purcell,Boom
cmoringqi,cmoringqi@istockphoto.com,3hv0bU7NKSI,Chuck,Moring
rfinesqj,rfinesqj@chron.com,XYgPID,Ricky,Fines
aglantonqk,aglantonqk@paginegialle.it,cwOSj3h,Amble,Glanton
mhansellql,mhansellql@drupal.org,gvDzJT0YfJ5,Mattie,Hansell
cdomanqm,cdomanqm@forbes.com,pBEv5hdR1jMG,Coleen,Doman
dcofaxqn,dcofaxqn@rakuten.co.jp,XpCnzA4,Dillon,Cofax
owrangleqo,owrangleqo@i2i.jp,ecMB2NrXdn,Othilie,Wrangle
cnisbyqp,cnisbyqp@google.ru,g1P704mH,Cy,Nisby
cbubbqq,cbubbqq@columbia.edu,WUzAxLveWw,Cletis,Bubb
amacgheeqr,amacgheeqr@indiatimes.com,ojkllIEH5Job,Arnaldo,MacGhee
eheadingtonqs,eheadingtonqs@blinklist.com,GddQuf1hCxqn,Ellery,Headington
btolumelloqt,btolumelloqt@delicious.com,3n3REY,Ben,Tolumello
mwittringtonqu,mwittringtonqu@bing.com,aMDqOPvYw,Marlo,Wittrington
enicholesqv,enicholesqv@deviantart.com,zWHxvh,Elfreda,Nicholes
pvaneqw,pvaneqw@vinaora.com,s9GQhXV4NC,Petey,Vane
mfridayeqx,mfridayeqx@domainmarket.com,YYtXappd,Martelle,Fridaye
mkingsnodeqy,mkingsnodeqy@gmpg.org,0ZGOgeJf9Y8p,Marti,Kingsnode
medgerleyqz,medgerleyqz@desdev.cn,ErBNSIcbB,Marielle,Edgerley
sgepsonr0,sgepsonr0@mtv.com,DnfJChoHn4,Stefan,Gepson
cevequotr1,cevequotr1@sourceforge.net,SMxYcu,Chantalle,Evequot
cfozzardr2,cfozzardr2@mlb.com,rH6O7a,Carmel,Fozzard
gpeddenr3,gpeddenr3@mlb.com,BFN7HYFbk,Gael,Pedden
gbuessenr4,gbuessenr4@mashable.com,TshJTRT1,Gipsy,Buessen
rkingswooder5,rkingswooder5@wordpress.org,2DHZTiIBKnDu,Rafaelia,Kingswoode
jfriattr6,jfriattr6@mit.edu,2N12iZKpt,Joseito,Friatt
lborgner7,lborgner7@ustream.tv,fw3J6DnBGSva,Lonna,Borgne
sdellor8,sdellor8@cam.ac.uk,8J6dnODBfZVJ,Sherilyn,Dello
scaddier9,scaddier9@spotify.com,HgqqYA8Z,Shari,Caddie
vbowra,vbowra@mapy.cz,Di165yFhjg,Vito,Bow
rsumptionrb,rsumptionrb@hp.com,wTEs7f,Ransell,Sumption
lsomervillerc,lsomervillerc@lulu.com,wfdNZzzJ,Letty,Somerville
ajessuprd,ajessuprd@geocities.com,3O8ThYNbk,Adam,Jessup
lduffetre,lduffetre@hud.gov,u3tIKFYZQdu,Lilah,Duffet
hlowthianrf,hlowthianrf@myspace.com,802Reno,Hayley,Lowthian
akattenhornrg,akattenhornrg@gravatar.com,rTb0im9UIQH,Ajay,Kattenhorn
kweatheruprh,kweatheruprh@vk.com,KsmoXF,Killian,Weatherup
sthewlessri,sthewlessri@cnn.com,VYikpci0bWP,Shae,Thewless
bskeltonrj,bskeltonrj@histats.com,Rt7SRQunpDu,Billie,Skelton
tshakshaftrk,tshakshaftrk@salon.com,H5m1Owh8Oio,Tanney,Shakshaft
jdillistonerl,jdillistonerl@oracle.com,NldknvFaR,Jacynth,Dillistone
igillingsrm,igillingsrm@cafepress.com,voYdhVvT5i8l,Ingaberg,Gillings
hgaddesbyrn,hgaddesbyrn@hhs.gov,uQU0ex,Hettie,Gaddesby
diacoporo,diacoporo@sitemeter.com,IaTEWxLgLc,Dniren,Iacopo
hpharoahrp,hpharoahrp@dropbox.com,tVmveq62QdZ,Hetti,Pharoah
gpittolirq,gpittolirq@nature.com,BlRmnn,Gianna,Pittoli
lpullmanrr,lpullmanrr@umn.edu,CyQexXSxlD,Leonidas,Pullman
